split,transition_index,segment,attention_weight
0,6,1,0.05112091824412346
0,6,2,0.04365936666727066
0,6,3,0.04054505378007889
0,6,4,0.045249175280332565
0,6,5,0.07295075058937073
0,6,6,0.03832871839404106
0,6,7,0.05216101557016373
0,6,8,0.07853269577026367
0,6,9,0.055430300533771515
0,6,10,0.04344405606389046
0,6,11,0.046206455677747726
0,6,12,0.04280316084623337
0,6,13,0.07731515914201736
0,6,14,0.04963284358382225
0,6,15,0.07316479086875916
0,6,16,0.08558008074760437
0,6,17,0.04810580238699913
0,6,18,0.055769652128219604
0,7,1,0.052998583763837814
0,7,2,0.04188089445233345
0,7,3,0.03642980381846428
0,7,4,0.052393924444913864
0,7,5,0.06661321222782135
0,7,6,0.0498301237821579
0,7,7,0.052221521735191345
0,7,8,0.07305321097373962
0,7,9,0.05703296884894371
0,7,10,0.03995784744620323
0,7,11,0.052259787917137146
0,7,12,0.039416469633579254
0,7,13,0.06664574891328812
0,7,14,0.048741213977336884
0,7,15,0.0741674080491066
0,7,16,0.09311766177415848
0,7,17,0.05499556288123131
0,7,18,0.04824398085474968
0,8,1,0.051084116101264954
0,8,2,0.04302239045500755
0,8,3,0.03972733020782471
0,8,4,0.04778449237346649
0,8,5,0.06445824354887009
0,8,6,0.042118221521377563
0,8,7,0.050433527678251266
0,8,8,0.08258435875177383
0,8,9,0.058176323771476746
0,8,10,0.04163435846567154
0,8,11,0.05380431190133095
0,8,12,0.04488663375377655
0,8,13,0.06890081614255905
0,8,14,0.04798908904194832
0,8,15,0.07578366994857788
0,8,16,0.08372119814157486
0,8,17,0.046700362116098404
0,8,18,0.05719055235385895
0,39,1,0.05380813032388687
0,39,2,0.041587769985198975
0,39,3,0.03539177030324936
0,39,4,0.049940865486860275
0,39,5,0.06668794900178909
0,39,6,0.044919975101947784
0,39,7,0.05607467517256737
0,39,8,0.08166788518428802
0,39,9,0.05963292717933655
0,39,10,0.048133302479982376
0,39,11,0.05130021646618843
0,39,12,0.042927086353302
0,39,13,0.07005920261144638
0,39,14,0.04482411965727806
0,39,15,0.065016008913517
0,39,16,0.09618131816387177
0,39,17,0.04958852380514145
0,39,18,0.04225833714008331
0,40,1,0.050235506147146225
0,40,2,0.04579581692814827
0,40,3,0.036987122148275375
0,40,4,0.0438215397298336
0,40,5,0.06664066016674042
0,40,6,0.0408528670668602
0,40,7,0.04984457418322563
0,40,8,0.08054113388061523
0,40,9,0.06466923654079437
0,40,10,0.04360276460647583
0,40,11,0.05183648690581322
0,40,12,0.04143815115094185
0,40,13,0.07237308472394943
0,40,14,0.049613893032073975
0,40,15,0.07971949130296707
0,40,16,0.09037813544273376
0,40,17,0.04552827402949333
0,40,18,0.04612120985984802
0,41,1,0.04365412890911102
0,41,2,0.047325409948825836
0,41,3,0.0396370030939579
0,41,4,0.05221845954656601
0,41,5,0.06457571685314178
0,41,6,0.040641725063323975
0,41,7,0.050506945699453354
0,41,8,0.08328203856945038
0,41,9,0.05992725118994713
0,41,10,0.03886590898036957
0,41,11,0.049912430346012115
0,41,12,0.044042184948921204
0,41,13,0.07706091552972794
0,41,14,0.0471869632601738
0,41,15,0.0731738731265068
0,41,16,0.08484173566102982
0,41,17,0.0506860576570034
0,41,18,0.05246124789118767
0,53,1,0.051408346742391586
0,53,2,0.05072885379195213
0,53,3,0.037300240248441696
0,53,4,0.04245545342564583
0,53,5,0.0759487897157669
0,53,6,0.030881494283676147
0,53,7,0.049851011484861374
0,53,8,0.0771448090672493
0,53,9,0.05390837788581848
0,53,10,0.04237261041998863
0,53,11,0.052147842943668365
0,53,12,0.04627944901585579
0,53,13,0.07839792966842651
0,53,14,0.046528689563274384
0,53,15,0.06647051870822906
0,53,16,0.0860612541437149
0,53,17,0.05242868512868881
0,53,18,0.05968569964170456
0,54,1,0.05308612436056137
0,54,2,0.04801204055547714
0,54,3,0.035679519176483154
0,54,4,0.041723769158124924
0,54,5,0.07402738183736801
0,54,6,0.04957239702343941
0,54,7,0.04959055408835411
0,54,8,0.08170114457607269
0,54,9,0.05989069491624832
0,54,10,0.04325893148779869
0,54,11,0.055552344769239426
0,54,12,0.044790398329496384
0,54,13,0.06668253242969513
0,54,14,0.044550471007823944
0,54,15,0.07460799813270569
0,54,16,0.09074455499649048
0,54,17,0.047586098313331604
0,54,18,0.038943082094192505
0,67,1,0.05749630555510521
0,67,2,0.044240280985832214
0,67,3,0.03956848382949829
0,67,4,0.05116324871778488
0,67,5,0.07003437727689743
0,67,6,0.04262343421578407
0,67,7,0.049155186861753464
0,67,8,0.08076667040586472
0,67,9,0.061399057507514954
0,67,10,0.04495890811085701
0,67,11,0.04686986654996872
0,67,12,0.04495890811085701
0,67,13,0.06712159514427185
0,67,14,0.05152677372097969
0,67,15,0.07169520109891891
0,67,16,0.08175863325595856
0,67,17,0.049395788460969925
0,67,18,0.04526729881763458
0,68,1,0.05330851301550865
0,68,2,0.04580919072031975
0,68,3,0.034338828176259995
0,68,4,0.05198470875620842
0,68,5,0.062339186668395996
0,68,6,0.03936966136097908
0,68,7,0.05222640931606293
0,68,8,0.08376375585794449
0,68,9,0.05716376751661301
0,68,10,0.042999621480703354
0,68,11,0.05528341978788376
0,68,12,0.04105745255947113
0,68,13,0.07154206186532974
0,68,14,0.04689552262425423
0,68,15,0.07136761397123337
0,68,16,0.08778365701436996
0,68,17,0.05655299499630928
0,68,18,0.04621358588337898
0,69,1,0.06060953810811043
0,69,2,0.04284241050481796
0,69,3,0.038430098444223404
0,69,4,0.045217469334602356
0,69,5,0.0851399153470993
0,69,6,0.0396457314491272
0,69,7,0.05023480951786041
0,69,8,0.0778241828083992
0,69,9,0.061458878219127655
0,69,10,0.04382627457380295
0,69,11,0.04722004383802414
0,69,12,0.04184230417013168
0,69,13,0.06650158017873764
0,69,14,0.049083102494478226
0,69,15,0.07389864325523376
0,69,16,0.08203833550214767
0,69,17,0.047607824206352234
0,69,18,0.04657885059714317
0,91,1,0.058874841779470444
0,91,2,0.03492692485451698
0,91,3,0.036827195435762405
0,91,4,0.04801706224679947
0,91,5,0.07759763300418854
0,91,6,0.050003036856651306
0,91,7,0.04925786703824997
0,91,8,0.07422517240047455
0,91,9,0.06262605637311935
0,91,10,0.041819922626018524
0,91,11,0.04649430513381958
0,91,12,0.04425699636340141
0,91,13,0.07089535146951675
0,91,14,0.050518400967121124
0,91,15,0.06417382508516312
0,91,16,0.09152168035507202
0,91,17,0.04524020105600357
0,91,18,0.05272355303168297
0,97,1,0.043213438242673874
0,97,2,0.04869750887155533
0,97,3,0.03451063483953476
0,97,4,0.05519498139619827
0,97,5,0.06941618025302887
0,97,6,0.03458232805132866
0,97,7,0.04985233396291733
0,97,8,0.08500896394252777
0,97,9,0.058941520750522614
0,97,10,0.03633498772978783
0,97,11,0.049428168684244156
0,97,12,0.04557150602340698
0,97,13,0.0774015486240387
0,97,14,0.04584770277142525
0,97,15,0.07601573318243027
0,97,16,0.09272803366184235
0,97,17,0.04780810326337814
0,97,18,0.04944627359509468
0,98,1,0.04889610409736633
0,98,2,0.04506445303559303
0,98,3,0.04233800992369652
0,98,4,0.0461106039583683
0,98,5,0.06684936583042145
0,98,6,0.03908224403858185
0,98,7,0.04444710165262222
0,98,8,0.08099086582660675
0,98,9,0.04566807299852371
0,98,10,0.04374866932630539
0,98,11,0.04911145195364952
0,98,12,0.03919810429215431
0,98,13,0.07934683561325073
0,98,14,0.056817490607500076
0,98,15,0.07043483108282089
0,98,16,0.0963200256228447
0,98,17,0.05355783551931381
0,98,18,0.05201787129044533
0,99,1,0.057205382734537125
0,99,2,0.045134566724300385
0,99,3,0.03652432933449745
0,99,4,0.05255872756242752
0,99,5,0.0599946565926075
0,99,6,0.04242071136832237
0,99,7,0.054055288434028625
0,99,8,0.08025997132062912
0,99,9,0.0624607689678669
0,99,10,0.04503825306892395
0,99,11,0.050681158900260925
0,99,12,0.04292861744761467
0,99,13,0.07473750412464142
0,99,14,0.04788448289036751
0,99,15,0.06640803068876266
0,99,16,0.07357879728078842
0,99,17,0.0514792762696743
0,99,18,0.056649453938007355
0,103,1,0.045135464519262314
0,103,2,0.04613818973302841
0,103,3,0.034744128584861755
0,103,4,0.047111399471759796
0,103,5,0.05716812610626221
0,103,6,0.04409528523683548
0,103,7,0.053730715066194534
0,103,8,0.07935070246458054
0,103,9,0.05781376734375954
0,103,10,0.041028641164302826
0,103,11,0.04918584227561951
0,103,12,0.04427327588200569
0,103,13,0.07728578895330429
0,103,14,0.05313066765666008
0,103,15,0.07627358287572861
0,103,16,0.08533897250890732
0,103,17,0.05297524109482765
0,103,18,0.055220186710357666
0,104,1,0.05161776393651962
0,104,2,0.042792629450559616
0,104,3,0.03283027932047844
0,104,4,0.045741967856884
0,104,5,0.06788340955972672
0,104,6,0.04354086145758629
0,104,7,0.05477271229028702
0,104,8,0.0811268761754036
0,104,9,0.052610136568546295
0,104,10,0.039295095950365067
0,104,11,0.05137887969613075
0,104,12,0.040549881756305695
0,104,13,0.07521349936723709
0,104,14,0.04796643927693367
0,104,15,0.0697992816567421
0,104,16,0.08984312415122986
0,104,17,0.05902133882045746
0,104,18,0.05401576682925224
0,105,1,0.04392553120851517
0,105,2,0.04587649181485176
0,105,3,0.03279045224189758
0,105,4,0.04658187925815582
0,105,5,0.05622277408838272
0,105,6,0.04315224662423134
0,105,7,0.0524693988263607
0,105,8,0.07334622740745544
0,105,9,0.05712210014462471
0,105,10,0.042845189571380615
0,105,11,0.05259764939546585
0,105,12,0.03947626054286957
0,105,13,0.07656650990247726
0,105,14,0.05261049419641495
0,105,15,0.07537945359945297
0,105,16,0.1017814427614212
0,105,17,0.050991836935281754
0,105,18,0.05626396834850311
0,115,1,0.05483479052782059
0,115,2,0.03970630094408989
0,115,3,0.03969902917742729
0,115,4,0.05162582919001579
0,115,5,0.06271509826183319
0,115,6,0.039069242775440216
0,115,7,0.05103682726621628
0,115,8,0.07357241213321686
0,115,9,0.05195457115769386
0,115,10,0.03803166374564171
0,115,11,0.04723593220114708
0,115,12,0.03971114754676819
0,115,13,0.06505436450242996
0,115,14,0.05897294357419014
0,115,15,0.07916326075792313
0,115,16,0.0923706442117691
0,115,17,0.054222408682107925
0,115,18,0.061023466289043427
0,124,1,0.046360503882169724
0,124,2,0.04493413865566254
0,124,3,0.035493798553943634
0,124,4,0.0442834235727787
0,124,5,0.05612660571932793
0,124,6,0.03788686543703079
0,124,7,0.0526488833129406
0,124,8,0.08483394980430603
0,124,9,0.056415095925331116
0,124,10,0.04127668961882591
0,124,11,0.055350955575704575
0,124,12,0.04597165063023567
0,124,13,0.08774082362651825
0,124,14,0.04780295491218567
0,124,15,0.06917187571525574
0,124,16,0.093035489320755
0,124,17,0.05022565647959709
0,124,18,0.050440698862075806
0,125,1,0.048833731561899185
0,125,2,0.044577743858098984
0,125,3,0.034166429191827774
0,125,4,0.04552082344889641
0,125,5,0.06271906942129135
0,125,6,0.0402136892080307
0,125,7,0.05239734426140785
0,125,8,0.08082833141088486
0,125,9,0.05657901242375374
0,125,10,0.040400661528110504
0,125,11,0.04885758087038994
0,125,12,0.043444227427244186
0,125,13,0.07217158377170563
0,125,14,0.05441150814294815
0,125,15,0.07678873836994171
0,125,16,0.0869281142950058
0,125,17,0.05745597556233406
0,125,18,0.053705424070358276
0,126,1,0.04679498076438904
0,126,2,0.04617365449666977
0,126,3,0.036375079303979874
0,126,4,0.049115609377622604
0,126,5,0.06450610607862473
0,126,6,0.037782568484544754
0,126,7,0.05706559121608734
0,126,8,0.08353826403617859
0,126,9,0.0498221255838871
0,126,10,0.03720134496688843
0,126,11,0.048336438834667206
0,126,12,0.03882046416401863
0,126,13,0.07617396116256714
0,126,14,0.05663532763719559
0,126,15,0.07455486804246902
0,126,16,0.0921529158949852
0,126,17,0.05015162378549576
0,126,18,0.05479910969734192
0,127,1,0.04568400979042053
0,127,2,0.060057833790779114
0,127,3,0.037909798324108124
0,127,4,0.048034485429525375
0,127,5,0.06892391294240952
0,127,6,0.04384012892842293
0,127,7,0.04898786544799805
0,127,8,0.07806289941072464
0,127,9,0.06449560075998306
0,127,10,0.043520208448171616
0,127,11,0.04588520899415016
0,127,12,0.04300006106495857
0,127,13,0.0797581821680069
0,127,14,0.043671879917383194
0,127,15,0.07269160449504852
0,127,16,0.08204924315214157
0,127,17,0.048582907766103745
0,127,18,0.04484416916966438
0,144,1,0.05623793229460716
0,144,2,0.03995906561613083
0,144,3,0.041754238307476044
0,144,4,0.04458572342991829
0,144,5,0.07142194360494614
0,144,6,0.05311517044901848
0,144,7,0.05349256470799446
0,144,8,0.07640040665864944
0,144,9,0.05333608016371727
0,144,10,0.04242471605539322
0,144,11,0.040767088532447815
0,144,12,0.04052891582250595
0,144,13,0.0688537061214447
0,144,14,0.047438088804483414
0,144,15,0.07397753745317459
0,144,16,0.08101073652505875
0,144,17,0.06046720966696739
0,144,18,0.054228927940130234
0,145,1,0.05257327854633331
0,145,2,0.04938199743628502
0,145,3,0.036316562443971634
0,145,4,0.05191006883978844
0,145,5,0.05044826120138168
0,145,6,0.0371687114238739
0,145,7,0.04873523861169815
0,145,8,0.0829925611615181
0,145,9,0.06424137204885483
0,145,10,0.04146089404821396
0,145,11,0.052024248987436295
0,145,12,0.04338042438030243
0,145,13,0.06270728260278702
0,145,14,0.046936921775341034
0,145,15,0.05885054171085358
0,145,16,0.09376777708530426
0,145,17,0.07530774921178818
0,145,18,0.05179613083600998
0,146,1,0.039968110620975494
0,146,2,0.04052819311618805
0,146,3,0.029651060700416565
0,146,4,0.04320000857114792
0,146,5,0.091890849173069
0,146,6,0.040389906615018845
0,146,7,0.04656801372766495
0,146,8,0.08160977810621262
0,146,9,0.05276847630739212
0,146,10,0.03638805076479912
0,146,11,0.047347571700811386
0,146,12,0.03652600571513176
0,146,13,0.08717059344053268
0,146,14,0.049996789544820786
0,146,15,0.08081667870283127
0,146,16,0.08802603930234909
0,146,17,0.050858572125434875
0,146,18,0.05629530921578407
0,147,1,0.05698245391249657
0,147,2,0.04449731484055519
0,147,3,0.03041870705783367
0,147,4,0.038268472999334335
0,147,5,0.06211111694574356
0,147,6,0.04836628586053848
0,147,7,0.046128902584314346
0,147,8,0.07824790477752686
0,147,9,0.05481286719441414
0,147,10,0.04298374056816101
0,147,11,0.04191377013921738
0,147,12,0.03765850514173508
0,147,13,0.08236426115036011
0,147,14,0.05127865821123123
0,147,15,0.07365080714225769
0,147,16,0.10411817580461502
0,147,17,0.05754164606332779
0,147,18,0.04865644872188568
0,148,1,0.04243370518088341
0,148,2,0.04430217295885086
0,148,3,0.03429890424013138
0,148,4,0.04333406686782837
0,148,5,0.06712530553340912
0,148,6,0.04426433518528938
0,148,7,0.04718244820833206
0,148,8,0.07430094480514526
0,148,9,0.0574994795024395
0,148,10,0.04091283679008484
0,148,11,0.04580902308225632
0,148,12,0.03303731605410576
0,148,13,0.08849342167377472
0,148,14,0.057024162262678146
0,148,15,0.07354295998811722
0,148,16,0.09121339023113251
0,148,17,0.06433350592851639
0,148,18,0.05089199170470238
0,149,1,0.032128628343343735
0,149,2,0.04562881961464882
0,149,3,0.03368876129388809
0,149,4,0.04308463633060455
0,149,5,0.06555203348398209
0,149,6,0.030376799404621124
0,149,7,0.03652976453304291
0,149,8,0.06730344146490097
0,149,9,0.05365898460149765
0,149,10,0.03789232298731804
0,149,11,0.03706428036093712
0,149,12,0.033361878246068954
0,149,13,0.08786600083112717
0,149,14,0.0794190838932991
0,149,15,0.08790891617536545
0,149,16,0.09321372210979462
0,149,17,0.06300999969244003
0,149,18,0.07231190800666809
0,150,1,0.044045139104127884
0,150,2,0.0414726547896862
0,150,3,0.031240306794643402
0,150,4,0.050745174288749695
0,150,5,0.06698069721460342
0,150,6,0.03855309262871742
0,150,7,0.0525096096098423
0,150,8,0.07615894079208374
0,150,9,0.05665180832147598
0,150,10,0.039186518639326096
0,150,11,0.04740374907851219
0,150,12,0.045598872005939484
0,150,13,0.08162685483694077
0,150,14,0.05407073721289635
0,150,15,0.07112672179937363
0,150,16,0.09632093459367752
0,150,17,0.054308876395225525
0,150,18,0.051999323070049286
0,187,1,0.043684221804142
0,187,2,0.04445889592170715
0,187,3,0.031866561621427536
0,187,4,0.04404565319418907
0,187,5,0.0939243733882904
0,187,6,0.049530934542417526
0,187,7,0.04086880758404732
0,187,8,0.0784001499414444
0,187,9,0.06037622317671776
0,187,10,0.04057552292943001
0,187,11,0.052867185324430466
0,187,12,0.04482400417327881
0,187,13,0.06321198493242264
0,187,14,0.050175994634628296
0,187,15,0.07357823103666306
0,187,16,0.08288796246051788
0,187,17,0.05996490269899368
0,187,18,0.0447583943605423
0,188,1,0.05113969370722771
0,188,2,0.04621214047074318
0,188,3,0.02890470251441002
0,188,4,0.04922861233353615
0,188,5,0.05184366554021835
0,188,6,0.035536035895347595
0,188,7,0.05183101445436478
0,188,8,0.08059164136648178
0,188,9,0.050168927758932114
0,188,10,0.04549013823270798
0,188,11,0.045473482459783554
0,188,12,0.04433070868253708
0,188,13,0.07305777072906494
0,188,14,0.05379056558012962
0,188,15,0.0882105827331543
0,188,16,0.08714034408330917
0,188,17,0.04994284734129906
0,188,18,0.06710707396268845
0,189,1,0.04348636418581009
0,189,2,0.04598686099052429
0,189,3,0.03520558774471283
0,189,4,0.05421553924679756
0,189,5,0.0789794921875
0,189,6,0.0344320610165596
0,189,7,0.05659588426351547
0,189,8,0.08602495491504669
0,189,9,0.05663735419511795
0,189,10,0.03616606816649437
0,189,11,0.04666830599308014
0,189,12,0.051323968917131424
0,189,13,0.07669920474290848
0,189,14,0.05312798544764519
0,189,15,0.07096981257200241
0,189,16,0.08485683798789978
0,189,17,0.042363788932561874
0,189,18,0.04625993221998215
0,190,1,0.045256562530994415
0,190,2,0.04241093620657921
0,190,3,0.031900327652692795
0,190,4,0.0560004860162735
0,190,5,0.0728069618344307
0,190,6,0.044008973985910416
0,190,7,0.04960156977176666
0,190,8,0.08675642311573029
0,190,9,0.05916273966431618
0,190,10,0.04430543631315231
0,190,11,0.05398678034543991
0,190,12,0.04369315505027771
0,190,13,0.08008001744747162
0,190,14,0.04640903323888779
0,190,15,0.07464278489351273
0,190,16,0.08169933408498764
0,190,17,0.04552251100540161
0,190,18,0.04175596684217453
0,191,1,0.05014310032129288
0,191,2,0.04056376963853836
0,191,3,0.0346040315926075
0,191,4,0.049996405839920044
0,191,5,0.06481082737445831
0,191,6,0.03891289234161377
0,191,7,0.049862321466207504
0,191,8,0.08548390120267868
0,191,9,0.05593866482377052
0,191,10,0.05154569819569588
0,191,11,0.047747690230607986
0,191,12,0.0429997518658638
0,191,13,0.07510848343372345
0,191,14,0.04536138474941254
0,191,15,0.07551299035549164
0,191,16,0.09824734926223755
0,191,17,0.048850167542696
0,191,18,0.044310588389635086
0,192,1,0.04915901646018028
0,192,2,0.040623873472213745
0,192,3,0.03418055921792984
0,192,4,0.04783304035663605
0,192,5,0.06900449097156525
0,192,6,0.042465753853321075
0,192,7,0.047728050500154495
0,192,8,0.08520917594432831
0,192,9,0.05970383808016777
0,192,10,0.038953907787799835
0,192,11,0.051795653998851776
0,192,12,0.04097624123096466
0,192,13,0.07530706375837326
0,192,14,0.0461130253970623
0,192,15,0.08380624651908875
0,192,16,0.09505770355463028
0,192,17,0.045094333589076996
0,192,18,0.04698809236288071
0,199,1,0.04705538973212242
0,199,2,0.05106567591428757
0,199,3,0.03501558676362038
0,199,4,0.04873910918831825
0,199,5,0.07743930071592331
0,199,6,0.05157940089702606
0,199,7,0.048407070338726044
0,199,8,0.1025904044508934
0,199,9,0.049199383705854416
0,199,10,0.03616680949926376
0,199,11,0.0492955707013607
0,199,12,0.03904661908745766
0,199,13,0.07064713537693024
0,199,14,0.044091276824474335
0,199,15,0.07081982493400574
0,199,16,0.09106775373220444
0,199,17,0.04495541378855705
0,199,18,0.042818278074264526
0,200,1,0.04732144623994827
0,200,2,0.04180055484175682
0,200,3,0.031945113092660904
0,200,4,0.04715997725725174
0,200,5,0.07589688152074814
0,200,6,0.04482492431998253
0,200,7,0.04606189206242561
0,200,8,0.07263379544019699
0,200,9,0.05155539512634277
0,200,10,0.034351687878370285
0,200,11,0.04171517491340637
0,200,12,0.039890632033348083
0,200,13,0.07876627892255783
0,200,14,0.06466495990753174
0,200,15,0.08246579021215439
0,200,16,0.09947272390127182
0,200,17,0.05012193322181702
0,200,18,0.049350883811712265
0,201,1,0.04781586676836014
0,201,2,0.042602356523275375
0,201,3,0.033642664551734924
0,201,4,0.04617531970143318
0,201,5,0.07666178792715073
0,201,6,0.05263739824295044
0,201,7,0.04540952295064926
0,201,8,0.09397386759519577
0,201,9,0.058492328971624374
0,201,10,0.03760218247771263
0,201,11,0.04610210284590721
0,201,12,0.03964528441429138
0,201,13,0.0740857943892479
0,201,14,0.048913948237895966
0,201,15,0.08022326231002808
0,201,16,0.08539722859859467
0,201,17,0.04438740387558937
0,201,18,0.046231720596551895
0,202,1,0.04412464797496796
0,202,2,0.04714852198958397
0,202,3,0.03706042096018791
0,202,4,0.04469930753111839
0,202,5,0.08488652855157852
0,202,6,0.0446012020111084
0,202,7,0.05029360204935074
0,202,8,0.07624056190252304
0,202,9,0.059274822473526
0,202,10,0.04231012240052223
0,202,11,0.046827323734760284
0,202,12,0.03978794440627098
0,202,13,0.07782022655010223
0,202,14,0.05274586379528046
0,202,15,0.07158641517162323
0,202,16,0.0858452171087265
0,202,17,0.04132748767733574
0,202,18,0.05341975390911102
0,249,1,0.051401372998952866
0,249,2,0.04155249148607254
0,249,3,0.045168161392211914
0,249,4,0.046357981860637665
0,249,5,0.0928262397646904
0,249,6,0.04328165575861931
0,249,7,0.04410838335752487
0,249,8,0.07928227633237839
0,249,9,0.05789097025990486
0,249,10,0.048529401421546936
0,249,11,0.04394714534282684
0,249,12,0.03712031990289688
0,249,13,0.06972762197256088
0,249,14,0.0418451726436615
0,249,15,0.07215209305286407
0,249,16,0.0923290029168129
0,249,17,0.048505716025829315
0,249,18,0.04397398233413696
0,250,1,0.05942489206790924
0,250,2,0.043201081454753876
0,250,3,0.0394829586148262
0,250,4,0.04865536466240883
0,250,5,0.07462655007839203
0,250,6,0.059744928032159805
0,250,7,0.04317999258637428
0,250,8,0.08204130828380585
0,250,9,0.0660509318113327
0,250,10,0.04204607009887695
0,250,11,0.04531304910778999
0,250,12,0.03571672365069389
0,250,13,0.06021350994706154
0,250,14,0.05277622491121292
0,250,15,0.0660509318113327
0,250,16,0.0900607705116272
0,250,17,0.05152849853038788
0,250,18,0.039886243641376495
0,251,1,0.05611297860741615
0,251,2,0.03996774181723595
0,251,3,0.03530910238623619
0,251,4,0.05664980784058571
0,251,5,0.06608496606349945
0,251,6,0.04667286574840546
0,251,7,0.04976190999150276
0,251,8,0.0814845934510231
0,251,9,0.054320212453603745
0,251,10,0.04818382486701012
0,251,11,0.04542503505945206
0,251,12,0.039372120052576065
0,251,13,0.06969746202230453
0,251,14,0.049098189920186996
0,251,15,0.07647297531366348
0,251,16,0.09998336434364319
0,251,17,0.04979837313294411
0,251,18,0.03560449928045273
0,261,1,0.048628270626068115
0,261,2,0.04238327592611313
0,261,3,0.03708430007100105
0,261,4,0.04546507075428963
0,261,5,0.06661317497491837
0,261,6,0.046130333095788956
0,261,7,0.049732863903045654
0,261,8,0.07753720134496689
0,261,9,0.05482126399874687
0,261,10,0.040494274348020554
0,261,11,0.05442120507359505
0,261,12,0.04784514755010605
0,261,13,0.06981000304222107
0,261,14,0.0527082234621048
0,261,15,0.07146549969911575
0,261,16,0.09616734087467194
0,261,17,0.04955107346177101
0,261,18,0.04914146289229393
0,262,1,0.05111772567033768
0,262,2,0.03822703659534454
0,262,3,0.03670743852853775
0,262,4,0.04648076742887497
0,262,5,0.08184558898210526
0,262,6,0.03815477341413498
0,262,7,0.04381949082016945
0,262,8,0.07279498130083084
0,262,9,0.0555826760828495
0,262,10,0.039866454899311066
0,262,11,0.047565605491399765
0,262,12,0.03684920817613602
0,262,13,0.08180564641952515
0,262,14,0.04855114221572876
0,262,15,0.07917268574237823
0,262,16,0.1058126837015152
0,262,17,0.04574897885322571
0,262,18,0.049897029995918274
0,263,1,0.06590119004249573
0,263,2,0.041884228587150574
0,263,3,0.031654488295316696
0,263,4,0.0506022572517395
0,263,5,0.07150012999773026
0,263,6,0.03590455651283264
0,263,7,0.05211939662694931
0,263,8,0.07633480429649353
0,263,9,0.05083753168582916
0,263,10,0.04535403475165367
0,263,11,0.04654306545853615
0,263,12,0.03757458180189133
0,263,13,0.0844949334859848
0,263,14,0.046936746686697006
0,263,15,0.0635935366153717
0,263,16,0.10192033648490906
0,263,17,0.0505899041891098
0,263,18,0.04625421017408371
0,267,1,0.05091152712702751
0,267,2,0.042462948709726334
0,267,3,0.03771664947271347
0,267,4,0.054307617247104645
0,267,5,0.09159435331821442
0,267,6,0.03908826783299446
0,267,7,0.05504176765680313
0,267,8,0.0786130428314209
0,267,9,0.05719247832894325
0,267,10,0.04100668057799339
0,267,11,0.04077644273638725
0,267,12,0.04441937804222107
0,267,13,0.06550750136375427
0,267,14,0.04475683718919754
0,267,15,0.07203379273414612
0,267,16,0.09807465970516205
0,267,17,0.044634073972702026
0,267,18,0.041862066835165024
0,277,1,0.053568337112665176
0,277,2,0.05243613198399544
0,277,3,0.03470050171017647
0,277,4,0.046771641820669174
0,277,5,0.07598740607500076
0,277,6,0.038384173065423965
0,277,7,0.04358798265457153
0,277,8,0.077410489320755
0,277,9,0.06333503872156143
0,277,10,0.04425007849931717
0,277,11,0.04605494812130928
0,277,12,0.047409702092409134
0,277,13,0.07677058130502701
0,277,14,0.04698336869478226
0,277,15,0.06423825025558472
0,277,16,0.0963389053940773
0,277,17,0.04869718849658966
0,277,18,0.043075237423181534
0,278,1,0.04513845220208168
0,278,2,0.05007361248135567
0,278,3,0.030823111534118652
0,278,4,0.04311612620949745
0,278,5,0.06795135885477066
0,278,6,0.04223189502954483
0,278,7,0.061358965933322906
0,278,8,0.06594116240739822
0,278,9,0.07304368913173676
0,278,10,0.04222029447555542
0,278,11,0.04643505811691284
0,278,12,0.03583845868706703
0,278,13,0.07103876024484634
0,278,14,0.044888440519571304
0,278,15,0.0804188922047615
0,278,16,0.1029578223824501
0,278,17,0.04682782664895058
0,278,18,0.049696069210767746
0,279,1,0.04089326411485672
0,279,2,0.05114159733057022
0,279,3,0.033972132951021194
0,279,4,0.051820289343595505
0,279,5,0.0717523917555809
0,279,6,0.04511026665568352
0,279,7,0.04522053524851799
0,279,8,0.08912305533885956
0,279,9,0.05877745524048805
0,279,10,0.0406804196536541
0,279,11,0.053269803524017334
0,279,12,0.03742170333862305
0,279,13,0.0887322649359703
0,279,14,0.041725270450115204
0,279,15,0.06937522441148758
0,279,16,0.09096964448690414
0,279,17,0.044489577412605286
0,279,18,0.04552515968680382
1,3,1,0.07583025842905045
1,3,2,0.055843815207481384
1,3,3,0.06074937433004379
1,3,4,0.05528593063354492
1,3,5,0.052912209182977676
1,3,6,0.061719220131635666
1,3,7,0.04773222655057907
1,3,8,0.0612146221101284
1,3,9,0.06578201800584793
1,3,10,0.060085613280534744
1,3,11,0.05448530986905098
1,3,12,0.050792086869478226
1,3,13,0.04503776505589485
1,3,14,0.043844349682331085
1,3,15,0.04925943538546562
1,3,16,0.05719952657818794
1,3,17,0.046923425048589706
1,3,18,0.055302802473306656
1,4,1,0.07877059280872345
1,4,2,0.05506966635584831
1,4,3,0.0629049688577652
1,4,4,0.05568481236696243
1,4,5,0.05201336368918419
1,4,6,0.06241543963551521
1,4,7,0.0457841120660305
1,4,8,0.06098819896578789
1,4,9,0.06516376882791519
1,4,10,0.059396591037511826
1,4,11,0.055603303015232086
1,4,12,0.050678398460149765
1,4,13,0.043928150087594986
1,4,14,0.04339517652988434
1,4,15,0.04780011251568794
1,4,16,0.057558171451091766
1,4,17,0.04728938266634941
1,4,18,0.055555813014507294
1,5,1,0.06625301390886307
1,5,2,0.059256408363580704
1,5,3,0.05304766818881035
1,5,4,0.05378119647502899
1,5,5,0.05743089318275452
1,5,6,0.060345228761434555
1,5,7,0.05597994104027748
1,5,8,0.06165856122970581
1,5,9,0.06712405383586884
1,5,10,0.061916887760162354
1,5,11,0.05067408084869385
1,5,12,0.05085378885269165
1,5,13,0.047673676162958145
1,5,14,0.04541841149330139
1,5,15,0.05455481633543968
1,5,16,0.054811812937259674
1,5,17,0.04550720378756523
1,5,18,0.053712304681539536
1,11,1,0.06462101638317108
1,11,2,0.05634969472885132
1,11,3,0.059902988374233246
1,11,4,0.05319150164723396
1,11,5,0.05713411048054695
1,11,6,0.05370693281292915
1,11,7,0.05134770646691322
1,11,8,0.05906929448246956
1,11,9,0.06570278108119965
1,11,10,0.06481852382421494
1,11,11,0.05246281996369362
1,11,12,0.05368071794509888
1,11,13,0.04878148064017296
1,11,14,0.04529760405421257
1,11,15,0.05134143680334091
1,11,16,0.057758208364248276
1,11,17,0.048107340931892395
1,11,18,0.05672582611441612
1,12,1,0.06583163142204285
1,12,2,0.05680239945650101
1,12,3,0.0604197196662426
1,12,4,0.053566496819257736
1,12,5,0.05832537263631821
1,12,6,0.05347176641225815
1,12,7,0.05049643665552139
1,12,8,0.058300457894802094
1,12,9,0.06504084914922714
1,12,10,0.06530338525772095
1,12,11,0.052386339753866196
1,12,12,0.05392075702548027
1,12,13,0.04856787621974945
1,12,14,0.04504423215985298
1,12,15,0.050299566239118576
1,12,16,0.05846258997917175
1,12,17,0.047797393053770065
1,12,18,0.05596273019909859
1,13,1,0.05936688557267189
1,13,2,0.05439217388629913
1,13,3,0.058479078114032745
1,13,4,0.05200919136404991
1,13,5,0.053216561675071716
1,13,6,0.05485224723815918
1,13,7,0.056266240775585175
1,13,8,0.06088196486234665
1,13,9,0.06811489164829254
1,13,10,0.06308446824550629
1,13,11,0.05179377645254135
1,13,12,0.052928268909454346
1,13,13,0.04966994374990463
1,13,14,0.04589235037565231
1,13,15,0.05508710443973541
1,13,16,0.055107276886701584
1,13,17,0.04901342839002609
1,13,18,0.05984417349100113
1,36,1,0.06105073541402817
1,36,2,0.05328841507434845
1,36,3,0.05798187851905823
1,36,4,0.05213984102010727
1,36,5,0.05124696344137192
1,36,6,0.0512407086789608
1,36,7,0.0527222603559494
1,36,8,0.06167996674776077
1,36,9,0.06560590118169785
1,36,10,0.06500006467103958
1,36,11,0.051832061260938644
1,36,12,0.05103159695863724
1,36,13,0.055030327290296555
1,36,14,0.04736388474702835
1,36,15,0.05494306981563568
1,36,16,0.058417025953531265
1,36,17,0.048262692987918854
1,36,18,0.06116262450814247
1,37,1,0.06125495210289955
1,37,2,0.05347645282745361
1,37,3,0.05847753584384918
1,37,4,0.05265059322118759
1,37,5,0.05067376792430878
1,37,6,0.0505872443318367
1,37,7,0.05284053087234497
1,37,8,0.061765529215335846
1,37,9,0.06509421765804291
1,37,10,0.06554071605205536
1,37,11,0.05155351758003235
1,37,12,0.050744958221912384
1,37,13,0.05535866320133209
1,37,14,0.04749042168259621
1,37,15,0.05475630611181259
1,37,16,0.058247778564691544
1,37,17,0.04817944020032883
1,37,18,0.061307311058044434
1,38,1,0.06015279144048691
1,38,2,0.05281318351626396
1,38,3,0.05581760033965111
1,38,4,0.04966793209314346
1,38,5,0.05386798083782196
1,38,6,0.054370056837797165
1,38,7,0.05197218433022499
1,38,8,0.06161123141646385
1,38,9,0.06753259897232056
1,38,10,0.06292809545993805
1,38,11,0.05285833030939102
1,38,12,0.051943641155958176
1,38,13,0.05412835255265236
1,38,14,0.046812742948532104
1,38,15,0.05578183755278587
1,38,16,0.058911073952913284
1,38,17,0.04822803661227226
1,38,18,0.060602378100156784
1,56,1,0.062959223985672
1,56,2,0.049450453370809555
1,56,3,0.05571073666214943
1,56,4,0.05196933075785637
1,56,5,0.052440911531448364
1,56,6,0.054174959659576416
1,56,7,0.05413529649376869
1,56,8,0.06342204660177231
1,56,9,0.06993237882852554
1,56,10,0.062381643801927567
1,56,11,0.05429081618785858
1,56,12,0.05205186828970909
1,56,13,0.05521312355995178
1,56,14,0.04675021395087242
1,56,15,0.05381573736667633
1,56,16,0.058705948293209076
1,56,17,0.0473417304456234
1,56,18,0.05525358021259308
1,57,1,0.062315210700035095
1,57,2,0.04782833531498909
1,57,3,0.05590333417057991
1,57,4,0.05155717581510544
1,57,5,0.05138126015663147
1,57,6,0.05432244390249252
1,57,7,0.05460500344634056
1,57,8,0.06324247270822525
1,57,9,0.0710056722164154
1,57,10,0.06140998750925064
1,57,11,0.055127404630184174
1,57,12,0.05227966606616974
1,57,13,0.05681315064430237
1,57,14,0.04704660549759865
1,57,15,0.05310618877410889
1,57,16,0.05915435776114464
1,57,17,0.04753149673342705
1,57,18,0.05537020042538643
1,58,1,0.065344899892807
1,58,2,0.053206149488687515
1,58,3,0.05609408766031265
1,58,4,0.05414307862520218
1,58,5,0.05699657276272774
1,58,6,0.052573446184396744
1,58,7,0.05238765850663185
1,58,8,0.06354353576898575
1,58,9,0.06613937765359879
1,58,10,0.06684961169958115
1,58,11,0.051412031054496765
1,58,12,0.05150625854730606
1,58,13,0.04923168197274208
1,58,14,0.04580502212047577
1,58,15,0.05702614784240723
1,58,16,0.05701049417257309
1,58,17,0.04666285216808319
1,58,18,0.05406711995601654
1,59,1,0.060217197984457016
1,59,2,0.054657142609357834
1,59,3,0.05883887782692909
1,59,4,0.05173255130648613
1,59,5,0.0562855526804924
1,59,6,0.05324782058596611
1,59,7,0.05275288596749306
1,59,8,0.06105545163154602
1,59,9,0.0685930848121643
1,59,10,0.06488320231437683
1,59,11,0.05312122032046318
1,59,12,0.05251516029238701
1,59,13,0.053043462336063385
1,59,14,0.04462892562150955
1,59,15,0.052275318652391434
1,59,16,0.05629413574934006
1,59,17,0.04920712858438492
1,59,18,0.056650884449481964
1,60,1,0.060110725462436676
1,60,2,0.05502031743526459
1,60,3,0.059203654527664185
1,60,4,0.051689960062503815
1,60,5,0.056798044592142105
1,60,6,0.05311636999249458
1,60,7,0.05235675349831581
1,60,8,0.06100797280669212
1,60,9,0.06868736445903778
1,60,10,0.06477440893650055
1,60,11,0.05323971435427666
1,60,12,0.05237593501806259
1,60,13,0.05363435298204422
1,60,14,0.044299203902482986
1,60,15,0.052120812237262726
1,60,16,0.05648862197995186
1,60,17,0.04886743426322937
1,60,18,0.05620831996202469
1,82,1,0.06077639013528824
1,82,2,0.05303114280104637
1,82,3,0.05454947426915169
1,82,4,0.05146860331296921
1,82,5,0.05034389719367027
1,82,6,0.05021500587463379
1,82,7,0.053375352174043655
1,82,8,0.06204132363200188
1,82,9,0.06734932959079742
1,82,10,0.0638546422123909
1,82,11,0.05370867997407913
1,82,12,0.05176158994436264
1,82,13,0.05818624049425125
1,82,14,0.04735725745558739
1,82,15,0.05581070855259895
1,82,16,0.059865184128284454
1,82,17,0.04808541387319565
1,82,18,0.05821976810693741
1,85,1,0.06349154561758041
1,85,2,0.04993556812405586
1,85,3,0.05385827273130417
1,85,4,0.05599690228700638
1,85,5,0.058249782770872116
1,85,6,0.05654815584421158
1,85,7,0.05235758051276207
1,85,8,0.062090836465358734
1,85,9,0.06561502814292908
1,85,10,0.06275951117277145
1,85,11,0.0513511598110199
1,85,12,0.05025968328118324
1,85,13,0.051051151007413864
1,85,14,0.04797568544745445
1,85,15,0.055567916482686996
1,85,16,0.059603165835142136
1,85,17,0.04722612723708153
1,85,18,0.05606188252568245
1,86,1,0.06329372525215149
1,86,2,0.04883502423763275
1,86,3,0.052980806678533554
1,86,4,0.05598621442914009
1,86,5,0.058139219880104065
1,86,6,0.05673612654209137
1,86,7,0.052315644919872284
1,86,8,0.06252770125865936
1,86,9,0.06537865102291107
1,86,10,0.06280883401632309
1,86,11,0.05092938244342804
1,86,12,0.050127554684877396
1,86,13,0.051222413778305054
1,86,14,0.049284178763628006
1,86,15,0.05576794594526291
1,86,16,0.06026779115200043
1,86,17,0.0477328859269619
1,86,18,0.05566592514514923
1,100,1,0.06738744676113129
1,100,2,0.053490374237298965
1,100,3,0.05390990525484085
1,100,4,0.05408457666635513
1,100,5,0.054548706859350204
1,100,6,0.05102841183543205
1,100,7,0.050779856741428375
1,100,8,0.06222248077392578
1,100,9,0.06775036454200745
1,100,10,0.06529422849416733
1,100,11,0.05317462608218193
1,100,12,0.052343837916851044
1,100,13,0.05047086998820305
1,100,14,0.04660959541797638
1,100,15,0.05466202646493912
1,100,16,0.05640923231840134
1,100,17,0.04913948476314545
1,100,18,0.056693993508815765
1,101,1,0.06950079649686813
1,101,2,0.053164660930633545
1,101,3,0.05359799042344093
1,101,4,0.05483555421233177
1,101,5,0.05517631769180298
1,101,6,0.05021867901086807
1,101,7,0.049700308591127396
1,101,8,0.06197963282465935
1,101,9,0.06771700084209442
1,101,10,0.06568565964698792
1,101,11,0.0529121570289135
1,101,12,0.052075933665037155
1,101,13,0.05034143105149269
1,101,14,0.04614517092704773
1,101,15,0.05462843179702759
1,101,16,0.05612223222851753
1,101,17,0.04916326701641083
1,101,18,0.05703474208712578
1,102,1,0.06039714068174362
1,102,2,0.05493602901697159
1,102,3,0.05425625666975975
1,102,4,0.05188872665166855
1,102,5,0.051831748336553574
1,102,6,0.05473187565803528
1,102,7,0.056400366127491
1,102,8,0.0633082166314125
1,102,9,0.06876657158136368
1,102,10,0.06366859376430511
1,102,11,0.05429932102560997
1,102,12,0.05349338799715042
1,102,13,0.049900900572538376
1,102,14,0.04794823378324509
1,102,15,0.0547519214451313
1,102,16,0.0566539466381073
1,102,17,0.04896560683846474
1,102,18,0.05380117520689964
1,106,1,0.06532185524702072
1,106,2,0.053696226328611374
1,106,3,0.05602128431200981
1,106,4,0.05212046205997467
1,106,5,0.05044293403625488
1,106,6,0.05613080412149429
1,106,7,0.05104377120733261
1,106,8,0.05965345725417137
1,106,9,0.06674450635910034
1,106,10,0.06309222429990768
1,106,11,0.05344120413064957
1,106,12,0.04947936162352562
1,106,13,0.04980051890015602
1,106,14,0.046413518488407135
1,106,15,0.05650203302502632
1,106,16,0.05746717005968094
1,106,17,0.05105623975396156
1,106,18,0.061572425067424774
1,107,1,0.06597142666578293
1,107,2,0.0518353246152401
1,107,3,0.05531667172908783
1,107,4,0.051457058638334274
1,107,5,0.04893910884857178
1,107,6,0.05558912828564644
1,107,7,0.051031693816185
1,107,8,0.060036513954401016
1,107,9,0.06651320308446884
1,107,10,0.06338217854499817
1,107,11,0.05424012616276741
1,107,12,0.049497853964567184
1,107,13,0.05009354650974274
1,107,14,0.04716780409216881
1,107,15,0.0575149729847908
1,107,16,0.05767931789159775
1,107,17,0.051469624042510986
1,107,18,0.062264468520879745
1,108,1,0.06152773275971413
1,108,2,0.06336276978254318
1,108,3,0.05812365561723709
1,108,4,0.05394623056054115
1,108,5,0.0573921762406826
1,108,6,0.05740443617105484
1,108,7,0.050246600061655045
1,108,8,0.05754475295543671
1,108,9,0.06710439175367355
1,108,10,0.06123551353812218
1,108,11,0.04991037771105766
1,108,12,0.04917259141802788
1,108,13,0.04935299977660179
1,108,14,0.04382586479187012
1,108,15,0.053022418171167374
1,108,16,0.05648859962821007
1,108,17,0.04968546703457832
1,108,18,0.06065337359905243
1,121,1,0.0637967437505722
1,121,2,0.05315472558140755
1,121,3,0.056045860052108765
1,121,4,0.053899604827165604
1,121,5,0.05174938961863518
1,121,6,0.05076395347714424
1,121,7,0.05321640893816948
1,121,8,0.060549188405275345
1,121,9,0.06746509671211243
1,121,10,0.06644347310066223
1,121,11,0.05169887840747833
1,121,12,0.05177150294184685
1,121,13,0.05103423073887825
1,121,14,0.04554341733455658
1,121,15,0.056650299578905106
1,121,16,0.058256689459085464
1,121,17,0.04749080911278725
1,121,18,0.06046978384256363
1,122,1,0.06482316553592682
1,122,2,0.052994389086961746
1,122,3,0.056566525250673294
1,122,4,0.054246146231889725
1,122,5,0.05077480897307396
1,122,6,0.049905311316251755
1,122,7,0.05365508049726486
1,122,8,0.05984378233551979
1,122,9,0.06724517047405243
1,122,10,0.06690945476293564
1,122,11,0.0514078289270401
1,122,12,0.05198841914534569
1,122,13,0.05070977285504341
1,122,14,0.04514627158641815
1,122,15,0.05708612874150276
1,122,16,0.0583202950656414
1,122,17,0.04729556292295456
1,122,18,0.06108185276389122
1,123,1,0.05939953029155731
1,123,2,0.05334053561091423
1,123,3,0.054425790905952454
1,123,4,0.053402431309223175
1,123,5,0.0544789656996727
1,123,6,0.05394624173641205
1,123,7,0.052031803876161575
1,123,8,0.06273936480283737
1,123,9,0.06868735700845718
1,123,10,0.06508350372314453
1,123,11,0.052452705800533295
1,123,12,0.050566576421260834
1,123,13,0.05183528736233711
1,123,14,0.04664101079106331
1,123,15,0.05536559969186783
1,123,16,0.05825863406062126
1,123,17,0.0481039397418499
1,123,18,0.05924067273736
1,138,1,0.05877530202269554
1,138,2,0.05479004234075546
1,138,3,0.057162459939718246
1,138,4,0.05101385712623596
1,138,5,0.051119837909936905
1,138,6,0.053127020597457886
1,138,7,0.054211243987083435
1,138,8,0.060976456850767136
1,138,9,0.06673797219991684
1,138,10,0.06336002796888351
1,138,11,0.05377623811364174
1,138,12,0.05299747362732887
1,138,13,0.05138886719942093
1,138,14,0.048381563276052475
1,138,15,0.05455978214740753
1,138,16,0.0590352863073349
1,138,17,0.05059833452105522
1,138,18,0.05798825994133949
1,139,1,0.05851851776242256
1,139,2,0.0552016906440258
1,139,3,0.05808882415294647
1,139,4,0.05025864392518997
1,139,5,0.05181606113910675
1,139,6,0.0533500500023365
1,139,7,0.05432597175240517
1,139,8,0.0610775351524353
1,139,9,0.06708361953496933
1,139,10,0.06325429677963257
1,139,11,0.05378817766904831
1,139,12,0.053509846329689026
1,139,13,0.05072088912129402
1,139,14,0.04833327233791351
1,139,15,0.05415051430463791
1,139,16,0.058657530695199966
1,139,17,0.05038149654865265
1,139,18,0.057483069598674774
1,140,1,0.05856223404407501
1,140,2,0.05336913466453552
1,140,3,0.05537838861346245
1,140,4,0.05434540659189224
1,140,5,0.04880716651678085
1,140,6,0.052442409098148346
1,140,7,0.05188523977994919
1,140,8,0.060181502252817154
1,140,9,0.06552106887102127
1,140,10,0.06221231073141098
1,140,11,0.05352898687124252
1,140,12,0.05053504928946495
1,140,13,0.05403449758887291
1,140,14,0.04895036667585373
1,140,15,0.05610988289117813
1,140,16,0.061952751129865646
1,140,17,0.052088312804698944
1,140,18,0.06009524688124657
1,154,1,0.05752623453736305
1,154,2,0.05050094798207283
1,154,3,0.058489229530096054
1,154,4,0.05432530865073204
1,154,5,0.051967453211545944
1,154,6,0.05677454173564911
1,154,7,0.054305411875247955
1,154,8,0.05905510485172272
1,154,9,0.06901818513870239
1,154,10,0.06514201313257217
1,154,11,0.052158109843730927
1,154,12,0.05373173579573631
1,154,13,0.05299241468310356
1,154,14,0.046387553215026855
1,154,15,0.054659560322761536
1,154,16,0.05629577115178108
1,154,17,0.048613738268613815
1,154,18,0.058056652545928955
1,155,1,0.05594022572040558
1,155,2,0.04983023926615715
1,155,3,0.058536358177661896
1,155,4,0.05592145025730133
1,155,5,0.05187220871448517
1,155,6,0.05750662088394165
1,155,7,0.05496716499328613
1,155,8,0.058436401188373566
1,155,9,0.06976760923862457
1,155,10,0.0660465806722641
1,155,11,0.05148424580693245
1,155,12,0.053326427936553955
1,155,13,0.05301812291145325
1,155,14,0.04682260751724243
1,155,15,0.054426345974206924
1,155,16,0.055542171001434326
1,155,17,0.048586875200271606
1,155,18,0.0579683780670166
1,156,1,0.06453637033700943
1,156,2,0.05227271094918251
1,156,3,0.06096583232283592
1,156,4,0.04903678596019745
1,156,5,0.052087992429733276
1,156,6,0.0537053719162941
1,156,7,0.051907096058130264
1,156,8,0.061230603605508804
1,156,9,0.0666012316942215
1,156,10,0.06176736578345299
1,156,11,0.05511503294110298
1,156,12,0.0556015744805336
1,156,13,0.05244528129696846
1,156,14,0.04412293806672096
1,156,15,0.055012524127960205
1,156,16,0.05837313085794449
1,156,17,0.04850691556930542
1,156,18,0.056711193174123764
1,166,1,0.06617261469364166
1,166,2,0.055141009390354156
1,166,3,0.05601276829838753
1,166,4,0.052622340619564056
1,166,5,0.05430932343006134
1,166,6,0.05861137807369232
1,166,7,0.05207279697060585
1,166,8,0.06338560581207275
1,166,9,0.06789086014032364
1,166,10,0.06636270880699158
1,166,11,0.053346723318099976
1,166,12,0.05106561630964279
1,166,13,0.04821240156888962
1,166,14,0.04541870206594467
1,166,15,0.053080394864082336
1,166,16,0.05609830096364021
1,166,17,0.046303197741508484
1,166,18,0.05389326438307762
1,167,1,0.06722181290388107
1,167,2,0.055545464158058167
1,167,3,0.05585142597556114
1,167,4,0.0527501218020916
1,167,5,0.05396481603384018
1,167,6,0.05915672332048416
1,167,7,0.052512411028146744
1,167,8,0.06394414603710175
1,167,9,0.06749726831912994
1,167,10,0.0667068287730217
1,167,11,0.05441462621092796
1,167,12,0.05100250244140625
1,167,13,0.04781893268227577
1,167,14,0.045395802706480026
1,167,15,0.052250251173973083
1,167,16,0.05504932999610901
1,167,17,0.045740675181150436
1,167,18,0.05317683145403862
1,168,1,0.06306126713752747
1,168,2,0.05414201319217682
1,168,3,0.05675419420003891
1,168,4,0.05160278454422951
1,168,5,0.056228380650281906
1,168,6,0.05715569853782654
1,168,7,0.050027355551719666
1,168,8,0.06185665726661682
1,168,9,0.06965138018131256
1,168,10,0.064724400639534
1,168,11,0.0490657240152359
1,168,12,0.051420439034700394
1,168,13,0.048993900418281555
1,168,14,0.045439351350069046
1,168,15,0.055986955761909485
1,168,16,0.06078903004527092
1,168,17,0.0480990894138813
1,168,18,0.055001337081193924
1,172,1,0.062901571393013
1,172,2,0.050219953060150146
1,172,3,0.0551263801753521
1,172,4,0.05089263245463371
1,172,5,0.053367577493190765
1,172,6,0.05181094631552696
1,172,7,0.05778341367840767
1,172,8,0.06162097677588463
1,172,9,0.06655500084161758
1,172,10,0.06474398076534271
1,172,11,0.052900586277246475
1,172,12,0.050410352647304535
1,172,13,0.05024448037147522
1,172,14,0.04872835427522659
1,172,15,0.054080769419670105
1,172,16,0.057487476617097855
1,172,17,0.05116671323776245
1,172,18,0.05995885282754898
1,173,1,0.0634256973862648
1,173,2,0.04908043518662453
1,173,3,0.05673651024699211
1,173,4,0.05115720257163048
1,173,5,0.05366630479693413
1,173,6,0.05100443214178085
1,173,7,0.05948663502931595
1,173,8,0.060750678181648254
1,173,9,0.06689690798521042
1,173,10,0.06507658213376999
1,173,11,0.05290688946843147
1,173,12,0.050394829362630844
1,173,13,0.04920640587806702
1,173,14,0.04889505356550217
1,173,15,0.05332998186349869
1,173,16,0.0557870976626873
1,173,17,0.05208028852939606
1,173,18,0.06011808663606644
1,181,1,0.06723460555076599
1,181,2,0.05347665771842003
1,181,3,0.057592231780290604
1,181,4,0.05523989349603653
1,181,5,0.0585608035326004
1,181,6,0.05453471466898918
1,181,7,0.050430215895175934
1,181,8,0.05980334430932999
1,181,9,0.06411655992269516
1,181,10,0.060689527541399
1,181,11,0.05006219819188118
1,181,12,0.05278271064162254
1,181,13,0.049527302384376526
1,181,14,0.04915387183427811
1,181,15,0.05505980923771858
1,181,16,0.055172502994537354
1,181,17,0.047293905168771744
1,181,18,0.05926917865872383
1,182,1,0.0702066496014595
1,182,2,0.053398989140987396
1,182,3,0.05825844779610634
1,182,4,0.056432854384183884
1,182,5,0.059756599366664886
1,182,6,0.054160505533218384
1,182,7,0.04976573958992958
1,182,8,0.05932958051562309
1,182,9,0.06286372989416122
1,182,10,0.059436503797769547
1,182,11,0.049077995121479034
1,182,12,0.052807483822107315
1,182,13,0.04920997470617294
1,182,14,0.05017749220132828
1,182,15,0.05431609973311424
1,182,16,0.05429455265402794
1,182,17,0.04757963865995407
1,182,18,0.05892718955874443
1,183,1,0.056027673184871674
1,183,2,0.05403277650475502
1,183,3,0.05478159710764885
1,183,4,0.05044715106487274
1,183,5,0.0553935207426548
1,183,6,0.055261820554733276
1,183,7,0.05238315090537071
1,183,8,0.06215718761086464
1,183,9,0.06764417141675949
1,183,10,0.06450320035219193
1,183,11,0.05361228436231613
1,183,12,0.05302003398537636
1,183,13,0.050731219351291656
1,183,14,0.04694162681698799
1,183,15,0.057561490684747696
1,183,16,0.058457691222429276
1,183,17,0.046553581953048706
1,183,18,0.06048983708024025
1,193,1,0.05994591861963272
1,193,2,0.0496559776365757
1,193,3,0.05406910181045532
1,193,4,0.05574033781886101
1,193,5,0.057842399924993515
1,193,6,0.05150499939918518
1,193,7,0.05003932863473892
1,193,8,0.06250724196434021
1,193,9,0.06585579365491867
1,193,10,0.0623624324798584
1,193,11,0.0468357652425766
1,193,12,0.049101442098617554
1,193,13,0.05760930851101875
1,193,14,0.04759655520319939
1,193,15,0.06012363359332085
1,193,16,0.06026875972747803
1,193,17,0.04640326276421547
1,193,18,0.0625377669930458
1,194,1,0.059447187930345535
1,194,2,0.0491182878613472
1,194,3,0.05478871986269951
1,194,4,0.05601102113723755
1,194,5,0.05751563608646393
1,194,6,0.05023401230573654
1,194,7,0.049070339649915695
1,194,8,0.06251724064350128
1,194,9,0.0658542662858963
1,194,10,0.0618794709444046
1,194,11,0.045588087290525436
1,194,12,0.04941900074481964
1,194,13,0.0589359849691391
1,194,14,0.047525785863399506
1,194,15,0.06138293072581291
1,194,16,0.06106157600879669
1,194,17,0.046407852321863174
1,194,18,0.0632425919175148
1,195,1,0.060895320028066635
1,195,2,0.050666116178035736
1,195,3,0.0508706271648407
1,195,4,0.05632583796977997
1,195,5,0.05791684240102768
1,195,6,0.05696066468954086
1,195,7,0.053700584918260574
1,195,8,0.062115322798490524
1,195,9,0.06559084355831146
1,195,10,0.06455818563699722
1,195,11,0.05118206515908241
1,195,12,0.04750354215502739
1,195,13,0.05406893417239189
1,195,14,0.04770110920071602
1,195,15,0.055622074753046036
1,195,16,0.05763336271047592
1,195,17,0.04602515324950218
1,195,18,0.060663461685180664
1,214,1,0.06444219499826431
1,214,2,0.05421610549092293
1,214,3,0.05614062026143074
1,214,4,0.05234318599104881
1,214,5,0.05515734478831291
1,214,6,0.055467940866947174
1,214,7,0.05212957412004471
1,214,8,0.061049893498420715
1,214,9,0.06650403887033463
1,214,10,0.06180158257484436
1,214,11,0.0534374974668026
1,214,12,0.05232083052396774
1,214,13,0.05279881879687309
1,214,14,0.043763745576143265
1,214,15,0.054925546050071716
1,214,16,0.057382579892873764
1,214,17,0.04844795912504196
1,214,18,0.05767049267888069
1,235,1,0.06636951863765717
1,235,2,0.053616609424352646
1,235,3,0.054122958332300186
1,235,4,0.05115508660674095
1,235,5,0.05441775545477867
1,235,6,0.05437791347503662
1,235,7,0.05288856104016304
1,235,8,0.0611872635781765
1,235,9,0.06659675389528275
1,235,10,0.06328386068344116
1,235,11,0.05415269732475281
1,235,12,0.05085001885890961
1,235,13,0.051017891615629196
1,235,14,0.04659998044371605
1,235,15,0.05594846233725548
1,235,16,0.05917501449584961
1,235,17,0.04667969048023224
1,235,18,0.05755998566746712
1,236,1,0.06736557185649872
1,236,2,0.05345669761300087
1,236,3,0.0534958615899086
1,236,4,0.05106168985366821
1,236,5,0.05563199147582054
1,236,6,0.05284358188509941
1,236,7,0.05283713340759277
1,236,8,0.06135764718055725
1,236,9,0.0666864812374115
1,236,10,0.06323390454053879
1,236,11,0.05406372621655464
1,236,12,0.05000076815485954
1,236,13,0.05153132230043411
1,236,14,0.04732244834303856
1,236,15,0.056135084480047226
1,236,16,0.05930539593100548
1,236,17,0.045481786131858826
1,236,18,0.05818895250558853
1,237,1,0.06320923566818237
1,237,2,0.05458963289856911
1,237,3,0.05595757067203522
1,237,4,0.04943515732884407
1,237,5,0.05071261152625084
1,237,6,0.06299355626106262
1,237,7,0.05225219205021858
1,237,8,0.06089913845062256
1,237,9,0.06569913029670715
1,237,10,0.06320152431726456
1,237,11,0.054380130022764206
1,237,12,0.05407232418656349
1,237,13,0.04916434362530708
1,237,14,0.044135238975286484
1,237,15,0.054234281182289124
1,237,16,0.05886043235659599
1,237,17,0.05232559144496918
1,237,18,0.05387795716524124
1,270,1,0.05949600785970688
1,270,2,0.05370241403579712
1,270,3,0.05737215280532837
1,270,4,0.06081381440162659
1,270,5,0.05972881242632866
1,270,6,0.049818411469459534
1,270,7,0.056906573474407196
1,270,8,0.06315150856971741
1,270,9,0.07147491723299026
1,270,10,0.05933712422847748
1,270,11,0.049364395439624786
1,270,12,0.05000729486346245
1,270,13,0.05007448419928551
1,270,14,0.04810329154133797
1,270,15,0.05318702012300491
1,270,16,0.05359108746051788
1,270,17,0.04766489937901497
1,270,18,0.05620583891868591
1,271,1,0.0584573894739151
1,271,2,0.05239447206258774
1,271,3,0.05794231966137886
1,271,4,0.06161155179142952
1,271,5,0.05902025103569031
1,271,6,0.04796263203024864
1,271,7,0.05828370898962021
1,271,8,0.06397990882396698
1,271,9,0.07246776670217514
1,271,10,0.05756865814328194
1,271,11,0.048545774072408676
1,271,12,0.050689563155174255
1,271,13,0.05076386779546738
1,271,14,0.050062332302331924
1,271,15,0.05252895876765251
1,271,16,0.052676644176244736
1,271,17,0.049630314111709595
1,271,18,0.055413950234651566
1,280,1,0.06135544180870056
1,280,2,0.056802548468112946
1,280,3,0.05705097317695618
1,280,4,0.05441433563828468
1,280,5,0.0539645254611969
1,280,6,0.05273696407675743
1,280,7,0.05129255726933479
1,280,8,0.06310246884822845
1,280,9,0.0683300644159317
1,280,10,0.06183665618300438
1,280,11,0.05381650850176811
1,280,12,0.05020539090037346
1,280,13,0.04995473846793175
1,280,14,0.04763224720954895
1,280,15,0.05695442855358124
1,280,16,0.05596714839339256
1,280,17,0.047655511647462845
1,280,18,0.05692749097943306
1,281,1,0.06169605255126953
1,281,2,0.05729420855641365
1,281,3,0.05703819543123245
1,281,4,0.053808972239494324
1,281,5,0.054566338658332825
1,281,6,0.05217891186475754
1,281,7,0.0512603297829628
1,281,8,0.06383736431598663
1,281,9,0.06766892969608307
1,281,10,0.061212196946144104
1,281,11,0.05426410958170891
1,281,12,0.050201416015625
1,281,13,0.05020754411816597
1,281,14,0.047669194638729095
1,281,15,0.056875236332416534
1,281,16,0.056516218930482864
1,281,17,0.04722899571061134
1,281,18,0.05647570267319679
1,286,1,0.06450185924768448
1,286,2,0.05576721951365471
1,286,3,0.05709753930568695
1,286,4,0.053643904626369476
1,286,5,0.05827596038579941
1,286,6,0.053402163088321686
1,286,7,0.05188250541687012
1,286,8,0.0581483319401741
1,286,9,0.06465952098369598
1,286,10,0.06328131258487701
1,286,11,0.051930028945207596
1,286,12,0.0503169484436512
1,286,13,0.049864474684000015
1,286,14,0.0492234081029892
1,286,15,0.054832302033901215
1,286,16,0.0554109662771225
1,286,17,0.04965188726782799
1,286,18,0.05810963362455368
2,9,1,0.05825349688529968
2,9,2,0.05064472556114197
2,9,3,0.05099445581436157
2,9,4,0.05167435109615326
2,9,5,0.05633729696273804
2,9,6,0.05464732274413109
2,9,7,0.053632885217666626
2,9,8,0.053977709263563156
2,9,9,0.058125633746385574
2,9,10,0.05773669108748436
2,9,11,0.05718258023262024
2,9,12,0.057849571108818054
2,9,13,0.06022015959024429
2,9,14,0.053300030529499054
2,9,15,0.054580654948949814
2,9,16,0.06206353008747101
2,9,17,0.052688710391521454
2,9,18,0.05609026551246643
2,10,1,0.05924306437373161
2,10,2,0.05037492886185646
2,10,3,0.050491902977228165
2,10,4,0.05103021115064621
2,10,5,0.053695060312747955
2,10,6,0.0550624281167984
2,10,7,0.05411289632320404
2,10,8,0.053888775408267975
2,10,9,0.05780009925365448
2,10,10,0.059048131108284
2,10,11,0.0578848272562027
2,10,12,0.0576169416308403
2,10,13,0.05705701932311058
2,10,14,0.054000720381736755
2,10,15,0.054089780896902084
2,10,16,0.06296391785144806
2,10,17,0.054099686443805695
2,10,18,0.05753963068127632
2,14,1,0.05884820595383644
2,14,2,0.050567254424095154
2,14,3,0.05097319558262825
2,14,4,0.05137846991419792
2,14,5,0.0557231605052948
2,14,6,0.05420027673244476
2,14,7,0.05359825864434242
2,14,8,0.05391981452703476
2,14,9,0.05836886912584305
2,14,10,0.05819811299443245
2,14,11,0.05747796967625618
2,14,12,0.058283429592847824
2,14,13,0.05886976048350334
2,14,14,0.053229860961437225
2,14,15,0.05479901656508446
2,14,16,0.061974260956048965
2,14,17,0.05289950221776962
2,14,18,0.05669056624174118
2,20,1,0.05786112695932388
2,20,2,0.050681907683610916
2,20,3,0.051194895058870316
2,20,4,0.052070967853069305
2,20,5,0.05510710924863815
2,20,6,0.05391933396458626
2,20,7,0.05368946120142937
2,20,8,0.0542428195476532
2,20,9,0.057988401502370834
2,20,10,0.05847175419330597
2,20,11,0.05681129917502403
2,20,12,0.058201149106025696
2,20,13,0.05903115123510361
2,20,14,0.054094038903713226
2,20,15,0.054441824555397034
2,20,16,0.06192455813288689
2,20,17,0.053255386650562286
2,20,18,0.05701276659965515
2,21,1,0.06040908023715019
2,21,2,0.05056155100464821
2,21,3,0.05064030736684799
2,21,4,0.0507083497941494
2,21,5,0.0551409050822258
2,21,6,0.053712550550699234
2,21,7,0.05397875979542732
2,21,8,0.05343461036682129
2,21,9,0.05771315097808838
2,21,10,0.05785422399640083
2,21,11,0.05810193717479706
2,21,12,0.057467103004455566
2,21,13,0.06129300966858864
2,21,14,0.052925024181604385
2,21,15,0.05453510209918022
2,21,16,0.0625476986169815
2,21,17,0.0527927465736866
2,21,18,0.056183867156505585
2,22,1,0.05703125149011612
2,22,2,0.051183365285396576
2,22,3,0.050242431461811066
2,22,4,0.05097059905529022
2,22,5,0.05617791414260864
2,22,6,0.05339309573173523
2,22,7,0.052971117198467255
2,22,8,0.0535595566034317
2,22,9,0.059050288051366806
2,22,10,0.0593683086335659
2,22,11,0.05793643370270729
2,22,12,0.059050288051366806
2,22,13,0.058234237134456635
2,22,14,0.05333772301673889
2,22,15,0.05456261336803436
2,22,16,0.06205058842897415
2,22,17,0.053953275084495544
2,22,18,0.056926921010017395
2,23,1,0.05853736400604248
2,23,2,0.05113047733902931
2,23,3,0.05106654390692711
2,23,4,0.05145607143640518
2,23,5,0.055638980120420456
2,23,6,0.05376282334327698
2,23,7,0.053540147840976715
2,23,8,0.05371362343430519
2,23,9,0.058358993381261826
2,23,10,0.05858025327324867
2,23,11,0.057496316730976105
2,23,12,0.058145664632320404
2,23,13,0.058967676013708115
2,23,14,0.05314943939447403
2,23,15,0.05461613088846207
2,23,16,0.06210765615105629
2,23,17,0.05307164043188095
2,23,18,0.05666022375226021
2,24,1,0.05920235812664032
2,24,2,0.04917413368821144
2,24,3,0.05106210336089134
2,24,4,0.05139980837702751
2,24,5,0.05474654957652092
2,24,6,0.05753519758582115
2,24,7,0.05212804302573204
2,24,8,0.05273929238319397
2,24,9,0.05837707594037056
2,24,10,0.05922404304146767
2,24,11,0.05788743868470192
2,24,12,0.05756329745054245
2,24,13,0.059659406542778015
2,24,14,0.05366799980401993
2,24,15,0.054406773298978806
2,24,16,0.0618167407810688
2,24,17,0.053569816052913666
2,24,18,0.05583995208144188
2,25,1,0.05705110728740692
2,25,2,0.05088651925325394
2,25,3,0.04993199184536934
2,25,4,0.05293460562825203
2,25,5,0.05475511774420738
2,25,6,0.053555313497781754
2,25,7,0.054199833422899246
2,25,8,0.05509033426642418
2,25,9,0.05885491520166397
2,25,10,0.058589689433574677
2,25,11,0.05637956038117409
2,25,12,0.058503925800323486
2,25,13,0.058226071298122406
2,25,14,0.054259415715932846
2,25,15,0.055066805332899094
2,25,16,0.061747223138809204
2,25,17,0.05388318747282028
2,25,18,0.056084394454956055
2,33,1,0.0581546276807785
2,33,2,0.0506390780210495
2,33,3,0.05096931383013725
2,33,4,0.05154573544859886
2,33,5,0.055137041956186295
2,33,6,0.05358763411641121
2,33,7,0.053528793156147
2,33,8,0.05423586070537567
2,33,9,0.058353736996650696
2,33,10,0.05843215063214302
2,33,11,0.05713433772325516
2,33,12,0.05819723755121231
2,33,13,0.05915702506899834
2,33,14,0.05358763411641121
2,33,15,0.05484838783740997
2,33,16,0.06232230365276337
2,33,17,0.05327131226658821
2,33,18,0.05689769983291626
2,34,1,0.058825500309467316
2,34,2,0.051004085689783096
2,34,3,0.05066047981381416
2,34,4,0.051037561148405075
2,34,5,0.05657883733510971
2,34,6,0.054547663778066635
2,34,7,0.052793633192777634
2,34,8,0.053656112402677536
2,34,9,0.05781460180878639
2,34,10,0.05784284323453903
2,34,11,0.05780049413442612
2,34,12,0.05779343470931053
2,34,13,0.05853896588087082
2,34,14,0.05430848151445389
2,34,15,0.055197395384311676
2,34,16,0.06222319230437279
2,34,17,0.0529840923845768
2,34,18,0.05639266222715378
2,42,1,0.0584719143807888
2,42,2,0.0506117157638073
2,42,3,0.05061944201588631
2,42,4,0.05134367197751999
2,42,5,0.0559375025331974
2,42,6,0.05392277240753174
2,42,7,0.05381755903363228
2,42,8,0.054044682532548904
2,42,9,0.05818000063300133
2,42,10,0.05808774754405022
2,42,11,0.05775543302297592
2,42,12,0.05818000063300133
2,42,13,0.059218961745500565
2,42,14,0.053876712918281555
2,42,15,0.05446191504597664
2,42,16,0.06207609549164772
2,42,17,0.05264472961425781
2,42,18,0.05674907565116882
2,64,1,0.05833875387907028
2,64,2,0.050694096833467484
2,64,3,0.05044178664684296
2,64,4,0.051373910158872604
2,64,5,0.05567063018679619
2,64,6,0.0536687895655632
2,64,7,0.05330641567707062
2,64,8,0.05427822470664978
2,64,9,0.05832451954483986
2,64,10,0.058445677161216736
2,64,11,0.05734322592616081
2,64,12,0.05782119929790497
2,64,13,0.05948212370276451
2,64,14,0.053908444941043854
2,64,15,0.055022042244672775
2,64,16,0.06221509724855423
2,64,17,0.05287221819162369
2,64,18,0.05679289251565933
2,65,1,0.05836476385593414
2,65,2,0.050465039908885956
2,65,3,0.05106847733259201
2,65,4,0.052093200385570526
2,65,5,0.05473165959119797
2,65,6,0.054057709872722626
2,65,7,0.05417000874876976
2,65,8,0.05336273834109306
2,65,9,0.05773410573601723
2,65,10,0.05847886949777603
2,65,11,0.05632789805531502
2,65,12,0.058002542704343796
2,65,13,0.05913209915161133
2,65,14,0.05473165959119797
2,65,15,0.053777989000082016
2,65,16,0.06133023276925087
2,65,17,0.05446506664156914
2,65,18,0.05770592391490936
2,66,1,0.05838294327259064
2,66,2,0.050373807549476624
2,66,3,0.051694437861442566
2,66,4,0.05171337351202965
2,66,5,0.05459187552332878
2,66,6,0.05410096049308777
2,66,7,0.05326220393180847
2,66,8,0.05409765988588333
2,66,9,0.058183733373880386
2,66,10,0.05840432643890381
2,66,11,0.057590167969465256
2,66,12,0.057843808084726334
2,66,13,0.05905672162771225
2,66,14,0.052960723638534546
2,66,15,0.05549897626042366
2,66,16,0.06286555528640747
2,66,17,0.05275747552514076
2,66,18,0.056621238589286804
2,76,1,0.05859274044632912
2,76,2,0.050525516271591187
2,76,3,0.050969988107681274
2,76,4,0.05189761891961098
2,76,5,0.055362872779369354
2,76,6,0.05429868400096893
2,76,7,0.053909022361040115
2,76,8,0.05431194230914116
2,76,9,0.05835006386041641
2,76,10,0.05854269862174988
2,76,11,0.057123761624097824
2,76,12,0.05773365497589111
2,76,13,0.059088341891765594
2,76,14,0.05341771990060806
2,76,15,0.054100196808576584
2,76,16,0.062234748154878616
2,76,17,0.05315103754401207
2,76,18,0.05638936907052994
2,77,1,0.0575919970870018
2,77,2,0.05113903805613518
2,77,3,0.049948304891586304
2,77,4,0.050067342817783356
2,77,5,0.05575878545641899
2,77,6,0.05293332040309906
2,77,7,0.052662625908851624
2,77,8,0.05342668294906616
2,77,9,0.05887863412499428
2,77,10,0.05894335359334946
2,77,11,0.05807913467288017
2,77,12,0.05848465859889984
2,77,13,0.06023812294006348
2,77,14,0.053786590695381165
2,77,15,0.05570775642991066
2,77,16,0.06271424889564514
2,77,17,0.05298180133104324
2,77,18,0.05665760114789009
2,79,1,0.05863448604941368
2,79,2,0.0505036860704422
2,79,3,0.051042117178440094
2,79,4,0.05144872888922691
2,79,5,0.055908456444740295
2,79,6,0.05369776859879494
2,79,7,0.053599532693624496
2,79,8,0.05442699044942856
2,79,9,0.0583488866686821
2,79,10,0.05854151397943497
2,79,11,0.05698332190513611
2,79,12,0.05807884410023689
2,79,13,0.05895746126770973
2,79,14,0.053543947637081146
2,79,15,0.05473681166768074
2,79,16,0.06221830099821091
2,79,17,0.05276854708790779
2,79,18,0.05656058341264725
2,94,1,0.05851244181394577
2,94,2,0.050471678376197815
2,94,3,0.050687775015830994
2,94,4,0.051507994532585144
2,94,5,0.0556696318089962
2,94,6,0.05423751100897789
2,94,7,0.05362526327371597
2,94,8,0.053864724934101105
2,94,9,0.058128006756305695
2,94,10,0.058448199182748795
2,94,11,0.05724778026342392
2,94,12,0.05799334496259689
2,94,13,0.05931790918111801
2,94,14,0.05348797142505646
2,94,15,0.0546395517885685
2,94,16,0.062324199825525284
2,94,17,0.053019918501377106
2,94,18,0.05681614205241203
2,95,1,0.05803899094462395
2,95,2,0.05148564651608467
2,95,3,0.049996111541986465
2,95,4,0.05160677060484886
2,95,5,0.05608876049518585
2,95,6,0.05438964068889618
2,95,7,0.05331811681389809
2,95,8,0.054649192839860916
2,95,9,0.05852276831865311
2,95,10,0.057989418506622314
2,95,11,0.05654937028884888
2,95,12,0.05814536288380623
2,95,13,0.05900336802005768
2,95,14,0.053621627390384674
2,95,15,0.05444278195500374
2,95,16,0.06241895258426666
2,95,17,0.05350719764828682
2,95,18,0.05622585862874985
2,96,1,0.059506747871637344
2,96,2,0.050878629088401794
2,96,3,0.05078865587711334
2,96,4,0.051456380635499954
2,96,5,0.05498103052377701
2,96,6,0.053097885102033615
2,96,7,0.053815677762031555
2,96,8,0.05334150418639183
2,96,9,0.05810698866844177
2,96,10,0.05983452871441841
2,96,11,0.0578804537653923
2,96,12,0.057986531406641006
2,96,13,0.057788677513599396
2,96,14,0.05463313311338425
2,96,15,0.05500116944313049
2,96,16,0.061119019985198975
2,96,17,0.05304281786084175
2,96,18,0.056740161031484604
2,109,1,0.058593880385160446
2,109,2,0.05092588812112808
2,109,3,0.05123923346400261
2,109,4,0.05187804251909256
2,109,5,0.05521209165453911
2,109,6,0.054084740579128265
2,109,7,0.05366057902574539
2,109,8,0.05409134179353714
2,109,9,0.058336950838565826
2,109,10,0.058679770678281784
2,109,11,0.05742551013827324
2,109,12,0.05774887651205063
2,109,13,0.058801669627428055
2,109,14,0.05346442386507988
2,109,15,0.054362744092941284
2,109,16,0.06228916347026825
2,109,17,0.05293839052319527
2,109,18,0.056266698986291885
2,130,1,0.05812894180417061
2,130,2,0.05064065754413605
2,130,3,0.050922710448503494
2,130,4,0.05151039734482765
2,130,5,0.05560600385069847
2,130,6,0.053505152463912964
2,130,7,0.05349861830472946
2,130,8,0.05434773862361908
2,130,9,0.058463409543037415
2,130,10,0.05923926457762718
2,130,11,0.05724170804023743
2,130,12,0.05793767049908638
2,130,13,0.05932610481977463
2,130,14,0.053606487810611725
2,130,15,0.05472720414400101
2,130,16,0.06207463890314102
2,130,17,0.052765730768442154
2,130,18,0.05645754188299179
2,131,1,0.05871432274580002
2,131,2,0.05044066533446312
2,131,3,0.05095509812235832
2,131,4,0.05175989493727684
2,131,5,0.05513343960046768
2,131,6,0.054182685911655426
2,131,7,0.05340129882097244
2,131,8,0.053219083696603775
2,131,9,0.05805153399705887
2,131,10,0.05745932459831238
2,131,11,0.057033050805330276
2,131,12,0.058264512568712234
2,131,13,0.058987315744161606
2,131,14,0.054325081408023834
2,131,15,0.05475449934601784
2,131,16,0.062945157289505
2,131,17,0.05372167378664017
2,131,18,0.05665142461657524
2,132,1,0.05865585058927536
2,132,2,0.050912123173475266
2,132,3,0.051008548587560654
2,132,4,0.050977423787117004
2,132,5,0.055358272045850754
2,132,6,0.05510544031858444
2,132,7,0.05384207144379616
2,132,8,0.05405939742922783
2,132,9,0.05844857916235924
2,132,10,0.058327414095401764
2,132,11,0.05782407149672508
2,132,12,0.057817015796899796
2,132,13,0.05967417359352112
2,132,14,0.052341826260089874
2,132,15,0.055294111371040344
2,132,16,0.06205132231116295
2,132,17,0.05242815241217613
2,132,18,0.05587423965334892
2,133,1,0.05836069956421852
2,133,2,0.05073096603155136
2,133,3,0.05041996389627457
2,133,4,0.05136030539870262
2,133,5,0.05629647523164749
2,133,6,0.05409025028347969
2,133,7,0.05359075963497162
2,133,8,0.05403085798025131
2,133,9,0.05828950181603432
2,133,10,0.05857481434941292
2,133,11,0.05716905742883682
2,133,12,0.05818996950984001
2,133,13,0.05917852744460106
2,133,14,0.05353517830371857
2,133,15,0.0543682835996151
2,133,16,0.06228410080075264
2,133,17,0.05298580601811409
2,133,18,0.05654442310333252
2,141,1,0.058412421494722366
2,141,2,0.05077360197901726
2,141,3,0.05091635137796402
2,141,4,0.05173000693321228
2,141,5,0.05555073171854019
2,141,6,0.05379890277981758
2,141,7,0.05327608436346054
2,141,8,0.05404244363307953
2,141,9,0.058526620268821716
2,141,10,0.05869833752512932
2,141,11,0.05746471509337425
2,141,12,0.05807824805378914
2,141,13,0.05918760225176811
2,141,14,0.05353685840964317
2,141,15,0.054732900112867355
2,141,16,0.0622328519821167
2,141,17,0.05272936820983887
2,141,18,0.056311991065740585
2,157,1,0.058425866067409515
2,157,2,0.050719454884529114
2,157,3,0.05101907625794411
2,157,4,0.051472604274749756
2,157,5,0.055570293217897415
2,157,6,0.05469873920083046
2,157,7,0.053138941526412964
2,157,8,0.0538211427628994
2,157,9,0.05864737927913666
2,157,10,0.05824783444404602
2,157,11,0.057239875197410583
2,157,12,0.05811289697885513
2,157,13,0.05889128893613815
2,157,14,0.053337156772613525
2,157,15,0.05489606782793999
2,157,16,0.062178824096918106
2,157,17,0.05328509211540222
2,157,18,0.05629745498299599
2,158,1,0.05835457891225815
2,158,2,0.05196979641914368
2,158,3,0.051051776856184006
2,158,4,0.05036701261997223
2,158,5,0.055543165653944016
2,158,6,0.054322775453329086
2,158,7,0.054008711129426956
2,158,8,0.05494634807109833
2,158,9,0.057914603501558304
2,158,10,0.057858072221279144
2,158,11,0.05780160054564476
2,158,12,0.057957038283348083
2,158,13,0.05846152827143669
2,158,14,0.053634222596883774
2,158,15,0.054233334958553314
2,158,16,0.06014818698167801
2,158,17,0.053477320820093155
2,158,18,0.057949960231781006
2,159,1,0.059517890214920044
2,159,2,0.050077810883522034
2,159,3,0.04975258558988571
2,159,4,0.05317269638180733
2,159,5,0.056082773953676224
2,159,6,0.05412223935127258
2,159,7,0.05318892374634743
2,159,8,0.05362245440483093
2,159,9,0.05841660872101784
2,159,10,0.057827722281217575
2,159,11,0.05664005130529404
2,159,12,0.0563022717833519
2,159,13,0.05999201908707619
2,159,14,0.05375680699944496
2,159,15,0.05443032830953598
2,159,16,0.06416592001914978
2,159,17,0.05292338505387306
2,159,18,0.05600752308964729
2,169,1,0.05857158079743385
2,169,2,0.05083819851279259
2,169,3,0.05134963244199753
2,169,4,0.0516987070441246
2,169,5,0.055590011179447174
2,169,6,0.054272446781396866
2,169,7,0.05358452722430229
2,169,8,0.053810667246580124
2,169,9,0.05800946056842804
2,169,10,0.0587434321641922
2,169,11,0.05769871920347214
2,169,12,0.05842876061797142
2,169,13,0.05908863991498947
2,169,14,0.05335607752203941
2,169,15,0.05387311056256294
2,169,16,0.061570100486278534
2,169,17,0.053002290427684784
2,169,18,0.056513696908950806
2,170,1,0.058617185801267624
2,170,2,0.05099903419613838
2,170,3,0.050357215106487274
2,170,4,0.05117208510637283
2,170,5,0.05612441524863243
2,170,6,0.054112859070301056
2,170,7,0.05409964919090271
2,170,8,0.05448071286082268
2,170,9,0.058667294681072235
2,170,10,0.05880352109670639
2,170,11,0.05776479095220566
2,170,12,0.05746939033269882
2,170,13,0.05847425013780594
2,170,14,0.05372125282883644
2,170,15,0.0534856915473938
2,170,16,0.06245863065123558
2,170,17,0.05336829647421837
2,170,18,0.05582377314567566
2,171,1,0.059036314487457275
2,171,2,0.05098108947277069
2,171,3,0.052155040204524994
2,171,4,0.05170496925711632
2,171,5,0.055496733635663986
2,171,6,0.05379913002252579
2,171,7,0.05317234992980957
2,171,8,0.05306212231516838
2,171,9,0.05860549956560135
2,171,10,0.05776738002896309
2,171,11,0.05771099403500557
2,171,12,0.05889236181974411
2,171,13,0.05876310169696808
2,171,14,0.053347889333963394
2,171,15,0.05438348278403282
2,171,16,0.060230106115341187
2,171,17,0.05320156365633011
2,171,18,0.057689864188432693
2,205,1,0.05892138183116913
2,205,2,0.0507655143737793
2,205,3,0.05075853690505028
2,205,4,0.051282476633787155
2,205,5,0.05577543377876282
2,205,6,0.0538453608751297
2,205,7,0.053227782249450684
2,205,8,0.053832218050956726
2,205,9,0.05854140967130661
2,205,10,0.05859145149588585
2,205,11,0.05719925835728645
2,205,12,0.057859379798173904
2,205,13,0.05886387079954147
2,205,14,0.05368128418922424
2,205,15,0.05444682762026787
2,205,16,0.06217264011502266
2,205,17,0.05323103442788124
2,205,18,0.057004086673259735
2,229,1,0.05842941626906395
2,229,2,0.050917960703372955
2,229,3,0.05097237601876259
2,229,4,0.05141136795282364
2,229,5,0.05597195401787758
2,229,6,0.054173775017261505
2,229,7,0.05377516523003578
2,229,8,0.05408787727355957
2,229,9,0.05812352895736694
2,229,10,0.058701079338788986
2,229,11,0.05751653388142586
2,229,12,0.05779806151986122
2,229,13,0.05901722237467766
2,229,14,0.05358840152621269
2,229,15,0.054130811244249344
2,229,16,0.06197799742221832
2,229,17,0.053064387291669846
2,229,18,0.05634212866425514
2,230,1,0.05987805128097534
2,230,2,0.051073599606752396
2,230,3,0.051036980003118515
2,230,4,0.05262012407183647
2,230,5,0.05432029440999031
2,230,6,0.05456952750682831
2,230,7,0.053412891924381256
2,230,8,0.05267796292901039
2,230,9,0.05876293033361435
2,230,10,0.058985717594623566
2,230,11,0.05710117518901825
2,230,12,0.05845528468489647
2,230,13,0.058655425906181335
2,230,14,0.05245978385210037
2,230,15,0.05443314090371132
2,230,16,0.06245362386107445
2,230,17,0.05305549502372742
2,230,18,0.05604802817106247
2,231,1,0.05740339308977127
2,231,2,0.05042310059070587
2,231,3,0.05022575706243515
2,231,4,0.05196261405944824
2,231,5,0.05762805789709091
2,231,6,0.053134843707084656
2,231,7,0.053899168968200684
2,231,8,0.05435507372021675
2,231,9,0.058072954416275024
2,231,10,0.058657173067331314
2,231,11,0.05634123086929321
2,231,12,0.05824333801865578
2,231,13,0.05914609506726265
2,231,14,0.05410352349281311
2,231,15,0.0542854480445385
2,231,16,0.06256993860006332
2,231,17,0.052876025438308716
2,231,18,0.056672319769859314
2,264,1,0.05862706899642944
2,264,2,0.050465717911720276
2,264,3,0.05090189725160599
2,264,4,0.05128547176718712
2,264,5,0.055846817791461945
2,264,6,0.05395377799868584
2,264,7,0.05358293652534485
2,264,8,0.05413519963622093
2,264,9,0.058605603873729706
2,264,10,0.05841989815235138
2,264,11,0.05718514695763588
2,264,12,0.05795111879706383
2,264,13,0.05928919091820717
2,264,14,0.0534588024020195
2,264,15,0.05466311797499657
2,264,16,0.06224081665277481
2,264,17,0.052674997597932816
2,264,18,0.05671242997050285
2,292,1,0.058354128152132034
2,292,2,0.05057685822248459
2,292,3,0.05106384679675102
2,292,4,0.05137019604444504
2,292,5,0.055988606065511703
2,292,6,0.054378751665353775
2,292,7,0.053460586816072464
2,292,8,0.05402147397398949
2,292,9,0.05829716473817825
2,292,10,0.058318521827459335
2,292,11,0.05754067003726959
2,292,12,0.05802029371261597
2,292,13,0.05876874178647995
2,292,14,0.05372881889343262
2,292,15,0.05462491512298584
2,292,16,0.062079742550849915
2,292,17,0.0528893768787384
2,292,18,0.0565173514187336
2,293,1,0.0582243911921978
2,293,2,0.05027687922120094
2,293,3,0.050743937492370605
2,293,4,0.05223662406206131
2,293,5,0.05418504402041435
2,293,6,0.056398581713438034
2,293,7,0.05379948392510414
2,293,8,0.05325714126229286
2,293,9,0.0586882121860981
2,293,10,0.06031510978937149
2,293,11,0.05735670402646065
2,293,12,0.057637449353933334
2,293,13,0.05865956470370293
2,293,14,0.053384069353342056
2,293,15,0.05456337705254555
2,293,16,0.060543786734342575
2,293,17,0.05302038416266441
2,293,18,0.05670923739671707
2,294,1,0.059853386133909225
2,294,2,0.051128171384334564
2,294,3,0.050981711596250534
2,294,4,0.0518193356692791
2,294,5,0.056216754019260406
2,294,6,0.0520380362868309
2,294,7,0.05308868736028671
2,294,8,0.0543675571680069
2,294,9,0.05757449194788933
2,294,10,0.05754638463258743
2,294,11,0.05737103521823883
2,294,12,0.05826738104224205
2,294,13,0.0589614138007164
2,294,14,0.0536358542740345
2,294,15,0.05420520156621933
2,294,16,0.06333363056182861
2,294,17,0.0538589283823967
2,294,18,0.05575203895568848
2,295,1,0.05833275616168976
2,295,2,0.05071750655770302
2,295,3,0.050752345472574234
2,295,4,0.05144863575696945
2,295,5,0.055100396275520325
2,295,6,0.05404455587267876
2,295,7,0.0537419319152832
2,295,8,0.05398520827293396
2,295,9,0.0584111325442791
2,295,10,0.0584111325442791
2,295,11,0.057134710252285004
2,295,12,0.057829368859529495
2,295,13,0.05914296954870224
2,295,14,0.053942397236824036
2,295,15,0.05466826260089874
2,295,16,0.06220110505819321
2,295,17,0.05342469364404678
2,295,18,0.056710850447416306
2,296,1,0.05774407461285591
2,296,2,0.049317073076963425
2,296,3,0.050541579723358154
2,296,4,0.05128033831715584
2,296,5,0.05561673641204834
2,296,6,0.052218396216630936
2,296,7,0.05458097159862518
2,296,8,0.0556744746863842
2,296,9,0.058118876069784164
2,296,10,0.05925070121884346
2,296,11,0.05801255628466606
2,296,12,0.05841048061847687
2,296,13,0.059489861130714417
2,296,14,0.053984612226486206
2,296,15,0.054737769067287445
2,296,16,0.060922931879758835
2,296,17,0.052544500678777695
2,296,18,0.05755407363176346
3,0,1,0.05171489343047142
3,0,2,0.0536373034119606
3,0,3,0.0618719644844532
3,0,4,0.05511072650551796
3,0,5,0.05578077957034111
3,0,6,0.04700654745101929
3,0,7,0.05926970764994621
3,0,8,0.04977016896009445
3,0,9,0.062019411474466324
3,0,10,0.06298070400953293
3,0,11,0.04892683029174805
3,0,12,0.052722007036209106
3,0,13,0.061371736228466034
3,0,14,0.05531292408704758
3,0,15,0.04883136600255966
3,0,16,0.053788114339113235
3,0,17,0.054329223930835724
3,0,18,0.06555555015802383
3,1,1,0.051793672144412994
3,1,2,0.05491242557764053
3,1,3,0.06163051724433899
3,1,4,0.05457828938961029
3,1,5,0.055865753442049026
3,1,6,0.04706665873527527
3,1,7,0.05870424956083298
3,1,8,0.049785174429416656
3,1,9,0.06306124478578568
3,1,10,0.06301122903823853
3,1,11,0.048537008464336395
3,1,12,0.0526864230632782
3,1,13,0.0616719089448452
3,1,14,0.05497278645634651
3,1,15,0.04839501902461052
3,1,16,0.05424617975950241
3,1,17,0.05370590090751648
3,1,18,0.06537549942731857
3,17,1,0.052307501435279846
3,17,2,0.054139479994773865
3,17,3,0.061851873993873596
3,17,4,0.054139479994773865
3,17,5,0.054644085466861725
3,17,6,0.046956874430179596
3,17,7,0.05861739069223404
3,17,8,0.04986344650387764
3,17,9,0.06249316781759262
3,17,10,0.06307563930749893
3,17,11,0.049162350594997406
3,17,12,0.053170155733823776
3,17,13,0.06179526448249817
3,17,14,0.05469747632741928
3,17,15,0.0487559549510479
3,17,16,0.05409323796629906
3,17,17,0.054285068064928055
3,17,18,0.06595157831907272
3,18,1,0.052369438111782074
3,18,2,0.05359171703457832
3,18,3,0.061424460262060165
3,18,4,0.056507475674152374
3,18,5,0.05625283345580101
3,18,6,0.04658971726894379
3,18,7,0.05935683846473694
3,18,8,0.0493408739566803
3,18,9,0.06187599524855614
3,18,10,0.06264359503984451
3,18,11,0.04855220392346382
3,18,12,0.05291564762592316
3,18,13,0.061582114547491074
3,18,14,0.05493632331490517
3,18,15,0.048256766051054
3,18,16,0.05338278040289879
3,18,17,0.05516480654478073
3,18,18,0.06525641679763794
3,19,1,0.05253717675805092
3,19,2,0.05375023931264877
3,19,3,0.06139969080686569
3,19,4,0.05469007045030594
3,19,5,0.05555809661746025
3,19,6,0.04607052356004715
3,19,7,0.06002131104469299
3,19,8,0.04952308535575867
3,19,9,0.0621158666908741
3,19,10,0.062740758061409
3,19,11,0.049209728837013245
3,19,12,0.051988519728183746
3,19,13,0.06294020265340805
3,19,14,0.05477024242281914
3,19,15,0.04817552492022514
3,19,16,0.054185040295124054
3,19,17,0.05426446720957756
3,19,18,0.06605947017669678
3,26,1,0.05155545100569725
3,26,2,0.053917642682790756
3,26,3,0.06153830885887146
3,26,4,0.05475335195660591
3,26,5,0.05541905760765076
3,26,6,0.04675876349210739
3,26,7,0.059007685631513596
3,26,8,0.04992048442363739
3,26,9,0.06226370111107826
3,26,10,0.0633872002363205
3,26,11,0.048811718821525574
3,26,12,0.052675068378448486
3,26,13,0.061933957040309906
3,26,14,0.05518278479576111
3,26,15,0.04883556067943573
3,26,16,0.05404943972826004
3,26,17,0.054486654698848724
3,26,18,0.06550318747758865
3,27,1,0.051257167011499405
3,27,2,0.05381549149751663
3,27,3,0.06127943471074104
3,27,4,0.05448310449719429
3,27,5,0.05630872771143913
3,27,6,0.04672718048095703
3,27,7,0.05901104211807251
3,27,8,0.049740828573703766
3,27,9,0.06253384798765182
3,27,10,0.06332120299339294
3,27,11,0.04855301231145859
3,27,12,0.052523963153362274
3,27,13,0.06178267300128937
3,27,14,0.054890312254428864
3,27,15,0.04937784746289253
3,27,16,0.05401293560862541
3,27,17,0.05428394302725792
3,27,18,0.06609729677438736
3,28,1,0.051278356462717056
3,28,2,0.05381803587079048
3,28,3,0.06204255670309067
3,28,4,0.054352812469005585
3,28,5,0.0558118112385273
3,28,6,0.0460442453622818
3,28,7,0.05885555222630501
3,28,8,0.04982217773795128
3,28,9,0.06211075559258461
3,28,10,0.06322763860225677
3,28,11,0.04968855530023575
3,28,12,0.05239196494221687
3,28,13,0.06183086335659027
3,28,14,0.05483262613415718
3,28,15,0.04896600544452667
3,28,16,0.05521548166871071
3,28,17,0.054180581122636795
3,28,18,0.06553000211715698
3,45,1,0.05212697014212608
3,45,2,0.05386049300432205
3,45,3,0.06143932417035103
3,45,4,0.054775502532720566
3,45,5,0.05595821514725685
3,45,6,0.04660099372267723
3,45,7,0.05875835940241814
3,45,8,0.049849312752485275
3,45,9,0.06219771131873131
3,45,10,0.06324276328086853
3,45,11,0.048789750784635544
3,45,12,0.052844539284706116
3,45,13,0.06151812523603439
3,45,14,0.05507049337029457
3,45,15,0.04906448721885681
3,45,16,0.053880222141742706
3,45,17,0.05423656478524208
3,45,18,0.06578616052865982
3,46,1,0.05166824534535408
3,46,2,0.05403560772538185
3,46,3,0.06222497299313545
3,46,4,0.054313354194164276
3,46,5,0.0557849183678627
3,46,6,0.046987082809209824
3,46,7,0.05881282687187195
3,46,8,0.05055767670273781
3,46,9,0.06222877278923988
3,46,10,0.06332844495773315
3,46,11,0.04843129217624664
3,46,12,0.05246909335255623
3,46,13,0.06205052137374878
3,46,14,0.05483296886086464
3,46,15,0.048727795481681824
3,46,16,0.05377240106463432
3,46,17,0.05405540019273758
3,46,18,0.06571865826845169
3,62,1,0.05238601565361023
3,62,2,0.054095130413770676
3,62,3,0.061948493123054504
3,62,4,0.0547996386885643
3,62,5,0.05634624883532524
3,62,6,0.04714231193065643
3,62,7,0.05915858596563339
3,62,8,0.049561772495508194
3,62,9,0.062369611114263535
3,62,10,0.06308170408010483
3,62,11,0.048817213624715805
3,62,12,0.052822671830654144
3,62,13,0.06124919280409813
3,62,14,0.05481971427798271
3,62,15,0.0483546108007431
3,62,16,0.053910546004772186
3,62,17,0.054466187953948975
3,62,18,0.06467033177614212
3,63,1,0.05195823684334755
3,63,2,0.05373860150575638
3,63,3,0.0614163763821125
3,63,4,0.05555962398648262
3,63,5,0.05582476034760475
3,63,6,0.04688309133052826
3,63,7,0.058747172355651855
3,63,8,0.0490850955247879
3,63,9,0.06218206509947777
3,63,10,0.0634085014462471
3,63,11,0.04889373108744621
3,63,12,0.052352964878082275
3,63,13,0.0626315325498581
3,63,14,0.05472496896982193
3,63,15,0.04894150048494339
3,63,16,0.05404780060052872
3,63,17,0.05392259359359741
3,63,18,0.06568136066198349
3,70,1,0.05205238610506058
3,70,2,0.05407308042049408
3,70,3,0.061802417039871216
3,70,4,0.05505214259028435
3,70,5,0.05591226741671562
3,70,6,0.04693365469574928
3,70,7,0.05888954922556877
3,70,8,0.049814458936452866
3,70,9,0.06272587180137634
3,70,10,0.06352339684963226
3,70,11,0.048696160316467285
3,70,12,0.05247344821691513
3,70,13,0.06128031015396118
3,70,14,0.054477229714393616
3,70,15,0.048839036375284195
3,70,16,0.053737491369247437
3,70,17,0.054490525275468826
3,70,18,0.06522657722234726
3,71,1,0.05184265971183777
3,71,2,0.05363870784640312
3,71,3,0.06165868788957596
3,71,4,0.05493082478642464
3,71,5,0.05650872364640236
3,71,6,0.0470307283103466
3,71,7,0.05931468307971954
3,71,8,0.049771469086408615
3,71,9,0.062309399247169495
3,71,10,0.06319798529148102
3,71,11,0.04897591099143028
3,71,12,0.0525050163269043
3,71,13,0.061968062072992325
3,71,14,0.054616570472717285
3,71,15,0.048476286232471466
3,71,16,0.0540396049618721
3,71,17,0.05436381325125694
3,71,18,0.06485086679458618
3,72,1,0.05209348723292351
3,72,2,0.053779926151037216
3,72,3,0.06151238828897476
3,72,4,0.05500153824687004
3,72,5,0.05586086958646774
3,72,6,0.04678759351372719
3,72,7,0.05907290428876877
3,72,8,0.04961095750331879
3,72,9,0.06256502121686935
3,72,10,0.06359684467315674
3,72,11,0.048568323254585266
3,72,12,0.052514880895614624
3,72,13,0.06173053756356239
3,72,14,0.0548272542655468
3,72,15,0.04914082959294319
3,72,16,0.053793057799339294
3,72,17,0.05402996763586998
3,72,18,0.06551358103752136
3,112,1,0.05187765136361122
3,112,2,0.05378641188144684
3,112,3,0.06157991662621498
3,112,4,0.05506192147731781
3,112,5,0.056072577834129333
3,112,6,0.047085460275411606
3,112,7,0.058641739189624786
3,112,8,0.04984155297279358
3,112,9,0.062469542026519775
3,112,10,0.06314806640148163
3,112,11,0.048925284296274185
3,112,12,0.05246354267001152
3,112,13,0.06166642904281616
3,112,14,0.05489414185285568
3,112,15,0.048746444284915924
3,112,16,0.05428110063076019
3,112,17,0.05450020357966423
3,112,18,0.06495804339647293
3,113,1,0.05164218321442604
3,113,2,0.053581513464450836
3,113,3,0.06209118291735649
3,113,4,0.055491965264081955
3,113,5,0.05684260278940201
3,113,6,0.04689463600516319
3,113,7,0.058511119335889816
3,113,8,0.04961532726883888
3,113,9,0.06219738721847534
3,113,10,0.06313830614089966
3,113,11,0.048489660024642944
3,113,12,0.05239143967628479
3,113,13,0.06124431639909744
3,113,14,0.05456499755382538
3,113,15,0.048631925135850906
3,113,16,0.0543191023170948
3,113,17,0.05416680872440338
3,113,18,0.06618554145097733
3,114,1,0.05197703093290329
3,114,2,0.05402117595076561
3,114,3,0.06143859773874283
3,114,4,0.05520108714699745
3,114,5,0.056289829313755035
3,114,6,0.04727943241596222
3,114,7,0.05866807699203491
3,114,8,0.049754492938518524
3,114,9,0.062448032200336456
3,114,10,0.06309551000595093
3,114,11,0.04872073605656624
3,114,12,0.05234634503722191
3,114,13,0.06140485778450966
3,114,14,0.05479826033115387
3,114,15,0.04878024384379387
3,114,16,0.0544714629650116
3,114,17,0.054087165743112564
3,114,18,0.06521768122911453
3,118,1,0.05214089900255203
3,118,2,0.0542311929166317
3,118,3,0.06149326264858246
3,118,4,0.05519963800907135
3,118,5,0.05572093278169632
3,118,6,0.046853046864271164
3,118,7,0.05911944806575775
3,118,8,0.04997231438755989
3,118,9,0.06249214708805084
3,118,10,0.06310926377773285
3,118,11,0.048850469291210175
3,118,12,0.05283284932374954
3,118,13,0.06111908331513405
3,118,14,0.054790135473012924
3,118,15,0.048743247985839844
3,118,16,0.05399998649954796
3,118,17,0.054370392113924026
3,118,18,0.06496172398328781
3,136,1,0.05200371891260147
3,136,2,0.05422072485089302
3,136,3,0.06185779720544815
3,136,4,0.0549335777759552
3,136,5,0.05508802831172943
3,136,6,0.046809710562229156
3,136,7,0.059245288372039795
3,136,8,0.04975573346018791
3,136,9,0.06261370331048965
3,136,10,0.06305858492851257
3,136,11,0.049308307468891144
3,136,12,0.05250123515725136
3,136,13,0.06133522465825081
3,136,14,0.05474613979458809
3,136,15,0.048472799360752106
3,136,16,0.05421410873532295
3,136,17,0.054846473038196564
3,136,18,0.06498884409666061
3,137,1,0.05205656215548515
3,137,2,0.05407082661986351
3,137,3,0.06142004206776619
3,137,4,0.055522263050079346
3,137,5,0.05545452609658241
3,137,6,0.04708663001656532
3,137,7,0.0595448799431324
3,137,8,0.0495636947453022
3,137,9,0.06227313354611397
3,137,10,0.06298796832561493
3,137,11,0.04885488376021385
3,137,12,0.052349697798490524
3,137,13,0.061581455171108246
3,137,14,0.05534632131457329
3,137,15,0.04852205514907837
3,137,16,0.053781185299158096
3,137,17,0.0543421171605587
3,137,18,0.06524176895618439
3,151,1,0.05226742848753929
3,151,2,0.05405179783701897
3,151,3,0.061469666659832
3,151,4,0.05535386502742767
3,151,5,0.0561981163918972
3,151,6,0.04676080495119095
3,151,7,0.058672670274972916
3,151,8,0.04995923861861229
3,151,9,0.06254828721284866
3,151,10,0.06298117339611053
3,151,11,0.04880193620920181
3,151,12,0.05225467309355736
3,151,13,0.0615222193300724
3,151,14,0.05503718927502632
3,151,15,0.04882577061653137
3,151,16,0.05378851294517517
3,151,17,0.054038602858781815
3,151,18,0.06546808034181595
3,152,1,0.05193835124373436
3,152,2,0.054245200008153915
3,152,3,0.061202067881822586
3,152,4,0.05532184615731239
3,152,5,0.05606969818472862
3,152,6,0.04659134894609451
3,152,7,0.05873902887105942
3,152,8,0.04949945956468582
3,152,9,0.06201806291937828
3,152,10,0.06248540058732033
3,152,11,0.04841186851263046
3,152,12,0.05270477011799812
3,152,13,0.06305624544620514
3,152,14,0.05485783517360687
3,152,15,0.048530206084251404
3,152,16,0.0550927110016346
3,152,17,0.053691815584897995
3,152,18,0.06554412096738815
3,153,1,0.052443042397499084
3,153,2,0.05389023572206497
3,153,3,0.06125975772738457
3,153,4,0.0554044134914875
3,153,5,0.05599595606327057
3,153,6,0.04703259840607643
3,153,7,0.05853301286697388
3,153,8,0.049241628497838974
3,153,9,0.06222065910696983
3,153,10,0.06358353793621063
3,153,11,0.0483245924115181
3,153,12,0.05231516435742378
3,153,13,0.06163480132818222
3,153,14,0.05520188808441162
3,153,15,0.048277419060468674
3,153,16,0.0538770854473114
3,153,17,0.055811699479818344
3,153,18,0.06495247781276703
3,163,1,0.05187109112739563
3,163,2,0.05418156459927559
3,163,3,0.062431156635284424
3,163,4,0.05527718737721443
3,163,5,0.055833276361227036
3,163,6,0.046838752925395966
3,163,7,0.05902210250496864
3,163,8,0.04945950582623482
3,163,9,0.06253793835639954
3,163,10,0.06288240849971771
3,163,11,0.04911056533455849
3,163,12,0.05245691537857056
3,163,13,0.061918843537569046
3,163,14,0.05469992011785507
3,163,15,0.04878789931535721
3,163,16,0.05355686694383621
3,163,17,0.05416833981871605
3,163,18,0.06496568769216537
3,184,1,0.0514480397105217
3,184,2,0.05442626029253006
3,184,3,0.0623619370162487
3,184,4,0.05521591007709503
3,184,5,0.055642176419496536
3,184,6,0.04691264405846596
3,184,7,0.058971066027879715
3,184,8,0.04979215934872627
3,184,9,0.0625525414943695
3,184,10,0.06370458006858826
3,184,11,0.04903217405080795
3,184,12,0.052488382905721664
3,184,13,0.06154894083738327
3,184,14,0.05434659123420715
3,184,15,0.048460930585861206
3,184,16,0.05387760326266289
3,184,17,0.054167769849300385
3,184,18,0.06505031138658524
3,208,1,0.05167195945978165
3,208,2,0.054556481540203094
3,208,3,0.061850786209106445
3,208,4,0.05538180470466614
3,208,5,0.05536152794957161
3,208,6,0.04664754867553711
3,208,7,0.059162694960832596
3,208,8,0.049789588898420334
3,208,9,0.06242726743221283
3,208,10,0.0638219341635704
3,208,11,0.04895787313580513
3,208,12,0.05244724452495575
3,208,13,0.06111527979373932
3,208,14,0.05474327132105827
3,208,15,0.04865996912121773
3,208,16,0.05373033508658409
3,208,17,0.05458979308605194
3,208,18,0.06508468091487885
3,217,1,0.05161776766180992
3,217,2,0.05371331423521042
3,217,3,0.061902932822704315
3,217,4,0.0549401193857193
3,217,5,0.0559963695704937
3,217,6,0.04654177278280258
3,217,7,0.059115078300237656
3,217,8,0.050213202834129333
3,217,9,0.06279722601175308
3,217,10,0.06303530931472778
3,217,11,0.048870716243982315
3,217,12,0.0528031550347805
3,217,13,0.061488717794418335
3,217,14,0.054792772978544235
3,217,15,0.04881110042333603
3,217,16,0.05388405919075012
3,217,17,0.05416764318943024
3,217,18,0.06530874222517014
3,218,1,0.05271153151988983
3,218,2,0.05420582368969917
3,218,3,0.06169753149151802
3,218,4,0.05482470244169235
3,218,5,0.055933330208063126
3,218,6,0.04705461114645004
3,218,7,0.058882974088191986
3,218,8,0.05012606829404831
3,218,9,0.062451478093862534
3,218,10,0.06340010464191437
3,218,11,0.04857199266552925
3,218,12,0.052557334303855896
3,218,13,0.06143074110150337
3,218,14,0.054704371839761734
3,218,15,0.048631321638822556
3,218,16,0.05398131534457207
3,218,17,0.05401426926255226
3,218,18,0.06482046097517014
3,219,1,0.05212283879518509
3,219,2,0.05390884727239609
3,219,3,0.06176154688000679
3,219,4,0.05518052354454994
3,219,5,0.056440841406583786
3,219,6,0.04702012985944748
3,219,7,0.05880392715334892
3,219,8,0.049748100340366364
3,219,9,0.06263849884271622
3,219,10,0.06316831707954407
3,219,11,0.048809714615345
3,219,12,0.0525316447019577
3,219,13,0.06144570931792259
3,219,14,0.05476447567343712
3,219,15,0.04859568923711777
3,219,16,0.05378396064043045
3,219,17,0.05419917777180672
3,219,18,0.06507611274719238
3,220,1,0.05194107070565224
3,220,2,0.05370118096470833
3,220,3,0.06169284135103226
3,220,4,0.0551224984228611
3,220,5,0.05548705905675888
3,220,6,0.046457480639219284
3,220,7,0.05895041674375534
3,220,8,0.04969579726457596
3,220,9,0.062286850064992905
3,220,10,0.06289426237344742
3,220,11,0.04869890958070755
3,220,12,0.05268179625272751
3,220,13,0.06177950277924538
3,220,14,0.0553247332572937
3,220,15,0.04882986843585968
3,220,16,0.05402335152029991
3,220,17,0.05460014194250107
3,220,18,0.0658322125673294
3,221,1,0.05142893269658089
3,221,2,0.053087376058101654
3,221,3,0.06231214851140976
3,221,4,0.054926540702581406
3,221,5,0.05786546692252159
3,221,6,0.04617944732308388
3,221,7,0.05885569006204605
3,221,8,0.049737218767404556
3,221,9,0.06190275028347969
3,221,10,0.06408251076936722
3,221,11,0.04891832172870636
3,221,12,0.052392084151506424
3,221,13,0.06139478459954262
3,221,14,0.05520887300372124
3,221,15,0.04844292625784874
3,221,16,0.05363452807068825
3,221,17,0.05428000167012215
3,221,18,0.06535042077302933
3,222,1,0.05177054926753044
3,222,2,0.053675372153520584
3,222,3,0.061795059591531754
3,222,4,0.05478750169277191
3,222,5,0.05621698126196861
3,222,6,0.046350207179784775
3,222,7,0.05881429836153984
3,222,8,0.04965372756123543
3,222,9,0.062161996960639954
3,222,10,0.06324118375778198
3,222,11,0.04858646169304848
3,222,12,0.05254731327295303
3,222,13,0.06181769445538521
3,222,14,0.05508928745985031
3,222,15,0.0493636354804039
3,222,16,0.05420872941613197
3,222,17,0.05417565256357193
3,222,18,0.06574437022209167
3,238,1,0.052108023315668106
3,238,2,0.054316215217113495
3,238,3,0.06197051703929901
3,238,4,0.05498332157731056
3,238,5,0.05608830600976944
3,238,6,0.04658406227827072
3,238,7,0.05911824852228165
3,238,8,0.04972182214260101
3,238,9,0.06283509731292725
3,238,10,0.0632738247513771
3,238,11,0.04870062693953514
3,238,12,0.052876945585012436
3,238,13,0.06111037731170654
3,238,14,0.05479571223258972
3,238,15,0.048688746988773346
3,238,16,0.053703077137470245
3,238,17,0.054230090230703354
3,238,18,0.06489501893520355
3,239,1,0.052018336951732635
3,239,2,0.054149970412254333
3,239,3,0.06187896430492401
3,239,4,0.0549020916223526
3,239,5,0.0558416023850441
3,239,6,0.047063540667295456
3,239,7,0.05894450098276138
3,239,8,0.05017232149839401
3,239,9,0.06272311508655548
3,239,10,0.06326910108327866
3,239,11,0.048521947115659714
3,239,12,0.05261866748332977
3,239,13,0.06144240126013756
3,239,14,0.054835107177495956
3,239,15,0.048711858689785004
3,239,16,0.053945448249578476
3,239,17,0.05399155989289284
3,239,18,0.06496942788362503
3,240,1,0.05249227583408356
3,240,2,0.053980354219675064
3,240,3,0.06159108132123947
3,240,4,0.05528070032596588
3,240,5,0.05652950704097748
3,240,6,0.04752713814377785
3,240,7,0.05911238491535187
3,240,8,0.04974724352359772
3,240,9,0.06278669834136963
3,240,10,0.06297475099563599
3,240,11,0.04865420609712601
3,240,12,0.05254356935620308
3,240,13,0.0610894039273262
3,240,14,0.054603319615125656
3,240,15,0.048571132123470306
3,240,16,0.05378303304314613
3,240,17,0.05402649939060211
3,240,18,0.06470665335655212
3,244,1,0.05140918493270874
3,244,2,0.053889524191617966
3,244,3,0.06193944439291954
3,244,4,0.055383387953042984
3,244,5,0.055093444883823395
3,244,6,0.046432990580797195
3,244,7,0.05914994701743126
3,244,8,0.04965747147798538
3,244,9,0.06258929520845413
3,244,10,0.06308788806200027
3,244,11,0.04888760671019554
3,244,12,0.052911754697561264
3,244,13,0.06131505221128464
3,244,14,0.05546458065509796
3,244,15,0.048863738775253296
3,244,16,0.05389609560370445
3,244,17,0.05465136095881462
3,244,18,0.06537718325853348
3,245,1,0.05088154971599579
3,245,2,0.05333642661571503
3,245,3,0.0613861046731472
3,245,4,0.054768145084381104
3,245,5,0.05648598447442055
3,245,6,0.046080008149147034
3,245,7,0.05865731090307236
3,245,8,0.049727149307727814
3,245,9,0.062102120369672775
3,245,10,0.06247469410300255
3,245,11,0.04852781444787979
3,245,12,0.05233035236597061
3,245,13,0.06363306194543839
3,245,14,0.054915428161621094
3,245,15,0.048932306468486786
3,245,16,0.05504294112324715
3,245,17,0.05424914509057999
3,245,18,0.0664694756269455
3,246,1,0.052141547203063965
3,246,2,0.05380326136946678
3,246,3,0.061610493808984756
3,246,4,0.05481088533997536
3,246,5,0.0562615767121315
3,246,6,0.04700257256627083
3,246,7,0.05881785601377487
3,246,8,0.049778107553720474
3,246,9,0.06235956773161888
3,246,10,0.0633145347237587
3,246,11,0.048779573291540146
3,246,12,0.0527561753988266
3,246,13,0.06117955595254898
3,246,14,0.05515991523861885
3,246,15,0.04855382442474365
3,246,16,0.05369172617793083
3,246,17,0.05430474132299423
3,246,18,0.06567415595054626
3,252,1,0.051408667117357254
3,252,2,0.053915295749902725
3,252,3,0.06152436509728432
3,252,4,0.0551803894340992
3,252,5,0.05484462156891823
3,252,6,0.046614255756139755
3,252,7,0.058940332382917404
3,252,8,0.05002200976014137
3,252,9,0.062135715037584305
3,252,10,0.06294110417366028
3,252,11,0.04894682765007019
3,252,12,0.0526406429708004
3,252,13,0.06213193014264107
3,252,14,0.055409885942935944
3,252,15,0.04874410107731819
3,252,16,0.0541924312710762
3,252,17,0.054710887372493744
3,252,18,0.06569653004407883
3,253,1,0.05192471668124199
3,253,2,0.05366462469100952
3,253,3,0.061733677983284
3,253,4,0.05472974106669426
3,253,5,0.056453265249729156
3,253,6,0.04652229696512222
3,253,7,0.05887433886528015
3,253,8,0.049559008330106735
3,253,9,0.062430888414382935
3,253,10,0.06265993416309357
3,253,11,0.04887412488460541
3,253,12,0.05316256731748581
3,253,13,0.06183172017335892
3,253,14,0.05508497357368469
3,253,15,0.04869546741247177
3,253,16,0.05416480451822281
3,253,17,0.05427069589495659
3,253,18,0.06536314636468887
3,254,1,0.0516417995095253
3,254,2,0.05392889678478241
3,254,3,0.061416056007146835
3,254,4,0.05483836680650711
3,254,5,0.055661167949438095
3,254,6,0.04626881703734398
3,254,7,0.05871818587183952
3,254,8,0.04999188706278801
3,254,9,0.062451791018247604
3,254,10,0.06299541890621185
3,254,11,0.0487266443669796
3,254,12,0.05266034975647926
3,254,13,0.06181469187140465
3,254,14,0.05564078316092491
3,254,15,0.048881541937589645
3,254,16,0.05412014201283455
3,254,17,0.05464457720518112
3,254,18,0.06559889018535614
3,274,1,0.05180197209119797
3,274,2,0.053964246064424515
3,274,3,0.061881642788648605
3,274,4,0.0549883097410202
3,274,5,0.056189339607954025
3,274,6,0.046707868576049805
3,274,7,0.059008244425058365
3,274,8,0.04980530962347984
3,274,9,0.06256906688213348
3,274,10,0.06331047415733337
3,274,11,0.048770491033792496
3,274,12,0.052720602601766586
3,274,13,0.06135512515902519
3,274,14,0.054867617785930634
3,274,15,0.048746682703495026
3,274,16,0.054016973823308945
3,274,17,0.054307885468006134
3,274,18,0.06498810648918152
4,15,1,0.05917825549840927
4,15,2,0.05083456635475159
4,15,3,0.05047592893242836
4,15,4,0.044072940945625305
4,15,5,0.05396798998117447
4,15,6,0.052634235471487045
4,15,7,0.054624151438474655
4,15,8,0.0504266619682312
4,15,9,0.052078209817409515
4,15,10,0.05786387622356415
4,15,11,0.05095883086323738
4,15,12,0.05759608373045921
4,15,13,0.05939537286758423
4,15,14,0.05678626149892807
4,15,15,0.06676370650529861
4,15,16,0.06412770599126816
4,15,17,0.05110834538936615
4,15,18,0.06710688769817352
4,16,1,0.05352766811847687
4,16,2,0.06264133006334305
4,16,3,0.05247953534126282
4,16,4,0.0562610998749733
4,16,5,0.05309814587235451
4,16,6,0.0483110174536705
4,16,7,0.05195685103535652
4,16,8,0.04800533130764961
4,16,9,0.056192461401224136
4,16,10,0.05163439363241196
4,16,11,0.04739684239029884
4,16,12,0.06344164907932281
4,16,13,0.06406422704458237
4,16,14,0.05056157335639
4,16,15,0.06426788121461868
4,16,16,0.0537831075489521
4,16,17,0.05123882368206978
4,16,18,0.07113806158304214
4,29,1,0.05856570973992348
4,29,2,0.05318816006183624
4,29,3,0.05308438092470169
4,29,4,0.04823662340641022
4,29,5,0.05589742958545685
4,29,6,0.050988469272851944
4,29,7,0.055225979536771774
4,29,8,0.05507786571979523
4,29,9,0.053834836930036545
4,29,10,0.05440961942076683
4,29,11,0.04830143600702286
4,29,12,0.05842289701104164
4,29,13,0.0612117238342762
4,29,14,0.05431670695543289
4,29,15,0.06727718561887741
4,29,16,0.05750309303402901
4,29,17,0.048626817762851715
4,29,18,0.06583111733198166
4,30,1,0.061311956495046616
4,30,2,0.05645565316081047
4,30,3,0.054839059710502625
4,30,4,0.04318906366825104
4,30,5,0.04918142035603523
4,30,6,0.05520173907279968
4,30,7,0.05143484100699425
4,30,8,0.054912738502025604
4,30,9,0.05737270414829254
4,30,10,0.054372455924749374
4,30,11,0.051416005939245224
4,30,12,0.05511420965194702
4,30,13,0.06081997975707054
4,30,14,0.05738671496510506
4,30,15,0.06437999755144119
4,30,16,0.05990629270672798
4,30,17,0.04902857169508934
4,30,18,0.06367657333612442
4,31,1,0.053505945950746536
4,31,2,0.0484330989420414
4,31,3,0.06448536366224289
4,31,4,0.05230477452278137
4,31,5,0.06842679530382156
4,31,6,0.059697482734918594
4,31,7,0.059117335826158524
4,31,8,0.046857092529535294
4,31,9,0.05268927291035652
4,31,10,0.057860784232616425
4,31,11,0.04674854129552841
4,31,12,0.05888686329126358
4,31,13,0.05479486659169197
4,31,14,0.056838709861040115
4,31,15,0.05413005128502846
4,31,16,0.0534537173807621
4,31,17,0.04668296128511429
4,31,18,0.06508640199899673
4,32,1,0.05906182527542114
4,32,2,0.0572027750313282
4,32,3,0.05816035345196724
4,32,4,0.048423074185848236
4,32,5,0.06302466988563538
4,32,6,0.04763162508606911
4,32,7,0.0508461594581604
4,32,8,0.05106385797262192
4,32,9,0.04851182550191879
4,32,10,0.055836763232946396
4,32,11,0.043148621916770935
4,32,12,0.056000590324401855
4,32,13,0.06271767616271973
4,32,14,0.0525178499519825
4,32,15,0.07162583619356155
4,32,16,0.05462326109409332
4,32,17,0.04752127453684807
4,32,18,0.07208193838596344
4,47,1,0.055119432508945465
4,47,2,0.05318283662199974
4,47,3,0.054364338517189026
4,47,4,0.04902723431587219
4,47,5,0.058431316167116165
4,47,6,0.05602845922112465
4,47,7,0.0544772744178772
4,47,8,0.051521409302949905
4,47,9,0.05432453379034996
4,47,10,0.05272389203310013
4,47,11,0.047521721571683884
4,47,12,0.058104127645492554
4,47,13,0.06003643572330475
4,47,14,0.058146700263023376
4,47,15,0.0670572817325592
4,47,16,0.054557133466005325
4,47,17,0.048105377703905106
4,47,18,0.06727045029401779
4,48,1,0.05269099399447441
4,48,2,0.052755359560251236
4,48,3,0.055422283709049225
4,48,4,0.05909040942788124
4,48,5,0.052000902593135834
4,48,6,0.04581262543797493
4,48,7,0.058459047228097916
4,48,8,0.05201995000243187
4,48,9,0.05333162844181061
4,48,10,0.05276823788881302
4,48,11,0.050508782267570496
4,48,12,0.06074328348040581
4,48,13,0.057279378175735474
4,48,14,0.05298769846558571
4,48,15,0.0602852925658226
4,48,16,0.05886003375053406
4,48,17,0.05269099399447441
4,48,18,0.07229310274124146
4,49,1,0.07259875535964966
4,49,2,0.05175747722387314
4,49,3,0.047154489904642105
4,49,4,0.040846191346645355
4,49,5,0.05952887609601021
4,49,6,0.05688611790537834
4,49,7,0.055826716125011444
4,49,8,0.05696950480341911
4,49,9,0.0510297492146492
4,49,10,0.05612737312912941
4,49,11,0.047036632895469666
4,49,12,0.056997328996658325
4,49,13,0.06240095570683479
4,49,14,0.05316627770662308
4,49,15,0.06611806154251099
4,49,16,0.058306265622377396
4,49,17,0.047399766743183136
4,49,18,0.059849467128515244
4,50,1,0.05252217873930931
4,50,2,0.0532451868057251
4,50,3,0.05422249436378479
4,50,4,0.041184261441230774
4,50,5,0.05495549365878105
4,50,6,0.050196610391139984
4,50,7,0.055766429752111435
4,50,8,0.05152517929673195
4,50,9,0.05047927051782608
4,50,10,0.055332448333501816
4,50,11,0.05106806382536888
4,50,12,0.059406548738479614
4,50,13,0.06169768050312996
4,50,14,0.06156225875020027
4,50,15,0.06744804978370667
4,50,16,0.05854267627000809
4,50,17,0.050590306520462036
4,50,18,0.07025483250617981
4,73,1,0.059655215591192245
4,73,2,0.05566589906811714
4,73,3,0.05352683737874031
4,73,4,0.04524466395378113
4,73,5,0.055124931037425995
4,73,6,0.051300615072250366
4,73,7,0.05368388444185257
4,73,8,0.05493013560771942
4,73,9,0.05602037161588669
4,73,10,0.05456257611513138
4,73,11,0.05128809064626694
4,73,12,0.05766474828124046
4,73,13,0.058330241590738297
4,73,14,0.05786218121647835
4,73,15,0.06191057339310646
4,73,16,0.05929221957921982
4,73,17,0.04944987595081329
4,73,18,0.06448692083358765
4,74,1,0.05116790533065796
4,74,2,0.048450715839862823
4,74,3,0.05025792494416237
4,74,4,0.057945460081100464
4,74,5,0.05393204465508461
4,74,6,0.051594410091638565
4,74,7,0.05478135123848915
4,74,8,0.050196610391139984
4,74,9,0.059073902666568756
4,74,10,0.06266927719116211
4,74,11,0.04843888431787491
4,74,12,0.052445296198129654
4,74,13,0.06225753203034401
4,74,14,0.051575519144535065
4,74,15,0.06550069898366928
4,74,16,0.057775940746068954
4,74,17,0.054915256798267365
4,74,18,0.06702126562595367
4,75,1,0.06173406168818474
4,75,2,0.06051046773791313
4,75,3,0.05303002893924713
4,75,4,0.04372526705265045
4,75,5,0.05616835504770279
4,75,6,0.0666852816939354
4,75,7,0.053891442716121674
4,75,8,0.055710840970277786
4,75,9,0.054827045649290085
4,75,10,0.06037765368819237
4,75,11,0.05009150877594948
4,75,12,0.051675278693437576
4,75,13,0.052855536341667175
4,75,14,0.05034590885043144
4,75,15,0.07231553643941879
4,75,16,0.05053987354040146
4,75,17,0.04429219290614128
4,75,18,0.061223745346069336
4,88,1,0.0559287928044796
4,88,2,0.051668886095285416
4,88,3,0.05137956514954567
4,88,4,0.044119276106357574
4,88,5,0.06193777173757553
4,88,6,0.05188377946615219
4,88,7,0.05969599261879921
4,88,8,0.048657070845365524
4,88,9,0.05261726304888725
4,88,10,0.054460085928440094
4,88,11,0.0479700081050396
4,88,12,0.057045817375183105
4,88,13,0.06635225564241409
4,88,14,0.05767599493265152
4,88,15,0.0641070231795311
4,88,16,0.0541088841855526
4,88,17,0.04918857663869858
4,88,18,0.07120296359062195
4,89,1,0.06029140204191208
4,89,2,0.05399870127439499
4,89,3,0.05227348580956459
4,89,4,0.052292633801698685
4,89,5,0.06836916506290436
4,89,6,0.06484134495258331
4,89,7,0.046586740761995316
4,89,8,0.05723625794053078
4,89,9,0.052606355398893356
4,89,10,0.04954594746232033
4,89,11,0.045317698270082474
4,89,12,0.05440893396735191
4,89,13,0.05170233175158501
4,89,14,0.04928054288029671
4,89,15,0.07408730685710907
4,89,16,0.06323114037513733
4,89,17,0.045063938945531845
4,89,18,0.058866001665592194
4,90,1,0.058697786182165146
4,90,2,0.05444585159420967
4,90,3,0.05509437248110771
4,90,4,0.04253888875246048
4,90,5,0.05178797245025635
4,90,6,0.05275784805417061
4,90,7,0.05701699107885361
4,90,8,0.045673444867134094
4,90,9,0.053641024976968765
4,90,10,0.050329603254795074
4,90,11,0.04869188368320465
4,90,12,0.061514753848314285
4,90,13,0.06475082784891129
4,90,14,0.06390278041362762
4,90,15,0.06096157804131508
4,90,16,0.04921776428818703
4,90,17,0.052270662039518356
4,90,18,0.07670601457357407
4,160,1,0.05743623524904251
4,160,2,0.053178224712610245
4,160,3,0.05366732180118561
4,160,4,0.043997086584568024
4,160,5,0.05469242110848427
4,160,6,0.057576630264520645
4,160,7,0.05123472586274147
4,160,8,0.05560798570513725
4,160,9,0.052700020372867584
4,160,10,0.055955253541469574
4,160,11,0.04855545982718468
4,160,12,0.05884138122200966
4,160,13,0.05560119077563286
4,160,14,0.05535739287734032
4,160,15,0.06693697720766068
4,160,16,0.05799988657236099
4,160,17,0.05040962994098663
4,160,18,0.0702521800994873
4,161,1,0.06448686867952347
4,161,2,0.05873029679059982
4,161,3,0.0531361848115921
4,161,4,0.04413015767931938
4,161,5,0.06575875729322433
4,161,6,0.061204176396131516
4,161,7,0.054883163422346115
4,161,8,0.05240185558795929
4,161,9,0.05956784263253212
4,161,10,0.05131935328245163
4,161,11,0.04418810084462166
4,161,12,0.048428311944007874
4,161,13,0.05623271316289902
4,161,14,0.05353332310914993
4,161,15,0.06518332660198212
4,161,16,0.05327907204627991
4,161,17,0.04806610569357872
4,161,18,0.06547041237354279
4,162,1,0.05557020381093025
4,162,2,0.05094119533896446
4,162,3,0.05422993376851082
4,162,4,0.04821838065981865
4,162,5,0.05673544108867645
4,162,6,0.04767698422074318
4,162,7,0.052012547850608826
4,162,8,0.05932048708200455
4,162,9,0.05824417993426323
4,162,10,0.05660400167107582
4,162,11,0.04839528724551201
4,162,12,0.05517814680933952
4,162,13,0.058358047157526016
4,162,14,0.05895952507853508
4,162,15,0.06499194353818893
4,162,16,0.056500453501939774
4,162,17,0.053624313324689865
4,162,18,0.06443895399570465
4,175,1,0.055611319839954376
4,175,2,0.05378860607743263
4,175,3,0.05144461989402771
4,175,4,0.04832480102777481
4,175,5,0.05724369361996651
4,175,6,0.04832480102777481
4,175,7,0.054376158863306046
4,175,8,0.05432308465242386
4,175,9,0.054356250911951065
4,175,10,0.053953006863594055
4,175,11,0.04994102194905281
4,175,12,0.06464426964521408
4,175,13,0.062213338911533356
4,175,14,0.0563080795109272
4,175,15,0.06545419991016388
4,175,16,0.05612964555621147
4,175,17,0.05001423507928848
4,175,18,0.06354889273643494
4,176,1,0.056205395609140396
4,176,2,0.05507792532444
4,176,3,0.04808969050645828
4,176,4,0.047043122351169586
4,176,5,0.05730694532394409
4,176,6,0.061316490173339844
4,176,7,0.05395331233739853
4,176,8,0.0470459908246994
4,176,9,0.05012759938836098
4,176,10,0.05310387909412384
4,176,11,0.048894722014665604
4,176,12,0.05258139222860336
4,176,13,0.05858006700873375
4,176,14,0.07100691646337509
4,176,15,0.06330923736095428
4,176,16,0.05323368310928345
4,176,17,0.058565765619277954
4,176,18,0.06455789506435394
4,177,1,0.05938560515642166
4,177,2,0.05274777486920357
4,177,3,0.0520823635160923
4,177,4,0.04668062925338745
4,177,5,0.050529271364212036
4,177,6,0.05931316316127777
4,177,7,0.052638426423072815
4,177,8,0.0473087802529335
4,177,9,0.05206964910030365
4,177,10,0.055801235139369965
4,177,11,0.05084483325481415
4,177,12,0.058379340916872025
4,177,13,0.0589810349047184
4,177,14,0.051576219499111176
4,177,15,0.06316936761140823
4,177,16,0.06563766300678253
4,177,17,0.05291545391082764
4,177,18,0.06993918865919113
4,178,1,0.06186802312731743
4,178,2,0.05173686146736145
4,178,3,0.052937909960746765
4,178,4,0.04672466591000557
4,178,5,0.05772368237376213
4,178,6,0.05773777514696121
4,178,7,0.05803455784916878
4,178,8,0.052763715386390686
4,178,9,0.053248997777700424
4,178,10,0.05705118179321289
4,178,11,0.04901936650276184
4,178,12,0.0588909275829792
4,178,13,0.057288456708192825
4,178,14,0.05389641970396042
4,178,15,0.06081968918442726
4,178,16,0.055872634053230286
4,178,17,0.05224457383155823
4,178,18,0.06214050203561783
4,196,1,0.05812974274158478
4,196,2,0.05216444283723831
4,196,3,0.05064599588513374
4,196,4,0.05152525380253792
4,196,5,0.05240698158740997
4,196,6,0.05049166828393936
4,196,7,0.05338845029473305
4,196,8,0.054989129304885864
4,196,9,0.054169654846191406
4,196,10,0.05579375475645065
4,196,11,0.04790385439991951
4,196,12,0.05890117958188057
4,196,13,0.06356308609247208
4,196,14,0.05699149891734123
4,196,15,0.06192413344979286
4,196,16,0.0576070100069046
4,196,17,0.050726428627967834
4,196,18,0.06867776811122894
4,197,1,0.06914228200912476
4,197,2,0.05584977567195892
4,197,3,0.05300675705075264
4,197,4,0.04424818977713585
4,197,5,0.05785522609949112
4,197,6,0.05123812332749367
4,197,7,0.0489036962389946
4,197,8,0.047465670853853226
4,197,9,0.05582932382822037
4,197,10,0.0477912575006485
4,197,11,0.054124847054481506
4,197,12,0.06038063019514084
4,197,13,0.052427589893341064
4,197,14,0.05808166041970253
4,197,15,0.0651119276881218
4,197,16,0.06301627308130264
4,197,17,0.05394016206264496
4,197,18,0.061586569994688034
4,198,1,0.05290041118860245
4,198,2,0.049616534262895584
4,198,3,0.05906511843204498
4,198,4,0.05223306640982628
4,198,5,0.06438123434782028
4,198,6,0.04998126998543739
4,198,7,0.05893548205494881
4,198,8,0.05222668871283531
4,198,9,0.053726907819509506
4,198,10,0.06344501674175262
4,198,11,0.04933268204331398
4,198,12,0.058849211782217026
4,198,13,0.060171280056238174
4,198,14,0.05083657428622246
4,198,15,0.052868131548166275
4,198,16,0.049822889268398285
4,198,17,0.04792005568742752
4,198,18,0.07368740439414978
4,211,1,0.05927933007478714
4,211,2,0.053823117166757584
4,211,3,0.05133957415819168
4,211,4,0.04194819927215576
4,211,5,0.055369190871715546
4,211,6,0.056330449879169464
4,211,7,0.05516679584980011
4,211,8,0.05433140695095062
4,211,9,0.05563341826200485
4,211,10,0.056980542838573456
4,211,11,0.048403050750494
4,211,12,0.056966632604599
4,211,13,0.05922146514058113
4,211,14,0.0596422515809536
4,211,15,0.06248927861452103
4,211,16,0.06034528836607933
4,211,17,0.05223724991083145
4,211,18,0.06049279868602753
4,212,1,0.05557290464639664
4,212,2,0.059157051146030426
4,212,3,0.05794207751750946
4,212,4,0.05218043178319931
4,212,5,0.07121779024600983
4,212,6,0.055329229682683945
4,212,7,0.05248706787824631
4,212,8,0.05327458679676056
4,212,9,0.05459124222397804
4,212,10,0.05794207751750946
4,212,11,0.047784190624952316
4,212,12,0.06838922947645187
4,212,13,0.053679317235946655
4,212,14,0.04801221936941147
4,212,15,0.056544605642557144
4,212,16,0.05040859058499336
4,212,17,0.04337013512849808
4,212,18,0.06211726740002632
4,213,1,0.05129984766244888
4,213,2,0.05606057494878769
4,213,3,0.06089777126908302
4,213,4,0.07580700516700745
4,213,5,0.059226229786872864
4,213,6,0.059909746050834656
4,213,7,0.05179063230752945
4,213,8,0.053532570600509644
4,213,9,0.04410732164978981
4,213,10,0.04989784583449364
4,213,11,0.04392329975962639
4,213,12,0.05196795612573624
4,213,13,0.05472184717655182
4,213,14,0.05792492628097534
4,213,15,0.061405375599861145
4,213,16,0.04782839119434357
4,213,17,0.05279921367764473
4,213,18,0.06689944863319397
4,223,1,0.06385722756385803
4,223,2,0.05323111265897751
4,223,3,0.052797526121139526
4,223,4,0.047480739653110504
4,223,5,0.06872659176588058
4,223,6,0.05500807613134384
4,223,7,0.050762489438056946
4,223,8,0.05225890874862671
4,223,9,0.05341336503624916
4,223,10,0.05194725841283798
4,223,11,0.04895506426692009
4,223,12,0.054720088839530945
4,223,13,0.06014963984489441
4,223,14,0.05520988628268242
4,223,15,0.06476788967847824
4,223,16,0.0547134093940258
4,223,17,0.046019911766052246
4,223,18,0.06598085910081863
4,226,1,0.05730201676487923
4,226,2,0.05538330599665642
4,226,3,0.054351892322301865
4,226,4,0.045705024152994156
4,226,5,0.056399863213300705
4,226,6,0.05997873842716217
4,226,7,0.05365313962101936
4,226,8,0.05129627138376236
4,226,9,0.054718028753995895
4,226,10,0.05804829299449921
4,226,11,0.04985479637980461
4,226,12,0.05509335920214653
4,226,13,0.057617656886577606
4,226,14,0.054564617574214935
4,226,15,0.06423791497945786
4,226,16,0.05487187206745148
4,226,17,0.04976662993431091
4,226,18,0.0671566054224968
4,227,1,0.0554068461060524
4,227,2,0.05213894322514534
4,227,3,0.052895404398441315
4,227,4,0.048699796199798584
4,227,5,0.05665850266814232
4,227,6,0.06277651339769363
4,227,7,0.05470120161771774
4,227,8,0.05027022957801819
4,227,9,0.05321924015879631
4,227,10,0.053525447845458984
4,227,11,0.04930995777249336
4,227,12,0.059203892946243286
4,227,13,0.056313738226890564
4,227,14,0.05554906278848648
4,227,15,0.06351650506258011
4,227,16,0.060327380895614624
4,227,17,0.05564407259225845
4,227,18,0.05984330177307129
4,232,1,0.06161247193813324
4,232,2,0.054499074816703796
4,232,3,0.05234091356396675
4,232,4,0.04691809415817261
4,232,5,0.057163361459970474
4,232,6,0.06722347438335419
4,232,7,0.05200337618589401
4,232,8,0.050848353654146194
4,232,9,0.05664931982755661
4,232,10,0.05484611541032791
4,232,11,0.04789021983742714
4,232,12,0.057653915137052536
4,232,13,0.05588008835911751
4,232,14,0.051939934492111206
4,232,15,0.06563419103622437
4,232,16,0.0555400624871254
4,232,17,0.051215894520282745
4,232,18,0.06014115735888481
4,233,1,0.05136069282889366
4,233,2,0.06349170953035355
4,233,3,0.05484028160572052
4,233,4,0.0421348474919796
4,233,5,0.06224846839904785
4,233,6,0.056168198585510254
4,233,7,0.05625053495168686
4,233,8,0.04757922142744064
4,233,9,0.05379270389676094
4,233,10,0.05420136824250221
4,233,11,0.04583265259861946
4,233,12,0.05554771050810814
4,233,13,0.060289110988378525
4,233,14,0.05843421071767807
4,233,15,0.06932460516691208
4,233,16,0.054947491735219955
4,233,17,0.04473748430609703
4,233,18,0.06881871074438095
4,234,1,0.060832198709249496
4,234,2,0.05051792412996292
4,234,3,0.05188031867146492
4,234,4,0.04776814579963684
4,234,5,0.05229999125003815
4,234,6,0.05567305162549019
4,234,7,0.05520609766244888
4,234,8,0.057834308594465256
4,234,9,0.053953588008880615
4,234,10,0.05535455048084259
4,234,11,0.05138241499662399
4,234,12,0.05745432525873184
4,234,13,0.061025574803352356
4,234,14,0.054131701588630676
4,234,15,0.06293199956417084
4,234,16,0.059728462249040604
4,234,17,0.05144517496228218
4,234,18,0.06058024242520332
4,241,1,0.05863713100552559
4,241,2,0.05510466545820236
4,241,3,0.05205753818154335
4,241,4,0.04829839989542961
4,241,5,0.05688858404755592
4,241,6,0.054762665182352066
4,241,7,0.05369690805673599
4,241,8,0.05227404460310936
4,241,9,0.05613665282726288
4,241,10,0.05795398727059364
4,241,11,0.04885579273104668
4,241,12,0.05645965039730072
4,241,13,0.05808146297931671
4,241,14,0.055740609765052795
4,241,15,0.06441601365804672
4,241,16,0.05419077351689339
4,241,17,0.05075859650969505
4,241,18,0.06568650156259537
4,255,1,0.060237664729356766
4,255,2,0.05586736649274826
4,255,3,0.05256589129567146
4,255,4,0.04511764645576477
4,255,5,0.05868445336818695
4,255,6,0.05290061980485916
4,255,7,0.05743710324168205
4,255,8,0.051379550248384476
4,255,9,0.05479348078370094
4,255,10,0.055486761033535004
4,255,11,0.04924263060092926
4,255,12,0.059783484786748886
4,255,13,0.05554097890853882
4,255,14,0.053217992186546326
4,255,15,0.06562726199626923
4,255,16,0.05769006535410881
4,255,17,0.048799820244312286
4,255,18,0.06562726199626923
4,256,1,0.053751684725284576
4,256,2,0.04885490983724594
4,256,3,0.05039650574326515
4,256,4,0.048468802124261856
4,256,5,0.06014027073979378
4,256,6,0.054872091859579086
4,256,7,0.05266057699918747
4,256,8,0.055988509207963943
4,256,9,0.055525682866573334
4,256,10,0.06161155924201012
4,256,11,0.04313470795750618
4,256,12,0.05482522398233414
4,256,13,0.06555315107107162
4,256,14,0.06258179992437363
4,256,15,0.06531352549791336
4,256,16,0.05733023211359978
4,256,17,0.049912840127944946
4,256,18,0.059077925980091095
4,257,1,0.062090497463941574
4,257,2,0.06041571870446205
4,257,3,0.05974101275205612
4,257,4,0.045551322400569916
4,257,5,0.04808829724788666
4,257,6,0.04786866903305054
4,257,7,0.052349306643009186
4,257,8,0.04773446545004845
4,257,9,0.054354991763830185
4,257,10,0.05748043581843376
4,257,11,0.05890103057026863
4,257,12,0.06370275467634201
4,257,13,0.052081603556871414
4,257,14,0.04669419303536415
4,257,15,0.05774768069386482
4,257,16,0.059566251933574677
4,257,17,0.054895102977752686
4,257,18,0.07073666900396347
4,258,1,0.05455174669623375
4,258,2,0.05580451712012291
4,258,3,0.053837280720472336
4,258,4,0.052110858261585236
4,258,5,0.0558590404689312
4,258,6,0.0516611710190773
4,258,7,0.05557338893413544
4,258,8,0.05489242821931839
4,258,9,0.055316198617219925
4,258,10,0.060169901698827744
4,258,11,0.04836558178067207
4,258,12,0.05869003012776375
4,258,13,0.058361396193504333
4,258,14,0.05546495318412781
4,258,15,0.06131172180175781
4,258,16,0.05594092234969139
4,258,17,0.049031373113393784
4,258,18,0.06305751204490662
4,259,1,0.06957363337278366
4,259,2,0.053311411291360855
4,259,3,0.052459269762039185
4,259,4,0.046210452914237976
4,259,5,0.06908278912305832
4,259,6,0.05157666653394699
4,259,7,0.045117951929569244
4,259,8,0.06351786851882935
4,259,9,0.05318141356110573
4,259,10,0.04954633116722107
4,259,11,0.04244859144091606
4,259,12,0.056673552840948105
4,259,13,0.05545540153980255
4,259,14,0.05313599109649658
4,259,15,0.06537434458732605
4,259,16,0.05797504261136055
4,259,17,0.05294822156429291
4,259,18,0.062411099672317505
4,260,1,0.048420704901218414
4,260,2,0.05544688552618027
4,260,3,0.04813194274902344
4,260,4,0.050110433250665665
4,260,5,0.055345457047224045
4,260,6,0.044211506843566895
4,260,7,0.05481429025530815
4,260,8,0.050009604543447495
4,260,9,0.05173898860812187
4,260,10,0.05694220960140228
4,260,11,0.049423959106206894
4,260,12,0.058592185378074646
4,260,13,0.056831106543540955
4,260,14,0.06566821783781052
4,260,15,0.07558365166187286
4,260,16,0.05445415526628494
4,260,17,0.05264364928007126
4,260,18,0.07163108140230179
4,272,1,0.06521255522966385
4,272,2,0.056018080562353134
4,272,3,0.05745160952210426
4,272,4,0.04772217571735382
4,272,5,0.05458032712340355
4,272,6,0.04802313074469566
4,272,7,0.05308867245912552
4,272,8,0.05211270973086357
4,272,9,0.05558214709162712
4,272,10,0.05582693591713905
4,272,11,0.050165269523859024
4,272,12,0.06151631474494934
4,272,13,0.05327694118022919
4,272,14,0.053531184792518616
4,272,15,0.0573115199804306
4,272,16,0.0595654621720314
4,272,17,0.05212543532252312
4,272,18,0.06688954681158066
4,273,1,0.061688996851444244
4,273,2,0.0500488243997097
4,273,3,0.05068207532167435
4,273,4,0.06100007891654968
4,273,5,0.060069020837545395
4,273,6,0.07298970967531204
4,273,7,0.05409587174654007
4,273,8,0.04548383504152298
4,273,9,0.05674738436937332
4,273,10,0.06565156579017639
4,273,11,0.0510982945561409
4,273,12,0.05910886824131012
4,273,13,0.052048902958631516
4,273,14,0.049495942890644073
4,273,15,0.06071777269244194
4,273,16,0.047899965196847916
4,273,17,0.0463724359869957
4,273,18,0.05480039119720459
4,283,1,0.055167216807603836
4,283,2,0.05313156917691231
4,283,3,0.05017516762018204
4,283,4,0.046739861369132996
4,283,5,0.05484491586685181
4,283,6,0.0545911006629467
4,283,7,0.057043615728616714
4,283,8,0.05182480439543724
4,283,9,0.05721098184585571
4,283,10,0.059679120779037476
4,283,11,0.04767045006155968
4,283,12,0.060856178402900696
4,283,13,0.05833936855196953
4,283,14,0.055261582136154175
4,283,15,0.0671645924448967
4,283,16,0.05986883118748665
4,283,17,0.04677839204668999
4,283,18,0.06365228444337845
4,284,1,0.06088157743215561
4,284,2,0.054169028997421265
4,284,3,0.056526634842157364
4,284,4,0.04708298295736313
4,284,5,0.055230677127838135
4,284,6,0.04517022892832756
4,284,7,0.05251524597406387
4,284,8,0.058678038418293
4,284,9,0.05419549345970154
4,284,10,0.054867807775735855
4,284,11,0.056637149304151535
4,284,12,0.06131415814161301
4,284,13,0.0507010854780674
4,284,14,0.05379999801516533
4,284,15,0.06395930796861649
4,284,16,0.05539272353053093
4,284,17,0.048046790063381195
4,284,18,0.07083108276128769
4,285,1,0.05485048517584801
4,285,2,0.05253713205456734
4,285,3,0.0492367260158062
4,285,4,0.04501700401306152
4,285,5,0.04927882179617882
4,285,6,0.04544629156589508
4,285,7,0.057581134140491486
4,285,8,0.048856548964977264
4,285,9,0.06092182546854019
4,285,10,0.05933648347854614
4,285,11,0.04778016358613968
4,285,12,0.054530031979084015
4,285,13,0.06832922995090485
4,285,14,0.055585186928510666
4,285,15,0.0691346675157547
4,285,16,0.0600799061357975
4,285,17,0.05098293349146843
4,285,18,0.07051544636487961
4,289,1,0.05605598911643028
4,289,2,0.05595343932509422
4,289,3,0.05313757061958313
4,289,4,0.04522647708654404
4,289,5,0.0563647635281086
4,289,6,0.04906928911805153
4,289,7,0.05707792192697525
4,289,8,0.05502547696232796
4,289,9,0.05881792679429054
4,289,10,0.05494493246078491
4,289,11,0.04626685753464699
4,289,12,0.05874617397785187
4,289,13,0.05731530860066414
4,289,14,0.05485780909657478
4,289,15,0.06609848886728287
4,289,16,0.058574311435222626
4,289,17,0.050417229533195496
4,289,18,0.06605009734630585
4,290,1,0.057466913014650345
4,290,2,0.047124072909355164
4,290,3,0.05118705704808235
4,290,4,0.047898318618535995
4,290,5,0.053985171020030975
4,290,6,0.060593511909246445
4,290,7,0.05118705704808235
4,290,8,0.05020926520228386
4,290,9,0.05252900719642639
4,290,10,0.05093150958418846
4,290,11,0.053369250148534775
4,290,12,0.051080942153930664
4,290,13,0.0650549829006195
4,290,14,0.06187918782234192
4,290,15,0.06519807875156403
4,290,16,0.05711723119020462
4,290,17,0.051337238401174545
4,290,18,0.07185124605894089
4,291,1,0.055207449942827225
4,291,2,0.05273078754544258
4,291,3,0.05219285190105438
4,291,4,0.050236281007528305
4,291,5,0.06013229861855507
4,291,6,0.06122855097055435
4,291,7,0.0602351538836956
4,291,8,0.05427198112010956
4,291,9,0.05184993892908096
4,291,10,0.06167864426970482
4,291,11,0.04259726405143738
4,291,12,0.054331641644239426
4,291,13,0.05549122393131256
4,291,14,0.06358994543552399
4,291,15,0.06084112077951431
4,291,16,0.04830881580710411
4,291,17,0.05000989884138107
4,291,18,0.06506615877151489
5,6,1,0.05361633375287056
5,6,2,0.041083984076976776
5,6,3,0.0461299829185009
5,6,4,0.04475986212491989
5,6,5,0.0567547045648098
5,6,6,0.04433570057153702
5,6,7,0.04746665805578232
5,6,8,0.06325264275074005
5,6,9,0.0662558376789093
5,6,10,0.07129069417715073
5,6,11,0.04723545163869858
5,6,12,0.059333380311727524
5,6,13,0.06257681548595428
5,6,14,0.05577939376235008
5,6,15,0.054129280149936676
5,6,16,0.06112721562385559
5,6,17,0.05351172015070915
5,6,18,0.07136034965515137
5,7,1,0.05324834585189819
5,7,2,0.041774701327085495
5,7,3,0.047441061586141586
5,7,4,0.04306396096944809
5,7,5,0.05747687816619873
5,7,6,0.04150530695915222
5,7,7,0.04748741537332535
5,7,8,0.0643867701292038
5,7,9,0.06594584882259369
5,7,10,0.07281740754842758
5,7,11,0.04588053375482559
5,7,12,0.06054486706852913
5,7,13,0.06451264023780823
5,7,14,0.05562695488333702
5,7,15,0.05381029471755028
5,7,16,0.059781089425086975
5,7,17,0.051736216992139816
5,7,18,0.072959765791893
5,8,1,0.0550854429602623
5,8,2,0.040684446692466736
5,8,3,0.04425699636340141
5,8,4,0.0472322516143322
5,8,5,0.056062303483486176
5,8,6,0.0486958846449852
5,8,7,0.04830513149499893
5,8,8,0.06026365980505943
5,8,9,0.06683620065450668
5,8,10,0.07000954449176788
5,8,11,0.04831692576408386
5,8,12,0.05630921199917793
5,8,13,0.05964887514710426
5,8,14,0.05576199293136597
5,8,15,0.05421818420290947
5,8,16,0.06449581682682037
5,8,17,0.057630475610494614
5,8,18,0.06618668138980865
5,42,1,0.0530356764793396
5,42,2,0.04045591503381729
5,42,3,0.042641378939151764
5,42,4,0.044584255665540695
5,42,5,0.05899249017238617
5,42,6,0.045441411435604095
5,42,7,0.04857331141829491
5,42,8,0.06438060849905014
5,42,9,0.065971739590168
5,42,10,0.06740444153547287
5,42,11,0.051103625446558
5,42,12,0.059746190905570984
5,42,13,0.0628892332315445
5,42,14,0.058390673249959946
5,42,15,0.05371326953172684
5,42,16,0.06200498715043068
5,42,17,0.051228541880846024
5,42,18,0.06944228708744049
5,64,1,0.05199865251779556
5,64,2,0.04072960466146469
5,64,3,0.04172602668404579
5,64,4,0.04470542445778847
5,64,5,0.056526750326156616
5,64,6,0.043888937681913376
5,64,7,0.04502306506037712
5,64,8,0.06657227128744125
5,64,9,0.06709440797567368
5,64,10,0.06997183710336685
5,64,11,0.04823199287056923
5,64,12,0.05702575668692589
5,64,13,0.06499838083982468
5,64,14,0.05817888304591179
5,64,15,0.05834958702325821
5,64,16,0.06306014209985733
5,64,17,0.0523553304374218
5,64,18,0.06956304609775543
5,65,1,0.05192798003554344
5,65,2,0.041138630360364914
5,65,3,0.0406792089343071
5,65,4,0.04328693449497223
5,65,5,0.0581565760076046
5,65,6,0.043382156640291214
5,65,7,0.04362111911177635
5,65,8,0.06829138100147247
5,65,9,0.06845831125974655
5,65,10,0.06987673044204712
5,65,11,0.04987772926688194
5,65,12,0.05692045018076897
5,65,13,0.06538719683885574
5,65,14,0.0571153350174427
5,65,15,0.060090627521276474
5,65,16,0.06453081220388412
5,65,17,0.04920044541358948
5,65,18,0.06805835664272308
5,66,1,0.05197978764772415
5,66,2,0.041320666670799255
5,66,3,0.0408741757273674
5,66,4,0.04542621225118637
5,66,5,0.05614868924021721
5,66,6,0.04433060064911842
5,66,7,0.047040149569511414
5,66,8,0.06457943469285965
5,66,9,0.06562844663858414
5,66,10,0.06986112147569656
5,66,11,0.04548170045018196
5,66,12,0.05783212184906006
5,66,13,0.06385823339223862
5,66,14,0.06219647079706192
5,66,15,0.0536298006772995
5,66,16,0.058943971991539
5,66,17,0.05736805871129036
5,66,18,0.0735003724694252
5,76,1,0.05376415699720383
5,76,2,0.0401545949280262
5,76,3,0.04467009752988815
5,76,4,0.04835888743400574
5,76,5,0.05457083508372307
5,76,6,0.0480177104473114
5,76,7,0.04920444265007973
5,76,8,0.06713966280221939
5,76,9,0.0674353614449501
5,76,10,0.07094825059175491
5,76,11,0.047054484486579895
5,76,12,0.05680013447999954
5,76,13,0.06200315058231354
5,76,14,0.054424479603767395
5,76,15,0.051177021116018295
5,76,16,0.06350450962781906
5,76,17,0.05454419553279877
5,76,18,0.0662279799580574
5,77,1,0.05546531826257706
5,77,2,0.039290010929107666
5,77,3,0.046558476984500885
5,77,4,0.05104717239737511
5,77,5,0.05424664542078972
5,77,6,0.05002317950129509
5,77,7,0.05119694024324417
5,77,8,0.06902770698070526
5,77,9,0.06635088473558426
5,77,10,0.06997792422771454
5,77,11,0.04564681276679039
5,77,12,0.055181682109832764
5,77,13,0.06003090366721153
5,77,14,0.05368013679981232
5,77,15,0.04849596321582794
5,77,16,0.06285043805837631
5,77,17,0.05496654286980629
5,77,18,0.0659632533788681
5,79,1,0.05406612902879715
5,79,2,0.03995111957192421
5,79,3,0.045069288462400436
5,79,4,0.04511883109807968
5,79,5,0.05855941399931908
5,79,6,0.04420296102762222
5,79,7,0.046973466873168945
5,79,8,0.06789695471525192
5,79,9,0.0672042965888977
5,79,10,0.07094723731279373
5,79,11,0.046437546610832214
5,79,12,0.059018705040216446
5,79,13,0.0607733391225338
5,79,14,0.05526725575327873
5,79,15,0.055741529911756516
5,79,16,0.06307097524404526
5,79,17,0.05213471129536629
5,79,18,0.06756623089313507
5,118,1,0.051997192203998566
5,118,2,0.039516352117061615
5,118,3,0.04594340920448303
5,118,4,0.04415099695324898
5,118,5,0.05698239803314209
5,118,6,0.04580900818109512
5,118,7,0.04580900818109512
5,118,8,0.06158258765935898
5,118,9,0.06747031956911087
5,118,10,0.07112380117177963
5,118,11,0.04766872897744179
5,118,12,0.05795043706893921
5,118,13,0.06491725891828537
5,118,14,0.05676024779677391
5,118,15,0.05375264585018158
5,118,16,0.062491316348314285
5,118,17,0.05453251302242279
5,118,18,0.07154177129268646
5,124,1,0.05207202583551407
5,124,2,0.04151543602347374
5,124,3,0.04427935183048248
5,124,4,0.04453412443399429
5,124,5,0.05217382311820984
5,124,6,0.04424693062901497
5,124,7,0.04767909646034241
5,124,8,0.06510598212480545
5,124,9,0.0667150467634201
5,124,10,0.07029330730438232
5,124,11,0.05011386796832085
5,124,12,0.06071509048342705
5,124,13,0.06548858433961868
5,124,14,0.055187322199344635
5,124,15,0.05324184149503708
5,124,16,0.06310288608074188
5,124,17,0.05433172360062599
5,124,18,0.06920351833105087
5,125,1,0.05149967223405838
5,125,2,0.04173116758465767
5,125,3,0.04496269300580025
5,125,4,0.044260215014219284
5,125,5,0.05076317489147186
5,125,6,0.043653879314661026
5,125,7,0.04778081551194191
5,125,8,0.06606233865022659
5,125,9,0.06680843234062195
5,125,10,0.07066720724105835
5,125,11,0.0515374019742012
5,125,12,0.06157687306404114
5,125,13,0.06786051392555237
5,125,14,0.053603507578372955
5,125,15,0.05203046277165413
5,125,16,0.0642804205417633
5,125,17,0.05269521474838257
5,125,18,0.06822597980499268
5,126,1,0.05304452404379845
5,126,2,0.04094962403178215
5,126,3,0.04320920258760452
5,126,4,0.043830756098032
5,126,5,0.05312228575348854
5,126,6,0.04549895226955414
5,126,7,0.04651542752981186
5,126,8,0.0634240135550499
5,126,9,0.06901440769433975
5,126,10,0.07144895195960999
5,126,11,0.04856955632567406
5,126,12,0.06156277656555176
5,126,13,0.06057875230908394
5,126,14,0.05612201243638992
5,126,15,0.05496937409043312
5,126,16,0.06054917350411415
5,126,17,0.057762324810028076
5,126,18,0.06982792913913727
5,127,1,0.051817428320646286
5,127,2,0.04570639878511429
5,127,3,0.04519044607877731
5,127,4,0.0456952340900898
5,127,5,0.055782318115234375
5,127,6,0.046380847692489624
5,127,7,0.04657374694943428
5,127,8,0.06324051320552826
5,127,9,0.06955794245004654
5,127,10,0.07141637802124023
5,127,11,0.04719182476401329
5,127,12,0.05946701020002365
5,127,13,0.06336415559053421
5,127,14,0.0536191426217556
5,127,15,0.05415855348110199
5,127,16,0.0604034848511219
5,127,17,0.0537370890378952
5,127,18,0.06669753044843674
5,141,1,0.053015630692243576
5,141,2,0.041409753262996674
5,141,3,0.04430162534117699
5,141,4,0.046946316957473755
5,141,5,0.05585912615060806
5,141,6,0.044938888400793076
5,141,7,0.04533006623387337
5,141,8,0.0642777606844902
5,141,9,0.06865758448839188
5,141,10,0.0724107176065445
5,141,11,0.04923536255955696
5,141,12,0.05933121591806412
5,141,13,0.06242194026708603
5,141,14,0.05527577921748161
5,141,15,0.055546339601278305
5,141,16,0.0632503405213356
5,141,17,0.05205371975898743
5,141,18,0.06573784351348877
5,151,1,0.05129411071538925
5,151,2,0.04054231941699982
5,151,3,0.04586762934923172
5,151,4,0.043569959700107574
5,151,5,0.05387401208281517
5,151,6,0.046533096581697464
5,151,7,0.04859986901283264
5,151,8,0.06184230372309685
5,151,9,0.0669328048825264
5,151,10,0.0723009780049324
5,151,11,0.04793994128704071
5,151,12,0.062388237565755844
5,151,13,0.06229691207408905
5,151,14,0.05469568818807602
5,151,15,0.05340258404612541
5,151,16,0.06364980340003967
5,151,17,0.056349314749240875
5,151,18,0.06792048364877701
5,152,1,0.046716488897800446
5,152,2,0.04161141440272331
5,152,3,0.04617222398519516
5,152,4,0.0393536351621151
5,152,5,0.05460377410054207
5,152,6,0.04502014070749283
5,152,7,0.04991189017891884
5,152,8,0.0603523924946785
5,152,9,0.06570412218570709
5,152,10,0.07181036472320557
5,152,11,0.047405850142240524
5,152,12,0.06493864208459854
5,152,13,0.06592907756567001
5,152,14,0.05443074554204941
5,152,15,0.05350843816995621
5,152,16,0.06612251698970795
5,152,17,0.05615856498479843
5,152,18,0.07024970650672913
5,153,1,0.05966916307806969
5,153,2,0.037136588245630264
5,153,3,0.04648173972964287
5,153,4,0.05038159340620041
5,153,5,0.04816843941807747
5,153,6,0.050430815666913986
5,153,7,0.047677043825387955
5,153,8,0.061653513461351395
5,153,9,0.06989669799804688
5,153,10,0.07672903686761856
5,153,11,0.04788702726364136
5,153,12,0.05862945690751076
5,153,13,0.05538741871714592
5,153,14,0.056673213839530945
5,153,15,0.05228634923696518
5,153,16,0.058315396308898926
5,153,17,0.060520097613334656
5,153,18,0.06207641586661339
5,154,1,0.04990053176879883
5,154,2,0.03926550969481468
5,154,3,0.046094149351119995
5,154,4,0.04712967202067375
5,154,5,0.05414007231593132
5,154,6,0.04803575575351715
5,154,7,0.047755125910043716
5,154,8,0.061483681201934814
5,154,9,0.069094218313694
5,154,10,0.07202224433422089
5,154,11,0.04742978513240814
5,154,12,0.060353394597768784
5,154,13,0.06359045207500458
5,154,14,0.055763281881809235
5,154,15,0.05398169159889221
5,154,16,0.06100521609187126
5,154,17,0.054365240037441254
5,154,18,0.06859000772237778
5,155,1,0.04542502015829086
5,155,2,0.03819570690393448
5,155,3,0.0461854413151741
5,155,4,0.05002378672361374
5,155,5,0.05345845967531204
5,155,6,0.04958605021238327
5,155,7,0.049080196768045425
5,155,8,0.060251880437135696
5,155,9,0.07116760313510895
5,155,10,0.07436481863260269
5,155,11,0.0460728257894516
5,155,12,0.059608105570077896
5,155,13,0.06379422545433044
5,155,14,0.05682293325662613
5,155,15,0.053746357560157776
5,155,16,0.059375714510679245
5,155,17,0.05443304032087326
5,155,18,0.06840780377388
5,156,1,0.05629582703113556
5,156,2,0.040578074753284454
5,156,3,0.05067313089966774
5,156,4,0.04293753579258919
5,156,5,0.05282051861286163
5,156,6,0.04506411403417587
5,156,7,0.04622860997915268
5,156,8,0.06368260085582733
5,156,9,0.0683882087469101
5,156,10,0.0690593346953392
5,156,11,0.05026651546359062
5,156,12,0.0628485456109047
5,156,13,0.06281787157058716
5,156,14,0.05244786664843559
5,156,15,0.05421853065490723
5,156,16,0.06306373327970505
5,156,17,0.055112700909376144
5,156,18,0.06349630653858185
5,157,1,0.05300915986299515
5,157,2,0.04112262651324272
5,157,3,0.044758230447769165
5,157,4,0.0453411340713501
5,157,5,0.05611198768019676
5,157,6,0.051781199872493744
5,157,7,0.04448587819933891
5,157,8,0.0625363439321518
5,157,9,0.06983249634504318
5,157,10,0.06871628761291504
5,157,11,0.047854725271463394
5,157,12,0.059266071766614914
5,157,13,0.06034652516245842
5,157,14,0.0538833849132061
5,157,15,0.057120997458696365
5,157,16,0.06281176954507828
5,157,17,0.05567532032728195
5,157,18,0.06534580886363983
5,158,1,0.052463237196207047
5,158,2,0.039389193058013916
5,158,3,0.04493996500968933
5,158,4,0.047931868582963943
5,158,5,0.056463755667209625
5,158,6,0.05078708007931709
5,158,7,0.043102432042360306
5,158,8,0.060414306819438934
5,158,9,0.07087331265211105
5,158,10,0.06974045932292938
5,158,11,0.04736188426613808
5,158,12,0.05953577905893326
5,158,13,0.061126451939344406
5,158,14,0.05393073335289955
5,158,15,0.058043163269758224
5,158,16,0.06586793065071106
5,158,17,0.05596967041492462
5,158,18,0.06205874681472778
5,159,1,0.04983457177877426
5,159,2,0.04570845142006874
5,159,3,0.047761913388967514
5,159,4,0.03882661089301109
5,159,5,0.05485296994447708
5,159,6,0.05184506997466087
5,159,7,0.04650766775012016
5,159,8,0.06737153977155685
5,159,9,0.06789994239807129
5,159,10,0.06907030940055847
5,159,11,0.05045895650982857
5,159,12,0.06335154175758362
5,159,13,0.056801822036504745
5,159,14,0.0538051500916481
5,159,15,0.05487975850701332
5,159,16,0.0525202751159668
5,159,17,0.05692676827311516
5,159,18,0.07157669961452484
5,160,1,0.05337891727685928
5,160,2,0.04072271287441254
5,160,3,0.0446760430932045
5,160,4,0.04350283369421959
5,160,5,0.05415336787700653
5,160,6,0.04922300949692726
5,160,7,0.044796183705329895
5,160,8,0.06594636291265488
5,160,9,0.06552907824516296
5,160,10,0.0704742893576622
5,160,11,0.047848548740148544
5,160,12,0.05922950059175491
5,160,13,0.05954848229885101
5,160,14,0.05554595962166786
5,160,15,0.055954281240701675
5,160,16,0.06345096975564957
5,160,17,0.054644759744405746
5,160,18,0.07137468457221985
5,161,1,0.05114702135324478
5,161,2,0.03926128149032593
5,161,3,0.04449158161878586
5,161,4,0.04285508394241333
5,161,5,0.050897885113954544
5,161,6,0.04885251075029373
5,161,7,0.04350339248776436
5,161,8,0.0666269063949585
5,161,9,0.06311189383268356
5,161,10,0.0721464678645134
5,161,11,0.049307841807603836
5,161,12,0.06401193141937256
5,161,13,0.059201356023550034
5,161,14,0.056023359298706055
5,161,15,0.056325074285268784
5,161,16,0.06457701325416565
5,161,17,0.05519520491361618
5,161,18,0.072464220225811
5,162,1,0.05627608299255371
5,162,2,0.04367297887802124
5,162,3,0.044965896755456924
5,162,4,0.042755138128995895
5,162,5,0.05881865695118904
5,162,6,0.05246788263320923
5,162,7,0.0465293824672699
5,162,8,0.06372246146202087
5,162,9,0.06743592023849487
5,162,10,0.06786534190177917
5,162,11,0.04588636755943298
5,162,12,0.05393551290035248
5,162,13,0.05974490940570831
5,162,14,0.05409375578165054
5,162,15,0.055742792785167694
5,162,16,0.062003664672374725
5,162,17,0.0529957115650177
5,162,18,0.071087546646595
5,175,1,0.05215317755937576
5,175,2,0.040970493108034134
5,175,3,0.04326818510890007
5,175,4,0.046510737389326096
5,175,5,0.05581576004624367
5,175,6,0.04350120574235916
5,175,7,0.04672698676586151
5,175,8,0.06496909260749817
5,175,9,0.06686798483133316
5,175,10,0.06875519454479218
5,175,11,0.04865960031747818
5,175,12,0.06312412768602371
5,175,13,0.06427491456270218
5,175,14,0.05640479922294617
5,175,15,0.05516548454761505
5,175,16,0.06217582896351814
5,175,17,0.054243966937065125
5,175,18,0.06641244143247604
5,176,1,0.051836397498846054
5,176,2,0.040468908846378326
5,176,3,0.04469667375087738
5,176,4,0.04700209200382233
5,176,5,0.056570909917354584
5,176,6,0.03991938754916191
5,176,7,0.046693284064531326
5,176,8,0.06711404770612717
5,176,9,0.06853807717561722
5,176,10,0.0687391608953476
5,176,11,0.048743363469839096
5,176,12,0.0668523907661438
5,176,13,0.06476393342018127
5,176,14,0.05275564268231392
5,176,15,0.05544964596629143
5,176,16,0.06280200928449631
5,176,17,0.0515587292611599
5,176,18,0.06549535691738129
5,177,1,0.051608867943286896
5,177,2,0.0423591211438179
5,177,3,0.04119895026087761
5,177,4,0.04605341702699661
5,177,5,0.05734939128160477
5,177,6,0.04621109366416931
5,177,7,0.0473242811858654
5,177,8,0.06349549442529678
5,177,9,0.06531940400600433
5,177,10,0.06818727403879166
5,177,11,0.04856497049331665
5,177,12,0.05784153938293457
5,177,13,0.06393103301525116
5,177,14,0.0638374462723732
5,177,15,0.0550716407597065
5,177,16,0.058480508625507355
5,177,17,0.05768641084432602
5,177,18,0.06547907739877701
5,181,1,0.057358719408512115
5,181,2,0.041122738271951675
5,181,3,0.045485395938158035
5,181,4,0.04799525812268257
5,181,5,0.06049420312047005
5,181,6,0.04621296748518944
5,181,7,0.044823963195085526
5,181,8,0.06226230040192604
5,181,9,0.06490080803632736
5,181,10,0.0679159015417099
5,181,11,0.04597664251923561
5,181,12,0.05946914851665497
5,181,13,0.05996484309434891
5,181,14,0.058833736926317215
5,181,15,0.05426638200879097
5,181,16,0.05996484309434891
5,181,17,0.05325577035546303
5,181,18,0.06969642639160156
5,182,1,0.061540860682725906
5,182,2,0.04142262786626816
5,182,3,0.04723111540079117
5,182,4,0.05002014711499214
5,182,5,0.0631234273314476
5,182,6,0.04563290625810623
5,182,7,0.043970536440610886
5,182,8,0.06151081994175911
5,182,9,0.062479469925165176
5,182,10,0.06487327069044113
5,182,11,0.04387402534484863
5,182,12,0.060203395783901215
5,182,13,0.05892374739050865
5,182,14,0.06118132174015045
5,182,15,0.05280601605772972
5,182,16,0.05753068998456001
5,182,17,0.05441579595208168
5,182,18,0.06925985217094421
5,183,1,0.04547641798853874
5,183,2,0.041976746171712875
5,183,3,0.043378014117479324
5,183,4,0.043367426842451096
5,183,5,0.058179423213005066
5,183,6,0.04609118402004242
5,183,7,0.04638468474149704
5,183,8,0.0650624930858612
5,183,9,0.06729188561439514
5,183,10,0.07038368284702301
5,183,11,0.04875335469841957
5,183,12,0.06091200187802315
5,183,13,0.06135977432131767
5,183,14,0.05758591368794441
5,183,15,0.05679009482264519
5,183,16,0.06293768435716629
5,183,17,0.05261208862066269
5,183,18,0.07145716995000839
5,196,1,0.05380440875887871
5,196,2,0.040086667984724045
5,196,3,0.04279201477766037
5,196,4,0.048560790717601776
5,196,5,0.05250672996044159
5,196,6,0.04482375457882881
5,196,7,0.04616764187812805
5,196,8,0.06531377881765366
5,196,9,0.06660197675228119
5,196,10,0.07027705013751984
5,196,11,0.04734332114458084
5,196,12,0.05912144482135773
5,196,13,0.06512270867824554
5,196,14,0.0565795935690403
5,196,15,0.05298318341374397
5,196,16,0.06311909854412079
5,196,17,0.054758552461862564
5,196,18,0.07003725320100784
5,197,1,0.0515657514333725
5,197,2,0.039071448147296906
5,197,3,0.04195338115096092
5,197,4,0.05048203840851784
5,197,5,0.05071675032377243
5,197,6,0.044615548104047775
5,197,7,0.04772547259926796
5,197,8,0.06745175272226334
5,197,9,0.06585706770420074
5,197,10,0.07390061020851135
5,197,11,0.045740529894828796
5,197,12,0.05860309675335884
5,197,13,0.06718877702951431
5,197,14,0.055864881724119186
5,197,15,0.05218633636832237
5,197,16,0.06171613186597824
5,197,17,0.05369850620627403
5,197,18,0.07166191190481186
5,198,1,0.05918733403086662
5,198,2,0.04296014830470085
5,198,3,0.0420624203979969
5,198,4,0.044350914657115936
5,198,5,0.05205440893769264
5,198,6,0.04550253227353096
5,198,7,0.042506322264671326
5,198,8,0.062179408967494965
5,198,9,0.06845764815807343
5,198,10,0.06193699687719345
5,198,11,0.0493563748896122
5,198,12,0.06053176894783974
5,198,13,0.0597098283469677
5,198,14,0.06023693084716797
5,198,15,0.05770344287157059
5,198,16,0.0683574452996254
5,198,17,0.05764712393283844
5,198,18,0.06525897979736328
5,202,1,0.05122843012213707
5,202,2,0.04213421419262886
5,202,3,0.04485711082816124
5,202,4,0.04461682587862015
5,202,5,0.060214653611183167
5,202,6,0.04662124812602997
5,202,7,0.046975430101156235
5,202,8,0.06276638060808182
5,202,9,0.06770116090774536
5,202,10,0.0707426443696022
5,202,11,0.047482769936323166
5,202,12,0.05802108347415924
5,202,13,0.06285839527845383
5,202,14,0.05695444345474243
5,202,15,0.053857602179050446
5,202,16,0.061372309923172
5,202,17,0.05112847313284874
5,202,18,0.07046685367822647
5,220,1,0.05379541218280792
5,220,2,0.043062563985586166
5,220,3,0.044805318117141724
5,220,4,0.045057620853185654
5,220,5,0.05865154787898064
5,220,6,0.048600103706121445
5,220,7,0.04728919640183449
5,220,8,0.06469982117414474
5,220,9,0.06890624016523361
5,220,10,0.07256658375263214
5,220,11,0.048849914222955704
5,220,12,0.058938633650541306
5,220,13,0.060336317867040634
5,220,14,0.05375602841377258
5,220,15,0.05249795317649841
5,220,16,0.06066126376390457
5,220,17,0.05307789146900177
5,220,18,0.06444758921861649
5,221,1,0.05013404041528702
5,221,2,0.04127439111471176
5,221,3,0.047062087804079056
5,221,4,0.045126769691705704
5,221,5,0.06208891049027443
5,221,6,0.048378512263298035
5,221,7,0.047675006091594696
5,221,8,0.06589995324611664
5,221,9,0.06822463870048523
5,221,10,0.07507659494876862
5,221,11,0.05041635036468506
5,221,12,0.0590723380446434
5,221,13,0.059419479221105576
5,221,14,0.05498087406158447
5,221,15,0.05077456310391426
5,221,16,0.057198986411094666
5,221,17,0.05351092293858528
5,221,18,0.0636855736374855
5,222,1,0.06062588468194008
5,222,2,0.0469052754342556
5,222,3,0.039822570979595184
5,222,4,0.04468635842204094
5,222,5,0.04833516851067543
5,222,6,0.04949348792433739
5,222,7,0.04671100154519081
5,222,8,0.06251982599496841
5,222,9,0.071295365691185
5,222,10,0.0645674392580986
5,222,11,0.04595314711332321
5,222,12,0.060095373541116714
5,222,13,0.06282584369182587
5,222,14,0.05097738653421402
5,222,15,0.0582464337348938
5,222,16,0.06753405928611755
5,222,17,0.05197013542056084
5,222,18,0.06743520498275757
5,252,1,0.05783194303512573
5,252,2,0.04197636619210243
5,252,3,0.04578235372900963
5,252,4,0.044951677322387695
5,252,5,0.06340751051902771
5,252,6,0.04727024585008621
5,252,7,0.04737422987818718
5,252,8,0.06209007650613785
5,252,9,0.0703229233622551
5,252,10,0.07276809215545654
5,252,11,0.04706297442317009
5,252,12,0.05904460698366165
5,252,13,0.05738189443945885
5,252,14,0.05241289362311363
5,252,15,0.05401068180799484
5,252,16,0.05982818454504013
5,252,17,0.050999145954847336
5,252,18,0.0654841959476471
5,253,1,0.05937879905104637
5,253,2,0.041992947459220886
5,253,3,0.04678936302661896
5,253,4,0.04299402981996536
5,253,5,0.06559809297323227
5,253,6,0.04580603167414665
5,253,7,0.048004306852817535
5,253,8,0.05911843106150627
5,253,9,0.07169447839260101
5,253,10,0.07289465516805649
5,253,11,0.04785219207406044
5,253,12,0.06126368045806885
5,253,13,0.05721566826105118
5,253,14,0.04889139160513878
5,253,15,0.054889604449272156
5,253,16,0.06063869968056679
5,253,17,0.0494435578584671
5,253,18,0.0655340626835823
5,254,1,0.05508182570338249
5,254,2,0.04295016825199127
5,254,3,0.04402240738272667
5,254,4,0.04806668311357498
5,254,5,0.05220137536525726
5,254,6,0.048668913543224335
5,254,7,0.04631565511226654
5,254,8,0.06753711402416229
5,254,9,0.0690712258219719
5,254,10,0.07410260289907455
5,254,11,0.045436467975378036
5,254,12,0.05609969422221184
5,254,13,0.05747213959693909
5,254,14,0.05857706442475319
5,254,15,0.05371398478746414
5,254,16,0.0597178153693676
5,254,17,0.05421462282538414
5,254,18,0.06675028055906296
5,277,1,0.05452628806233406
5,277,2,0.04367426782846451
5,277,3,0.04398994892835617
5,277,4,0.045297782868146896
5,277,5,0.05752097815275192
5,277,6,0.044459614902734756
5,277,7,0.0449233315885067
5,277,8,0.0629742443561554
5,277,9,0.06923125684261322
5,277,10,0.07188373804092407
5,277,11,0.047280821949243546
5,277,12,0.061425402760505676
5,277,13,0.062453676015138626
5,277,14,0.0548735037446022
5,277,15,0.051927823573350906
5,277,16,0.06371656805276871
5,277,17,0.05381214991211891
5,277,18,0.06602867692708969
5,278,1,0.05636557191610336
5,278,2,0.0439780056476593
5,278,3,0.045546047389507294
5,278,4,0.04611106589436531
5,278,5,0.05957752838730812
5,278,6,0.04309055954217911
5,278,7,0.040630824863910675
5,278,8,0.06533733755350113
5,278,9,0.06718135625123978
5,278,10,0.07271133363246918
5,278,11,0.047020524740219116
5,278,12,0.06445012986660004
5,278,13,0.06351292133331299
5,278,14,0.05531586334109306
5,278,15,0.04906700551509857
5,278,16,0.06274233013391495
5,278,17,0.05403447151184082
5,278,18,0.0633271187543869
5,279,1,0.05424964427947998
5,279,2,0.04317246377468109
5,279,3,0.041472963988780975
5,279,4,0.042607031762599945
5,279,5,0.055252134799957275
5,279,6,0.044925153255462646
5,279,7,0.05101262032985687
5,279,8,0.05634189024567604
5,279,9,0.07400579005479813
5,279,10,0.07229144871234894
5,279,11,0.045945633202791214
5,279,12,0.05704779550433159
5,279,13,0.05828668922185898
5,279,14,0.055821601301431656
5,279,15,0.05583523213863373
5,279,16,0.0670875757932663
5,279,17,0.054782021790742874
5,279,18,0.06986229866743088
5,280,1,0.052694227546453476
5,280,2,0.04336097463965416
5,280,3,0.04523712396621704
5,280,4,0.04745442047715187
5,280,5,0.05592862516641617
5,280,6,0.04499480128288269
5,280,7,0.04548075422644615
5,280,8,0.06525959819555283
5,280,9,0.06862563639879227
5,280,10,0.06906262785196304
5,280,11,0.04875800013542175
5,280,12,0.057268913835287094
5,280,13,0.0605027936398983
5,280,14,0.05732486769556999
5,280,15,0.056037966161966324
5,280,16,0.06091780215501785
5,280,17,0.053759776055812836
5,280,18,0.06733115762472153
5,281,1,0.053545817732810974
5,281,2,0.044271986931562424
5,281,3,0.04529974237084389
5,281,4,0.046227045357227325
5,281,5,0.05740421637892723
5,281,6,0.043777573853731155
5,281,7,0.0456327460706234
5,281,8,0.06689966470003128
5,281,9,0.06683436036109924
5,281,10,0.06729280203580856
5,281,11,0.049764178693294525
5,281,12,0.057432256639003754
5,281,13,0.06124088540673256
5,281,14,0.0572502575814724
5,281,15,0.05595137178897858
5,281,16,0.06196277588605881
5,281,17,0.05263850465416908
5,281,18,0.06657380610704422
6,39,1,0.05567900091409683
6,39,2,0.055869635194540024
6,39,3,0.05578785762190819
6,39,4,0.05574700981378555
6,39,5,0.05527268722653389
6,39,6,0.05550256744027138
6,39,7,0.05573340132832527
6,39,8,0.054963186383247375
6,39,9,0.05548901855945587
6,39,10,0.055638235062360764
6,39,11,0.055407796055078506
6,39,12,0.05574700981378555
6,39,13,0.05580148100852966
6,39,14,0.056102000176906586
6,39,15,0.055434852838516235
6,39,16,0.05476227402687073
6,39,17,0.05591057240962982
6,39,18,0.05515137314796448
6,40,1,0.05573563277721405
6,40,2,0.05580370873212814
6,40,3,0.05576285347342491
6,40,4,0.05581733584403992
6,40,5,0.055288396775722504
6,40,6,0.05559972673654556
6,40,7,0.05581733584403992
6,40,8,0.054965388029813766
6,40,9,0.05543707311153412
6,40,10,0.0556948259472847
6,40,11,0.05541001260280609
6,40,12,0.055790092796087265
6,40,13,0.05576285347342491
6,40,14,0.05600844696164131
6,40,15,0.05527489632368088
6,40,16,0.054777842015028
6,40,17,0.055953774601221085
6,40,18,0.055099744349718094
6,41,1,0.05583779886364937
6,41,2,0.05578329786658287
6,41,3,0.0556880421936512
6,41,4,0.055701643228530884
6,41,5,0.055308662354946136
6,41,6,0.05559295788407326
6,41,7,0.05581054091453552
6,41,8,0.05494527891278267
6,41,9,0.055470939725637436
6,41,10,0.05578329786658287
6,41,11,0.055443860590457916
6,41,12,0.05571524053812027
6,41,13,0.055742453783750534
6,41,14,0.05608372017741203
6,41,15,0.05533567816019058
6,41,16,0.054864849895238876
6,41,17,0.05591965466737747
6,41,18,0.05497211217880249
6,56,1,0.055716704577207565
6,56,2,0.05597575753927231
6,56,3,0.05577114224433899
6,56,4,0.055784765630960464
6,56,5,0.05529661476612091
6,56,6,0.05555371195077896
6,56,7,0.055784765630960464
6,56,8,0.054906491190195084
6,56,9,0.055404722690582275
6,56,10,0.055784765630960464
6,56,11,0.055404722690582275
6,56,12,0.05577114224433899
6,56,13,0.055594418197870255
6,56,14,0.05600309744477272
6,56,15,0.05539119616150856
6,56,16,0.05477261170744896
6,56,17,0.05594843253493309
6,56,18,0.0551348514854908
6,57,1,0.05564189702272415
6,57,2,0.05580515041947365
6,57,3,0.055723462253808975
6,57,4,0.055777911096811295
6,57,5,0.055114615708589554
6,57,6,0.05560115724802017
6,57,7,0.05588695779442787
6,57,8,0.05491315573453903
6,57,9,0.05551977455615997
6,57,10,0.05562831461429596
6,57,11,0.05550621822476387
6,57,12,0.05581877753138542
6,57,13,0.055777911096811295
6,57,14,0.05607830360531807
6,57,15,0.055222369730472565
6,57,16,0.05481938645243645
6,57,17,0.05599621683359146
6,57,18,0.05516846850514412
6,58,1,0.05563943833112717
6,58,2,0.055680204182863235
6,58,3,0.05574822053313255
6,58,4,0.05588449165225029
6,58,5,0.055273883044719696
6,58,6,0.055273883044719696
6,58,7,0.055925432592630386
6,58,8,0.05487052723765373
6,58,9,0.055517323315143585
6,58,10,0.05578906461596489
6,58,11,0.055517323315143585
6,58,12,0.05585721135139465
6,58,13,0.055680204182863235
6,58,14,0.05615802854299545
6,58,15,0.05534139648079872
6,58,16,0.05476345866918564
6,58,17,0.05604845657944679
6,58,18,0.055031515657901764
6,62,1,0.05587313324213028
6,62,2,0.05585949122905731
6,62,3,0.05583222582936287
6,62,4,0.05572328343987465
6,62,5,0.05535717308521271
6,62,6,0.055682484060525894
6,62,7,0.05585949122905731
6,62,8,0.054886166006326675
6,62,9,0.055451858788728714
6,62,10,0.05569608137011528
6,62,11,0.055451858788728714
6,62,12,0.05583222582936287
6,62,13,0.055628132075071335
6,62,14,0.056023385375738144
6,62,15,0.055208709090948105
6,62,16,0.05475233495235443
6,62,17,0.05598236620426178
6,62,18,0.05489956960082054
6,63,1,0.055849820375442505
6,63,2,0.05587709695100784
6,63,3,0.055781688541173935
6,63,4,0.055849820375442505
6,63,5,0.05529356747865677
6,63,6,0.0554693378508091
6,63,7,0.05552353337407112
6,63,8,0.05484987795352936
6,63,9,0.05545579642057419
6,63,10,0.055781688541173935
6,63,11,0.05552353337407112
6,63,12,0.05575445294380188
6,63,13,0.055781688541173935
6,63,14,0.0560820996761322
6,63,15,0.05532057210803032
6,63,16,0.05483648553490639
6,63,17,0.05590438470244408
6,63,18,0.055064547806978226
6,67,1,0.05562853440642357
6,67,2,0.05581899732351303
6,67,3,0.0557100810110569
6,67,4,0.055737294256687164
6,67,5,0.055236075073480606
6,67,6,0.05556067079305649
6,67,7,0.055846262723207474
6,67,8,0.05496702343225479
6,67,9,0.05546579882502556
6,67,10,0.055696483701467514
6,67,11,0.055492889136075974
6,67,12,0.0557100810110569
6,67,13,0.055846262723207474
6,67,14,0.05599644035100937
6,67,15,0.05535757541656494
6,67,16,0.05489996448159218
6,67,17,0.05592812970280647
6,67,18,0.055101387202739716
6,68,1,0.05568660795688629
6,68,2,0.055809102952480316
6,68,3,0.05576824024319649
6,68,4,0.055727407336235046
6,68,5,0.055307235568761826
6,68,6,0.05559151992201805
6,68,7,0.05579547956585884
6,68,8,0.05493044853210449
6,68,9,0.05551014840602875
6,68,10,0.055727407336235046
6,68,11,0.055361274629831314
6,68,12,0.05575462430715561
6,68,13,0.055809102952480316
6,68,14,0.056068580597639084
6,68,15,0.055374789983034134
6,68,16,0.05486343428492546
6,68,17,0.055836357176303864
6,68,18,0.055078163743019104
6,69,1,0.05556349456310272
6,69,2,0.055849093943834305
6,69,3,0.055726513266563416
6,69,4,0.05583546683192253
6,69,5,0.05495639517903328
6,69,6,0.0556313619017601
6,69,7,0.05582183226943016
6,69,8,0.05501009151339531
6,69,9,0.055468615144491196
6,69,10,0.055726513266563416
6,69,11,0.055468615144491196
6,69,12,0.05579458549618721
6,69,13,0.055849093943834305
6,69,14,0.056053996086120605
6,69,15,0.055319853127002716
6,69,16,0.05488935485482216
6,69,17,0.0559309683740139
6,69,18,0.05510418117046356
6,88,1,0.055778730660676956
6,88,2,0.0559014268219471
6,88,3,0.055833231657743454
6,88,4,0.05588778108358383
6,88,5,0.055088527500629425
6,88,6,0.05556127056479454
6,88,7,0.0556563064455986
6,88,8,0.05511543154716492
6,88,9,0.05557483807206154
6,88,10,0.05579235032200813
6,88,11,0.05547994002699852
6,88,12,0.05580597743391991
6,88,13,0.055520590394735336
6,88,14,0.055956047028303146
6,88,15,0.05533114820718765
6,88,16,0.05488715320825577
6,88,17,0.055928729474544525
6,88,18,0.054900556802749634
6,89,1,0.05571257323026657
6,89,2,0.05587603524327278
6,89,3,0.05583512783050537
6,89,4,0.05573978275060654
6,89,5,0.05500975623726845
6,89,6,0.055292513221502304
6,89,7,0.05584876239299774
6,89,8,0.054969482123851776
6,89,9,0.05559029057621956
6,89,10,0.05588968098163605
6,89,11,0.05553603172302246
6,89,12,0.05586239695549011
6,89,13,0.05573978275060654
6,89,14,0.056108422577381134
6,89,15,0.05518462508916855
6,89,16,0.05471508577466011
6,89,17,0.05601261556148529
6,89,18,0.055076949298381805
6,90,1,0.05569940432906151
6,90,2,0.055849187076091766
6,90,3,0.05575382336974144
6,90,4,0.055849187076091766
6,90,5,0.055212002247571945
6,90,6,0.055428095161914825
6,90,7,0.055821921676397324
6,90,8,0.05509081855416298
6,90,9,0.055536456406116486
6,90,10,0.0559174045920372
6,90,11,0.05550934746861458
6,90,12,0.05575382336974144
6,90,13,0.05564503371715546
6,90,14,0.0559174045920372
6,90,15,0.055306438356637955
6,90,16,0.05490284040570259
6,90,17,0.0559174045920372
6,90,18,0.054889436811208725
6,94,1,0.05574304237961769
6,94,2,0.055906590074300766
6,94,3,0.055852025747299194
6,94,4,0.05578388273715973
6,94,5,0.05518785119056702
6,94,6,0.055457983165979385
6,94,7,0.05581113323569298
6,94,8,0.05501297116279602
6,94,9,0.05557997152209282
6,94,10,0.05575665459036827
6,94,11,0.055457983165979385
6,94,12,0.055797506123781204
6,94,13,0.05566144734621048
6,94,14,0.05607062205672264
6,94,15,0.05529574677348137
6,94,16,0.05471828579902649
6,94,17,0.05592024326324463
6,94,18,0.05498611927032471
6,95,1,0.055788345634937286
6,95,2,0.05577472969889641
6,95,3,0.05591106414794922
6,95,4,0.05580196902155876
6,95,5,0.055138397961854935
6,95,6,0.055408280342817307
6,95,7,0.05584285408258438
6,95,8,0.054910022765398026
6,95,9,0.055543720722198486
6,95,10,0.05582922324538231
6,95,11,0.055543720722198486
6,95,12,0.05577472969889641
6,95,13,0.055720288306474686
6,95,14,0.05607510730624199
6,95,15,0.05530016869306564
6,95,16,0.054736021906137466
6,95,17,0.055897414684295654
6,95,18,0.05500394105911255
6,96,1,0.05563754215836525
6,96,2,0.05580078437924385
6,96,3,0.055896226316690445
6,96,4,0.055787160992622375
6,96,5,0.055258505046367645
6,96,6,0.05559680610895157
6,96,7,0.055787160992622375
6,96,8,0.05502963066101074
6,96,9,0.055556099861860275
6,96,10,0.055556099861860275
6,96,11,0.055447693914175034
6,96,12,0.05580078437924385
6,96,13,0.05585530027747154
6,96,14,0.05590987205505371
6,96,15,0.0552854910492897
6,96,16,0.05482847988605499
6,96,17,0.05590987205505371
6,96,18,0.055056508630514145
6,103,1,0.0558287650346756
6,103,2,0.055787887424230576
6,103,3,0.05580151081085205
6,103,4,0.05580151081085205
6,103,5,0.05540782958269119
6,103,6,0.05552970618009567
6,103,7,0.05576065555214882
6,103,8,0.05497663840651512
6,103,9,0.05551614984869957
6,103,10,0.0557742714881897
6,103,11,0.055448420345783234
6,103,12,0.05573343485593796
6,103,13,0.055719830095767975
6,103,14,0.05596523359417915
6,103,15,0.055286213755607605
6,103,16,0.05485597252845764
6,103,17,0.05586966872215271
6,103,18,0.05493638664484024
6,104,1,0.05572884902358055
6,104,2,0.05583779886364937
6,104,3,0.05583779886364937
6,104,4,0.05581054463982582
6,104,5,0.05529516562819481
6,104,6,0.055511582642793655
6,104,7,0.05574245750904083
6,104,8,0.05497211590409279
6,104,9,0.05557938665151596
6,104,10,0.05581054463982582
6,104,11,0.055430326610803604
6,104,12,0.055796924978494644
6,104,13,0.05574245750904083
6,104,14,0.05601530149579048
6,104,15,0.05536270514130592
6,104,16,0.05482468381524086
6,104,17,0.05575606971979141
6,104,18,0.05494527891278267
6,105,1,0.05581875517964363
6,105,2,0.05579150468111038
6,105,3,0.055846016854047775
6,105,4,0.055777888745069504
6,105,5,0.05537085235118866
6,105,6,0.05556042864918709
6,105,7,0.055777888745069504
6,105,8,0.05504736304283142
6,105,9,0.05551975220441818
6,105,10,0.055737048387527466
6,105,11,0.05537085235118866
6,105,12,0.05581875517964363
6,105,13,0.055737048387527466
6,105,14,0.05602354556322098
6,105,15,0.055289797484874725
6,105,16,0.054699044674634933
6,105,17,0.05588693544268608
6,105,18,0.054926540702581406
6,115,1,0.05566832423210144
6,115,2,0.055913496762514114
6,115,3,0.055709108710289
6,115,4,0.055722713470458984
6,115,5,0.055316079407930374
6,115,6,0.05562756583094597
6,115,7,0.055818021297454834
6,115,8,0.05504664033651352
6,115,9,0.055613987147808075
6,115,10,0.055831652134656906
6,115,11,0.05549192056059837
6,115,12,0.055818021297454834
6,115,13,0.055872559547424316
6,115,14,0.05585892125964165
6,115,15,0.05524859204888344
6,115,16,0.054765138775110245
6,115,17,0.05584528669714928
6,115,18,0.054832033812999725
6,130,1,0.05585656315088272
6,130,2,0.05585656315088272
6,130,3,0.05577480420470238
6,130,4,0.055788423866033554
6,130,5,0.055219296365976334
6,130,6,0.055720362812280655
6,130,7,0.05584292858839035
6,130,8,0.05481633171439171
6,130,9,0.055462490767240524
6,130,10,0.055462490767240524
6,130,11,0.05547603592276573
6,130,12,0.05580204352736473
6,130,13,0.0556795671582222
6,130,14,0.05603412538766861
6,130,15,0.05525975301861763
6,130,16,0.05482972040772438
6,130,17,0.056020449846982956
6,130,18,0.05509810149669647
6,131,1,0.05580888316035271
6,131,2,0.05589069053530693
6,131,3,0.05579525604844093
6,131,4,0.055781636387109756
6,131,5,0.055266525596380234
6,131,6,0.055632032454013824
6,131,7,0.05589069053530693
6,131,8,0.054970476776361465
6,131,9,0.05552348122000694
6,131,10,0.055686384439468384
6,131,11,0.05548282712697983
6,131,12,0.05576802045106888
6,131,13,0.055672794580459595
6,131,14,0.05591798573732376
6,131,15,0.05529351532459259
6,131,16,0.054595984518527985
6,131,17,0.05591798573732376
6,131,18,0.05510484427213669
6,132,1,0.05577491223812103
6,132,2,0.055843036621809006
6,132,3,0.05577491223812103
6,132,4,0.05581577494740486
6,132,5,0.05530034750699997
6,132,6,0.05547614023089409
6,132,7,0.05582940950989723
6,132,8,0.05495043098926544
6,132,9,0.0555032342672348
6,132,10,0.05572046712040901
6,132,11,0.055421993136405945
6,132,12,0.055802151560783386
6,132,13,0.05569326877593994
6,132,14,0.056047916412353516
6,132,15,0.05517897382378578
6,132,16,0.054776307195425034
6,132,17,0.05595220997929573
6,132,18,0.05513857305049896
6,163,1,0.05572177842259407
6,163,2,0.055871620774269104
6,163,3,0.056008193641901016
6,163,4,0.055898912250995636
6,163,5,0.055193740874528885
6,163,6,0.05558590218424797
6,163,7,0.055830713361501694
6,163,8,0.05484450235962868
6,163,9,0.05549098551273346
6,163,10,0.055667389184236526
6,163,11,0.05553164333105087
6,163,12,0.055708177387714386
6,163,13,0.055803459137678146
6,163,14,0.05595352500677109
6,163,15,0.05536919832229614
6,163,16,0.05469741299748421
6,163,17,0.055844347923994064
6,163,18,0.05497856065630913
6,184,1,0.055570948868989944
6,184,2,0.05596579238772392
6,184,3,0.05596579238772392
6,184,4,0.05584295839071274
6,184,5,0.05512503162026405
6,184,6,0.05559808760881424
6,184,7,0.05582932382822037
6,184,8,0.054963767528533936
6,184,9,0.05551670864224434
6,184,10,0.05585659667849541
6,184,11,0.055503156036138535
6,184,12,0.05573399364948273
6,184,13,0.05577483028173447
6,184,14,0.05585659667849541
6,184,15,0.05525978282094002
6,184,16,0.054789602756500244
6,184,17,0.05584295839071274
6,184,18,0.05500403791666031
6,193,1,0.05582818388938904
6,193,2,0.05597831681370735
6,193,3,0.05584181845188141
6,193,4,0.05565127730369568
6,193,5,0.05507010594010353
6,193,6,0.05566486716270447
6,193,7,0.05596465244889259
6,193,8,0.054935816675424576
6,193,9,0.05554268881678581
6,193,10,0.05580093339085579
6,193,11,0.05570565536618233
6,193,12,0.05589638277888298
6,193,13,0.05544785037636757
6,193,14,0.05597831681370735
6,193,15,0.05511045455932617
6,193,16,0.05470828711986542
6,193,17,0.056005656719207764
6,193,18,0.054868802428245544
6,194,1,0.05576483905315399
6,194,2,0.05595576763153076
6,194,3,0.055887505412101746
6,194,4,0.055710408836603165
6,194,5,0.05498076230287552
6,194,6,0.055384933948516846
6,194,7,0.055792078375816345
6,194,8,0.05496734380722046
6,194,9,0.055574558675289154
6,194,10,0.055792078375816345
6,194,11,0.05549320951104164
6,194,12,0.0559421107172966
6,194,13,0.05564244091510773
6,194,14,0.05601043626666069
6,194,15,0.05530386418104172
6,194,16,0.0548333078622818
6,194,17,0.05601043626666069
6,194,18,0.0549539253115654
6,195,1,0.055689241737127304
6,195,2,0.055907201021909714
6,195,3,0.05578449368476868
6,195,4,0.05578449368476868
6,195,5,0.054799098521471024
6,195,6,0.05552632361650467
6,195,7,0.055852629244327545
6,195,8,0.0549732930958271
6,195,9,0.05558057874441147
6,195,10,0.0558253638446331
6,195,11,0.05555344372987747
6,195,12,0.055866267532110214
6,195,13,0.05573004484176636
6,195,14,0.05603018030524254
6,195,15,0.055255863815546036
6,195,16,0.054825857281684875
6,195,17,0.05596182495355606
6,195,18,0.05505387857556343
6,205,1,0.05559734255075455
6,205,2,0.055814944207668304
6,205,3,0.05582857131958008
6,205,4,0.05585584044456482
6,205,5,0.055164679884910583
6,205,6,0.05559734255075455
6,205,7,0.055937718600034714
6,205,8,0.05501673370599747
6,205,9,0.055434700101614
6,205,10,0.05571964010596275
6,205,11,0.05548885837197304
6,205,12,0.05582857131958008
6,205,13,0.055814944207668304
6,205,14,0.05599237233400345
6,205,15,0.05536707118153572
6,205,16,0.05478886514902115
6,205,17,0.05585584044456482
6,205,18,0.054895978420972824
6,208,1,0.055640194565057755
6,208,2,0.05602185055613518
6,208,3,0.05581706762313843
6,208,4,0.055898893624544144
6,208,5,0.05505913496017456
6,208,6,0.05550451949238777
6,208,7,0.05588524416089058
6,208,8,0.054978542029857635
6,208,9,0.05546388402581215
6,208,10,0.05588524416089058
6,208,11,0.05550451949238777
6,208,12,0.05572175979614258
6,208,13,0.05568096414208412
6,208,14,0.055953510105609894
6,208,15,0.05530162900686264
6,208,16,0.05472410470247269
6,208,17,0.055953510105609894
6,208,18,0.05500539392232895
6,217,1,0.0556059405207634
6,217,2,0.05575547367334366
6,217,3,0.05583721026778221
6,217,4,0.05574186518788338
6,217,5,0.05525409057736397
6,217,6,0.05545680969953537
6,217,7,0.05585084110498428
6,217,8,0.05515974387526512
6,217,9,0.0556059405207634
6,217,10,0.05568745732307434
6,217,11,0.05547034740447998
6,217,12,0.05582357570528984
6,217,13,0.055728260427713394
6,217,14,0.05598736181855202
6,217,15,0.055389154702425
6,217,16,0.05479733645915985
6,217,17,0.05580994859337807
6,217,18,0.05503867566585541
6,218,1,0.05579306185245514
6,218,2,0.0558612123131752
6,218,3,0.05583394318819046
6,218,4,0.05576582998037338
6,218,5,0.05529133975505829
6,218,6,0.055589113384485245
6,218,7,0.05573860555887222
6,218,8,0.0549548976123333
6,218,9,0.0554400272667408
6,218,10,0.05577944591641426
6,218,11,0.05541296675801277
6,218,12,0.05579306185245514
6,218,13,0.05577944591641426
6,218,14,0.05602510645985603
6,218,15,0.05537239834666252
6,218,16,0.054820895195007324
6,218,17,0.05583394318819046
6,218,18,0.05491466075181961
6,219,1,0.055814310908317566
6,219,2,0.05582794174551964
6,219,3,0.05580068752169609
6,219,4,0.055814310908317566
6,219,5,0.05533941462635994
6,219,6,0.055623866617679596
6,219,7,0.055787067860364914
6,219,8,0.054989248514175415
6,219,9,0.055501777678728104
6,219,10,0.05575982853770256
6,219,11,0.05546113848686218
6,219,12,0.05571901053190231
6,219,13,0.05577344447374344
6,219,14,0.055937085300683975
6,219,15,0.055258408188819885
6,219,16,0.05476149544119835
6,219,17,0.05585520714521408
6,219,18,0.05497582256793976
6,238,1,0.055772505700588226
6,238,2,0.055963464081287384
6,238,3,0.0558406300842762
6,238,4,0.055772505700588226
6,238,5,0.055284470319747925
6,238,6,0.05546020716428757
6,238,7,0.05585426837205887
6,238,8,0.05493465065956116
6,238,9,0.0555686354637146
6,238,10,0.055758893489837646
6,238,11,0.05541960522532463
6,238,12,0.05585426837205887
6,238,13,0.055636510252952576
6,238,14,0.056004468351602554
6,238,15,0.05531146749854088
6,238,16,0.05472048372030258
6,238,17,0.055881548672914505
6,238,18,0.05496148392558098
6,239,1,0.05573635175824165
6,239,2,0.055831681936979294
6,239,3,0.055831681936979294
6,239,4,0.055749960243701935
6,239,5,0.05523514002561569
6,239,6,0.05551905184984207
6,239,7,0.055845316499471664
6,239,8,0.055033229291439056
6,239,9,0.055546168237924576
6,239,10,0.05579080805182457
6,239,11,0.0554107241332531
6,239,12,0.055804427713155746
6,239,13,0.055681947618722916
6,239,14,0.05603652074933052
6,239,15,0.055329617112874985
6,239,16,0.05475180223584175
6,239,17,0.055872593075037
6,239,18,0.05499294027686119
6,240,1,0.05582796782255173
6,240,2,0.05585523322224617
6,240,3,0.05574624612927437
6,240,4,0.055787093937397
6,240,5,0.05532592907547951
6,240,6,0.055623892694711685
6,240,7,0.05586886778473854
6,240,8,0.054989274591207504
6,240,9,0.0555831640958786
6,240,10,0.055719029158353806
6,240,11,0.05543409287929535
6,240,12,0.055787093937397
6,240,13,0.05561031028628349
6,240,14,0.055896155536174774
6,240,15,0.05533944070339203
6,240,16,0.054774895310401917
6,240,17,0.05586886778473854
6,240,18,0.054962433874607086
6,258,1,0.05582499876618385
6,258,2,0.05577051267027855
6,258,3,0.05575689673423767
6,258,4,0.05560735985636711
6,258,5,0.05528248846530914
6,258,6,0.05558021366596222
6,258,7,0.05578412860631943
6,258,8,0.05490587279200554
6,258,9,0.05549885705113411
6,258,10,0.055620938539505005
6,258,11,0.055485308170318604
6,258,12,0.05577051267027855
6,258,13,0.05577051267027855
6,258,14,0.05602981522679329
6,258,15,0.05541761964559555
6,258,16,0.05482549965381622
6,258,17,0.05593413859605789
6,258,18,0.05513422563672066
6,259,1,0.05550757795572281
6,259,2,0.05582014471292496
6,259,3,0.05579289421439171
6,259,4,0.05572482943534851
6,259,5,0.055035293102264404
6,259,6,0.05558894947171211
6,259,7,0.05594293028116226
6,259,8,0.054753851145505905
6,259,9,0.05554824694991112
6,259,10,0.055806517601013184
6,259,11,0.05558894947171211
6,259,12,0.055806517601013184
6,259,13,0.05582014471292496
6,259,14,0.0560796782374382
6,259,15,0.05534519627690315
6,259,16,0.05482073128223419
6,259,17,0.05587468296289444
6,259,18,0.05514289066195488
6,260,1,0.05578550696372986
6,260,2,0.05578550696372986
6,260,3,0.05581275746226311
6,260,4,0.05569025129079819
6,260,5,0.05520293489098549
6,260,6,0.05569025129079819
6,260,7,0.05592187121510506
6,260,8,0.05493404343724251
6,260,9,0.05556802079081535
6,260,10,0.05577189102768898
6,260,11,0.055513784289360046
6,260,12,0.05578550696372986
6,260,13,0.05581275746226311
6,260,14,0.055867284536361694
6,260,15,0.05516251549124718
6,260,16,0.05482685565948486
6,260,17,0.055853649973869324
6,260,18,0.05501457303762436
6,272,1,0.055497244000434875
6,272,2,0.05576889216899872
6,272,3,0.05564648658037186
6,272,4,0.05575527623295784
6,272,5,0.05532138794660568
6,272,6,0.05570085719227791
6,272,7,0.05586428567767143
6,272,8,0.054998189210891724
6,272,9,0.05548369884490967
6,272,10,0.05575527623295784
6,272,11,0.055416010320186615
6,272,12,0.055673666298389435
6,272,13,0.05593251809477806
6,272,14,0.05608292669057846
6,272,15,0.05552435293793678
6,272,16,0.05471693351864815
6,272,17,0.05583701282739639
6,272,18,0.055025048553943634
6,273,1,0.055589206516742706
6,273,2,0.05587494373321533
6,273,3,0.055765919387340546
6,273,4,0.0554942861199379
6,273,5,0.0552239790558815
6,273,6,0.055170074105262756
6,273,7,0.05587494373321533
6,273,8,0.05511622503399849
6,273,9,0.05548074096441269
6,273,10,0.05557563900947571
6,273,11,0.055413056164979935
6,273,12,0.05573869124054909
6,273,13,0.055970512330532074
6,273,14,0.05617585778236389
6,273,15,0.0554942861199379
6,273,16,0.05491475388407707
6,273,17,0.05595685541629791
6,273,18,0.055170074105262756
6,283,1,0.05579832196235657
6,283,2,0.05585283786058426
6,283,3,0.055880121886730194
6,283,4,0.05579832196235657
6,283,5,0.05531005933880806
6,283,6,0.05547233670949936
6,283,7,0.055743858218193054
6,283,8,0.05500034615397453
6,283,9,0.05543172359466553
6,283,10,0.05563508719205856
6,283,11,0.055499427020549774
6,283,12,0.055703043937683105
6,283,13,0.055757470428943634
6,283,14,0.05603038892149925
6,283,15,0.05524258315563202
6,283,16,0.054705727845430374
6,283,17,0.05603038892149925
6,283,18,0.05510787293314934
6,284,1,0.05569843575358391
6,284,2,0.055848218500614166
6,284,3,0.055780086666345596
6,284,4,0.05579370632767677
6,284,5,0.05530548095703125
6,284,6,0.05563048645853996
6,284,7,0.05580732971429825
6,284,8,0.05488848686218262
6,284,9,0.05549483373761177
6,284,10,0.055712033063173294
6,284,11,0.05530548095703125
6,284,12,0.05568483844399452
6,284,13,0.055861860513687134
6,284,14,0.056080494076013565
6,284,15,0.055318985134363174
6,284,16,0.054781388491392136
6,284,17,0.05601207911968231
6,284,18,0.05499580129981041
6,285,1,0.0557786226272583
6,285,2,0.05584675073623657
6,285,3,0.05584675073623657
6,285,4,0.055819492787122726
6,285,5,0.05541214719414711
6,285,6,0.05572417378425598
6,285,7,0.0557786226272583
6,285,8,0.05498092621564865
6,285,9,0.05535805970430374
6,285,10,0.05566978082060814
6,285,11,0.055439211428165436
6,285,12,0.05579223856329918
6,285,13,0.05565619096159935
6,285,14,0.05603795871138573
6,285,15,0.055196113884449005
6,285,16,0.05473984032869339
6,285,17,0.055942270904779434
6,285,18,0.05498092621564865
6,292,1,0.05577937513589859
6,292,2,0.0558747872710228
6,292,3,0.05572493374347687
6,292,4,0.05583387613296509
6,292,5,0.05508916452527046
6,292,6,0.055399369448423386
6,292,7,0.05584750697016716
6,292,8,0.054954830557107925
6,292,9,0.05552123114466667
6,292,10,0.05579299479722977
6,292,11,0.05538585036993027
6,292,12,0.05577937513589859
6,292,13,0.05584750697016716
6,292,14,0.0559840202331543
6,292,15,0.05531827732920647
6,292,16,0.05482083186507225
6,292,17,0.05597035586833954
6,292,18,0.055075712502002716
6,293,1,0.05584755539894104
6,293,2,0.0559430792927742
6,293,3,0.05580666661262512
6,293,4,0.05572497844696045
6,293,5,0.05530482158064842
6,293,6,0.055035434663295746
6,293,7,0.05584755539894104
6,293,8,0.055075760930776596
6,293,9,0.05549417436122894
6,293,10,0.055426474660634995
6,293,11,0.05541294440627098
6,293,12,0.05586118996143341
6,293,13,0.055915769189596176
6,293,14,0.055997736752033234
6,293,15,0.05527782812714577
6,293,16,0.054954878985881805
6,293,17,0.05597040057182312
6,293,18,0.05510266125202179
6,294,1,0.055616382509469986
6,294,2,0.05584769323468208
6,294,3,0.05575232952833176
6,294,4,0.055738721042871475
6,294,5,0.05519704520702362
6,294,6,0.055413082242012024
6,294,7,0.055861327797174454
6,294,8,0.05496843159198761
6,294,9,0.0555485337972641
6,294,10,0.05571151152253151
6,294,11,0.05542661249637604
6,294,12,0.055765945464372635
6,294,13,0.055861327797174454
6,294,14,0.056038904935121536
6,294,15,0.05538603290915489
6,294,16,0.05483439564704895
6,294,17,0.05588861182332039
6,294,18,0.05514317378401756
6,295,1,0.05578941851854324
6,295,2,0.05583029240369797
6,295,3,0.05583029240369797
6,295,4,0.05580303817987442
6,295,5,0.055382292717695236
6,295,6,0.05553122237324715
6,295,7,0.05576218292117119
6,295,8,0.05496472492814064
6,295,9,0.055477023124694824
6,295,10,0.05576218292117119
6,295,11,0.05549056828022003
6,295,12,0.05583029240369797
6,295,13,0.05573496222496033
6,295,14,0.05589848756790161
6,295,15,0.055301230400800705
6,295,16,0.05479054898023605
6,295,17,0.05578941851854324
6,295,18,0.05503186210989952
6,296,1,0.055867187678813934
6,296,2,0.05589447170495987
6,296,3,0.05589447170495987
6,296,4,0.055853549391031265
6,296,5,0.05536479875445366
6,296,6,0.05567655712366104
6,296,7,0.05564938113093376
6,296,8,0.054719775915145874
6,296,9,0.05559506267309189
6,296,10,0.0557173527777195
6,296,11,0.05544595792889595
6,296,12,0.05570375174283981
6,296,13,0.05575817823410034
6,296,14,0.055799033492803574
6,296,15,0.05536479875445366
6,296,16,0.05492053180932999
6,296,17,0.055908117443323135
6,296,18,0.05486692860722542
7,9,1,0.05511604622006416
7,9,2,0.055048808455467224
7,9,3,0.05595666915178299
7,9,4,0.05538582801818848
7,9,5,0.056547198444604874
7,9,6,0.05580659583210945
7,9,7,0.05542640760540962
7,9,8,0.056189391762018204
7,9,9,0.05538582801818848
7,9,10,0.05424168333411217
7,9,11,0.05535878613591194
7,9,12,0.05492798238992691
7,9,13,0.05671310797333717
7,9,14,0.054660435765981674
7,9,15,0.05658863112330437
7,9,16,0.055684108287096024
7,9,17,0.05521031469106674
7,9,18,0.05575212463736534
7,10,1,0.05530573055148125
7,10,2,0.055009469389915466
7,10,3,0.0558757409453392
7,10,4,0.05525174364447594
7,10,5,0.05590303614735603
7,10,6,0.05595765262842178
7,10,7,0.05553574487566948
7,10,8,0.056190382689237595
7,10,9,0.05534624680876732
7,10,10,0.05444829538464546
7,10,11,0.05549508333206177
7,10,12,0.05491553992033005
7,10,13,0.056053366512060165
7,10,14,0.054835155606269836
7,10,15,0.05654819309711456
7,10,16,0.05586210638284683
7,10,17,0.05548153817653656
7,10,18,0.0559849850833416
7,26,1,0.05557671934366226
7,26,2,0.05517115071415901
7,26,3,0.056081030517816544
7,26,4,0.055468276143074036
7,26,5,0.05624556913971901
7,26,6,0.05536004528403282
7,26,7,0.05537356436252594
7,26,8,0.05613582208752632
7,26,9,0.05569897219538689
7,26,10,0.05451507866382599
7,26,11,0.055400606244802475
7,26,12,0.05505005642771721
7,26,13,0.05579423904418945
7,26,14,0.054728444665670395
7,26,15,0.05642436817288399
7,26,16,0.05571257323026657
7,26,17,0.05534652993083
7,26,18,0.05591696873307228
7,27,1,0.055715762078762054
7,27,2,0.055133920162916183
7,27,3,0.05641382932662964
7,27,4,0.055715762078762054
7,27,5,0.055865589529275894
7,27,6,0.05592017620801926
7,27,7,0.0552956759929657
7,27,8,0.05609793961048126
7,27,9,0.05549854785203934
7,27,10,0.05446498841047287
7,27,11,0.05556633695960045
7,27,12,0.055039774626493454
7,27,13,0.055674970149993896
7,27,14,0.05478505417704582
7,27,15,0.05616645887494087
7,27,16,0.05557990446686745
7,27,17,0.05536321923136711
7,27,18,0.05570216476917267
7,28,1,0.05573044717311859
7,28,2,0.055108070373535156
7,28,3,0.05603058636188507
7,28,4,0.055567413568496704
7,28,5,0.05609902739524841
7,28,6,0.05579851567745209
7,28,7,0.055553849786520004
7,28,8,0.05604426935315132
7,28,9,0.05562170594930649
7,28,10,0.05471927672624588
7,28,11,0.05524277314543724
7,28,12,0.055054280906915665
7,28,13,0.05575766786932945
7,28,14,0.054786112159490585
7,28,15,0.05631858855485916
7,28,16,0.05536429211497307
7,28,17,0.05545898899435997
7,28,18,0.05574405565857887
7,45,1,0.05524111166596413
7,45,2,0.055200669914484024
7,45,3,0.05609733611345291
7,45,4,0.055430248379707336
7,45,5,0.05594688653945923
7,45,6,0.05552505701780319
7,45,7,0.05557930842041969
7,45,8,0.05624819174408913
7,45,9,0.05568796768784523
7,45,10,0.05461086705327034
7,45,11,0.055484406650066376
7,45,12,0.05493178963661194
7,45,13,0.0559878796339035
7,45,14,0.054837994277477264
7,45,15,0.05626192316412926
7,45,16,0.0557151660323143
7,45,17,0.05547086521983147
7,45,18,0.055742375552654266
7,46,1,0.055499542504549026
7,46,2,0.055094536393880844
7,46,3,0.05588023364543915
7,46,4,0.055662378668785095
7,46,5,0.05586659535765648
7,46,6,0.05533718317747116
7,46,7,0.055458907037973404
7,46,8,0.05592117831110954
7,46,9,0.05568956211209297
7,46,10,0.054559122771024704
7,46,11,0.055499542504549026
7,46,12,0.05520224943757057
7,46,13,0.055743973702192307
7,46,14,0.05482617765665054
7,46,15,0.05649753659963608
7,46,16,0.055662378668785095
7,46,17,0.055458907037973404
7,46,18,0.05614004656672478
7,53,1,0.05531790852546692
7,53,2,0.05531790852546692
7,53,3,0.0559699721634388
7,53,4,0.05510224029421806
7,53,5,0.05603834241628647
7,53,6,0.05487402155995369
7,53,7,0.05539899691939354
7,53,8,0.05609309300780296
7,53,9,0.05543958768248558
7,53,10,0.05464674532413483
7,53,11,0.05550730600953102
7,53,12,0.05523693189024925
7,53,13,0.05602465942502022
7,53,14,0.05488741770386696
7,53,15,0.05645028501749039
7,53,16,0.05568375438451767
7,53,17,0.05562940239906311
7,53,18,0.05638141930103302
7,54,1,0.05538279190659523
7,54,2,0.05526123568415642
7,54,3,0.05592629313468933
7,54,4,0.05508612468838692
7,54,5,0.05603563040494919
7,54,6,0.055396318435668945
7,54,7,0.05540984123945236
7,54,8,0.05621375888586044
7,54,9,0.05557241663336754
7,54,10,0.0546707883477211
7,54,11,0.05562671273946762
7,54,12,0.05520729720592499
7,54,13,0.05580354109406471
7,54,14,0.05479104816913605
7,54,15,0.056613169610500336
7,54,16,0.0557490736246109
7,54,17,0.05546398088335991
7,54,18,0.05578991770744324
7,59,1,0.05514352768659592
7,59,2,0.055183932185173035
7,59,3,0.05616253614425659
7,59,4,0.055251333862543106
7,59,5,0.05614882707595825
7,59,6,0.055278316140174866
7,59,7,0.055386386811733246
7,59,8,0.05617624893784523
7,59,9,0.05565749108791351
7,59,10,0.05468768626451492
7,59,11,0.05545404553413391
7,59,12,0.055130064487457275
7,59,13,0.056107718497514725
7,59,14,0.054767854511737823
7,59,15,0.0563548281788826
7,59,16,0.05561674013733864
7,59,17,0.05554889142513275
7,59,18,0.055943578481674194
7,60,1,0.055179666727781296
7,60,2,0.05509889870882034
7,60,3,0.05607599392533302
7,60,4,0.05524706467986107
7,60,5,0.055980242788791656
7,60,6,0.05534156411886215
7,60,7,0.05549038574099541
7,60,8,0.05618562921881676
7,60,9,0.055639609694480896
7,60,10,0.05469681695103645
7,60,11,0.05543622002005577
7,60,12,0.055166203528642654
7,60,13,0.05593925714492798
7,60,14,0.054870687425136566
7,60,15,0.056405529379844666
7,60,16,0.05555816367268562
7,60,17,0.05566678196191788
7,60,18,0.05602126196026802
7,82,1,0.0551440566778183
7,82,2,0.05503646284341812
7,82,3,0.05579407885670662
7,82,4,0.05521141365170479
7,82,5,0.05557656288146973
7,82,6,0.05499616637825966
7,82,7,0.055413976311683655
7,82,8,0.056259144097566605
7,82,9,0.05556299537420273
7,82,10,0.054634835571050644
7,82,11,0.05542751029133797
7,82,12,0.0549827441573143
7,82,13,0.05675578862428665
7,82,14,0.055009596049785614
7,82,15,0.05672807991504669
7,82,16,0.05603981018066406
7,82,17,0.05538692697882652
7,82,18,0.05603981018066406
7,109,1,0.055358920246362686
7,109,2,0.055210452526807785
7,109,3,0.05610727518796921
7,109,4,0.05553489550948143
7,109,5,0.05576586723327637
7,109,6,0.05542653426527977
7,109,7,0.05549423396587372
7,109,8,0.05628563463687897
7,109,9,0.05554845556616783
7,109,10,0.05475405603647232
7,109,11,0.055521342903375626
7,109,12,0.05492810904979706
7,109,13,0.055752258747816086
7,109,14,0.05480755493044853
7,109,15,0.05646456032991409
7,109,16,0.05579310283064842
7,109,17,0.05544006824493408
7,109,18,0.055806729942560196
7,121,1,0.05537399649620056
7,121,2,0.05501018464565277
7,121,3,0.055903755128383636
7,121,4,0.05538751557469368
7,121,5,0.05569940432906151
7,121,6,0.05503705143928528
7,121,7,0.05538751557469368
7,121,8,0.056081466376781464
7,121,9,0.055604297667741776
7,121,10,0.05483586713671684
7,121,11,0.05529294162988663
7,121,12,0.055023614317178726
7,121,13,0.0559857077896595
7,121,14,0.054862651973962784
7,121,15,0.05686735361814499
7,121,16,0.05589010566473007
7,121,17,0.055428098887205124
7,121,18,0.056328460574150085
7,122,1,0.05512898042798042
7,122,2,0.05507516488432884
7,122,3,0.05580606311559677
7,122,4,0.05529072880744934
7,122,5,0.05602448433637619
7,122,6,0.055250246077775955
7,122,7,0.05527723208069801
7,122,8,0.056271228939294815
7,122,9,0.05562923103570938
7,122,10,0.05471331998705864
7,122,11,0.055385299026966095
7,122,12,0.05495429039001465
7,122,13,0.05607922375202179
7,122,14,0.05495429039001465
7,122,15,0.05672641471028328
7,122,16,0.05584695562720299
7,122,17,0.05546649172902107
7,122,18,0.056120313704013824
7,123,1,0.05546632036566734
7,123,2,0.05504811555147171
7,123,3,0.05575142428278923
7,123,4,0.055169202387332916
7,123,5,0.05620240420103073
7,123,6,0.05511535331606865
7,123,7,0.055250078439712524
7,123,8,0.056271057575941086
7,123,9,0.05542571097612381
7,123,10,0.054699793457984924
7,123,11,0.05537160858511925
7,123,12,0.05500781163573265
7,123,13,0.056381069123744965
7,123,14,0.05495412275195122
7,123,15,0.056684710085392
7,123,16,0.05580589920282364
7,123,17,0.05542571097612381
7,123,18,0.05596963316202164
7,133,1,0.055185914039611816
7,133,2,0.05510513857007027
7,133,3,0.0556459054350853
7,133,4,0.055145513266325
7,133,5,0.056536003947257996
7,133,6,0.05541543290019035
7,133,7,0.055428966879844666
7,133,8,0.056246887892484665
7,133,9,0.05549667030572891
7,133,10,0.05466296151280403
7,133,11,0.055347830057144165
7,133,12,0.05515897646546364
7,133,13,0.056000251322984695
7,133,14,0.05489029735326767
7,133,15,0.05650840699672699
7,133,16,0.055850062519311905
7,133,17,0.05541543290019035
7,133,18,0.055959250777959824
7,166,1,0.055537253618240356
7,166,2,0.055239759385585785
7,166,3,0.055959172546863556
7,166,4,0.0552937313914299
7,166,5,0.055959172546863556
7,166,6,0.055686600506305695
7,166,7,0.0553477518260479
7,166,8,0.056356776505708694
7,166,9,0.05559151619672775
7,166,10,0.05476975068449974
7,166,11,0.05546950176358223
7,166,12,0.05501096323132515
7,166,13,0.05574101209640503
7,166,14,0.05487682670354843
7,166,15,0.056425612419843674
7,166,16,0.05559151619672775
7,166,17,0.05536126717925072
7,166,18,0.05578185245394707
7,167,1,0.05530523508787155
7,167,2,0.05514344200491905
7,167,3,0.055984485894441605
7,167,4,0.05525124818086624
7,167,5,0.05602550506591797
7,167,6,0.05554880574345589
7,167,7,0.055224280804395676
7,167,8,0.056231047958135605
7,167,9,0.05567099526524544
7,167,10,0.05468760430812836
7,167,11,0.055291734635829926
7,167,12,0.055022407323122025
7,167,13,0.05580708011984825
7,167,14,0.05486145243048668
7,167,15,0.056672077625989914
7,167,16,0.055875249207019806
7,167,17,0.05546749755740166
7,167,18,0.05592983588576317
7,168,1,0.05519075691699982
7,168,2,0.05506962165236473
7,168,3,0.055923186242580414
7,168,4,0.0553797222673893
7,168,5,0.05582769960165024
7,168,6,0.05540676787495613
7,168,7,0.0553797222673893
7,168,8,0.056142065674066544
7,168,9,0.05559647083282471
7,168,10,0.054774634540081024
7,168,11,0.055542200803756714
7,168,12,0.05498901382088661
7,168,13,0.055895887315273285
7,168,14,0.054908521473407745
7,168,15,0.056706856936216354
7,168,16,0.05570515990257263
7,168,17,0.05547444149851799
7,168,18,0.05608726665377617
7,190,1,0.055097032338380814
7,190,2,0.05504325404763222
7,190,3,0.0557192862033844
7,190,4,0.0555427186191082
7,190,5,0.05600569024682045
7,190,6,0.05535320192575455
7,190,7,0.0553937591612339
7,190,8,0.05638985335826874
7,190,9,0.0555427186191082
7,190,10,0.05472167581319809
7,190,11,0.0555834136903286
7,190,12,0.055123936384916306
7,190,13,0.05612888187170029
7,190,14,0.054815277457237244
7,190,15,0.05666586384177208
7,190,16,0.055651307106018066
7,190,17,0.05536671727895737
7,190,18,0.05585548281669617
7,191,1,0.05524234473705292
7,191,2,0.054986681789159775
7,191,3,0.055825334042310715
7,191,4,0.05536385998129845
7,191,5,0.05583896487951279
7,191,6,0.05521537363529205
7,191,7,0.05541795492172241
7,191,8,0.056359414011240005
7,191,9,0.055485643446445465
7,191,10,0.054946426302194595
7,191,11,0.0554044246673584
7,191,12,0.05512109398841858
7,191,13,0.05603015050292015
7,191,14,0.05481244623661041
7,191,15,0.056676775217056274
7,191,16,0.05592082068324089
7,191,17,0.055431485176086426
7,191,18,0.05592082068324089
7,192,1,0.05525672808289528
7,192,2,0.054974157363176346
7,192,3,0.05585350841283798
7,192,4,0.05529721826314926
7,192,5,0.05590808019042015
7,192,6,0.05529721826314926
7,192,7,0.055351246148347855
7,192,8,0.05636033043265343
7,192,9,0.055595025420188904
7,192,10,0.05458630993962288
7,192,11,0.0555000938475132
7,192,12,0.05505474656820297
7,192,13,0.05601738020777702
7,192,14,0.05482672527432442
7,192,15,0.05687175318598747
7,192,16,0.05590808019042015
7,192,17,0.05533773452043533
7,192,18,0.05600370839238167
7,199,1,0.05519818142056465
7,199,2,0.055373650044202805
7,199,3,0.05587611719965935
7,199,4,0.05527909845113754
7,199,5,0.056094810366630554
7,199,6,0.05565827339887619
7,199,7,0.055360130965709686
7,199,8,0.05667295679450035
7,199,9,0.055265601724386215
7,199,10,0.05438223108649254
7,199,11,0.05544128268957138
7,199,12,0.05494272708892822
7,199,13,0.055889759212732315
7,199,14,0.05479537695646286
7,199,15,0.056603822857141495
7,199,16,0.05578070506453514
7,199,17,0.05548190698027611
7,199,18,0.05590340495109558
7,200,1,0.05521329864859581
7,200,2,0.05510556325316429
7,200,3,0.0557551272213459
7,200,4,0.05525375157594681
7,200,5,0.05604172125458717
7,200,6,0.05545646697282791
7,200,7,0.055321238934993744
7,200,8,0.05616499111056328
7,200,9,0.05534825846552849
7,200,10,0.054357293993234634
7,200,11,0.05521329864859581
7,200,12,0.054998040199279785
7,200,13,0.056055404245853424
7,200,14,0.05524026229977608
7,200,15,0.0568409226834774
7,200,16,0.055946025997400284
7,200,17,0.05560559779405594
7,200,18,0.05608278140425682
7,201,1,0.055213164538145065
7,201,2,0.05507853627204895
7,201,3,0.05582309886813164
7,201,4,0.055213164538145065
7,201,5,0.05604158714413643
7,201,6,0.05565979331731796
7,201,7,0.05526711419224739
7,201,8,0.05643977224826813
7,201,9,0.0555240735411644
7,201,10,0.05443684756755829
7,201,11,0.055321104824543
7,201,12,0.05501134321093559
7,201,13,0.0559595562517643
7,201,14,0.05498448759317398
7,201,15,0.056868549436330795
7,201,16,0.05571417883038521
7,201,17,0.05541573464870453
7,201,18,0.05602790415287018
7,223,1,0.055705443024635315
7,223,2,0.055056456476449966
7,223,3,0.05586888641119003
7,223,4,0.055312443524599075
7,223,5,0.056707143783569336
7,223,6,0.05550181865692139
7,223,7,0.055150628089904785
7,223,8,0.05618348345160484
7,223,9,0.05543411150574684
7,223,10,0.054388467222452164
7,223,11,0.05542058125138283
7,223,12,0.05482843145728111
7,223,13,0.05599178373813629
7,223,14,0.05486859753727913
7,223,15,0.056679461151361465
7,223,16,0.05565107241272926
7,223,17,0.0551910363137722
7,223,18,0.056060172617435455
7,226,1,0.05524972081184387
7,226,2,0.05519578978419304
7,226,3,0.0559966042637825
7,226,4,0.05516884848475456
7,226,5,0.055860064923763275
7,226,6,0.055832792073488235
7,226,7,0.05531720817089081
7,226,8,0.05613347887992859
7,226,9,0.055520158261060715
7,226,10,0.054712798446416855
7,226,11,0.05549304932355881
7,226,12,0.05485992878675461
7,226,13,0.05590098723769188
7,226,14,0.05485992878675461
7,226,15,0.056656673550605774
7,226,16,0.055655866861343384
7,226,17,0.05543888732790947
7,226,18,0.05614718422293663
7,227,1,0.05519287288188934
7,227,2,0.055085182189941406
7,227,3,0.05593899264931679
7,227,4,0.055260296911001205
7,227,5,0.055870745331048965
7,227,6,0.05591168254613876
7,227,7,0.05535481125116348
7,227,8,0.056075725704431534
7,227,9,0.05549011752009392
7,227,10,0.05457650497555733
7,227,11,0.05549011752009392
7,227,12,0.05497770011425018
7,227,13,0.055829841643571854
7,227,14,0.05489722639322281
7,227,15,0.05665367841720581
7,227,16,0.05578896403312683
7,227,17,0.0556529238820076
7,227,18,0.05595264956355095
7,229,1,0.05518413335084915
7,229,2,0.05523805320262909
7,229,3,0.055916476994752884
7,229,4,0.05517066642642021
7,229,5,0.056203894317150116
7,229,6,0.05560337007045746
7,229,7,0.055535539984703064
7,229,8,0.056300029158592224
7,229,9,0.05541364476084709
7,229,10,0.05471460148692131
7,229,11,0.05558980256319046
7,229,12,0.054928746074438095
7,229,13,0.055916476994752884
7,229,14,0.054928746074438095
7,229,15,0.05634127929806709
7,229,16,0.0556848868727684
7,229,17,0.055467791855335236
7,229,18,0.05586189776659012
7,230,1,0.05547868460416794
7,230,2,0.05526239424943924
7,230,3,0.05595477670431137
7,230,4,0.055424533784389496
7,230,5,0.05585923045873642
7,230,6,0.05573662742972374
7,230,7,0.05545160174369812
7,230,8,0.05596843734383583
7,230,9,0.05553289130330086
7,230,10,0.0547788180410862
7,230,11,0.05547868460416794
7,230,12,0.055060386657714844
7,230,13,0.05584559962153435
7,230,14,0.054685283452272415
7,230,15,0.05640740692615509
7,230,16,0.0557638555765152
7,230,17,0.05546514689922333
7,230,18,0.05584559962153435
7,231,1,0.055209651589393616
7,231,2,0.05514230206608772
7,231,3,0.05579230189323425
7,231,4,0.05550698935985565
7,231,5,0.05631231144070625
7,231,6,0.055331096053123474
7,231,7,0.05552053824067116
7,231,8,0.056120168417692184
7,231,9,0.05547989159822464
7,231,10,0.05479338765144348
7,231,11,0.05531759187579155
7,231,12,0.05511538311839104
7,231,13,0.05590137466788292
7,231,14,0.05483353137969971
7,231,15,0.056408632546663284
7,231,16,0.055874086916446686
7,231,17,0.0554257370531559
7,231,18,0.055915024131536484
7,232,1,0.05552666261792183
7,232,2,0.055108003318309784
7,232,3,0.055907540023326874
7,232,4,0.0552561953663826
7,232,5,0.055866606533527374
7,232,6,0.05634602531790733
7,232,7,0.055229224264621735
7,232,8,0.05604419857263565
7,232,9,0.055689577013254166
7,232,10,0.054532505571842194
7,232,11,0.05532369390130043
7,232,12,0.055013906210660934
7,232,13,0.05577121675014496
7,232,14,0.05470585450530052
7,232,15,0.056718677282333374
7,232,16,0.05567598342895508
7,232,17,0.055553779006004333
7,232,18,0.05573038011789322
7,233,1,0.05511089041829109
7,233,2,0.05540769174695015
7,233,3,0.05593777820467949
7,233,4,0.055016785860061646
7,233,5,0.05607450753450394
7,233,6,0.05593777820467949
7,233,7,0.055380646139383316
7,233,8,0.055992428213357925
7,233,9,0.05557025969028473
7,233,10,0.05450873821973801
7,233,11,0.055299580097198486
7,233,12,0.05496308580040932
7,233,13,0.05595143139362335
7,233,14,0.05492284521460533
7,233,15,0.05681866779923439
7,233,16,0.055733297020196915
7,233,17,0.05534009635448456
7,233,18,0.056033454835414886
7,234,1,0.055284224450588226
7,234,2,0.055135954171419144
7,234,3,0.055894941091537476
7,234,4,0.055162880569696426
7,234,5,0.05586765706539154
7,234,6,0.05566343665122986
7,234,7,0.055432889610528946
7,234,8,0.05623714253306389
7,234,9,0.0555412620306015
7,234,10,0.05457348749041557
7,234,11,0.05544642359018326
7,234,12,0.055001504719257355
7,234,13,0.056031569838523865
7,234,14,0.05489419028162956
7,234,15,0.056650545448064804
7,234,16,0.05586765706539154
7,234,17,0.055432889610528946
7,234,18,0.05588129907846451
7,241,1,0.05538364499807358
7,241,2,0.05516772344708443
7,241,3,0.05584528669714928
7,241,4,0.05535661056637764
7,241,5,0.05581802502274513
7,241,6,0.05550547316670418
7,241,7,0.05534309521317482
7,241,8,0.056187182664871216
7,241,9,0.05562756583094597
7,241,10,0.0547250472009182
7,241,11,0.05537012591958046
7,241,12,0.054939232766628265
7,241,13,0.05585892125964165
7,241,14,0.05504664033651352
7,241,15,0.056683190166950226
7,241,16,0.055573269724845886
7,241,17,0.05554614216089249
7,241,18,0.05602281168103218
7,255,1,0.05546600744128227
7,255,2,0.05518236383795738
7,255,3,0.05587374418973923
7,255,4,0.05512849986553192
7,255,5,0.056010324507951736
7,255,6,0.05538481846451759
7,255,7,0.0555880181491375
7,255,8,0.05609242990612984
7,255,9,0.0555608831346035
7,255,10,0.05457943305373192
7,255,11,0.05543893203139305
7,255,12,0.05514196306467056
7,255,13,0.05576471984386444
7,255,14,0.05477967485785484
7,255,15,0.056739773601293564
7,255,16,0.055819205939769745
7,255,17,0.05543893203139305
7,255,18,0.056010324507951736
7,256,1,0.05526775121688843
7,256,2,0.054998550564050674
7,256,3,0.05583738163113594
7,256,4,0.055227287113666534
7,256,5,0.05602855980396271
7,256,6,0.0554569810628891
7,256,7,0.055429909378290176
7,256,8,0.056275319308042526
7,256,9,0.05557896941900253
7,256,10,0.054757390171289444
7,256,11,0.0552138090133667
7,256,12,0.05501198023557663
7,256,13,0.05604223906993866
7,256,14,0.05503884330391884
7,256,15,0.056730542331933975
7,256,16,0.05582375451922417
7,256,17,0.0554569810628891
7,256,18,0.05582375451922417
7,257,1,0.055414315313100815
7,257,2,0.05521175637841225
7,257,3,0.05606752261519432
7,257,4,0.05522523820400238
7,257,5,0.05559047311544418
7,257,6,0.05523872375488281
7,257,7,0.055360227823257446
7,257,8,0.05604015663266182
7,257,9,0.05554977059364319
7,257,10,0.054741986095905304
7,257,11,0.05557690188288689
7,257,12,0.0551578626036644
7,257,13,0.05586257576942444
7,257,14,0.054688554257154465
7,257,15,0.05657628923654556
7,257,16,0.05595812574028969
7,257,17,0.055671967566013336
7,257,18,0.05606752261519432
7,264,1,0.055396150797605515
7,264,2,0.054911401122808456
7,264,3,0.05588517338037491
7,264,4,0.055099405348300934
7,264,5,0.056131307035684586
7,264,6,0.055315062403678894
7,264,7,0.05543673783540726
7,264,8,0.05633724108338356
7,264,9,0.05574890226125717
7,264,10,0.05459059774875641
7,264,11,0.05536910891532898
7,264,12,0.05500532314181328
7,264,13,0.05606282874941826
7,264,14,0.05481764301657677
7,264,15,0.05675138160586357
7,264,16,0.05581699684262276
7,264,17,0.05520712584257126
7,264,18,0.056117601692676544
7,274,1,0.055383287370204926
7,274,2,0.055073171854019165
7,274,3,0.055844925343990326
7,274,4,0.05528871715068817
7,274,5,0.055735960602760315
7,274,6,0.055383287370204926
7,274,7,0.05535625293850899
7,274,8,0.05626918375492096
7,274,9,0.055559344589710236
7,274,10,0.05457792058587074
7,274,11,0.05539681017398834
7,274,12,0.05497913062572479
7,274,13,0.056008774787187576
7,274,14,0.055086612701416016
7,274,15,0.05669666454195976
7,274,16,0.05579041689634323
7,274,17,0.05542386695742607
7,274,18,0.05614567920565605
7,289,1,0.055166903883218765
7,289,2,0.05519384518265724
7,289,3,0.05592631548643112
7,289,4,0.0551130548119545
7,289,5,0.05583082139492035
7,289,6,0.055099599063396454
7,289,7,0.05553175508975983
7,289,8,0.05632368475198746
7,289,9,0.05578994378447533
7,289,10,0.05451088026165962
7,289,11,0.055234286934137344
7,289,12,0.055086150765419006
7,289,13,0.05589901655912399
7,289,14,0.05492500215768814
7,289,15,0.05679316073656082
7,289,16,0.055885374546051025
7,289,17,0.05557243898510933
7,289,18,0.056117795407772064
7,290,1,0.05523724853992462
7,290,2,0.054941363632678986
7,290,3,0.055861085653305054
7,290,4,0.055210281163454056
7,290,5,0.055765703320503235
7,290,6,0.05541284382343292
7,290,7,0.05539931356906891
7,290,8,0.05623052641749382
7,290,9,0.055616144090890884
7,290,10,0.054420724511146545
7,290,11,0.05541284382343292
7,290,12,0.05487433820962906
7,290,13,0.05609341710805893
7,290,14,0.05511601269245148
7,290,15,0.05675462633371353
7,290,16,0.05583381652832031
7,290,17,0.055575426667928696
7,290,18,0.05624425783753395
7,291,1,0.05522361025214195
7,291,2,0.05498145893216133
7,291,3,0.05584729090332985
7,291,4,0.0553450882434845
7,291,5,0.05590185895562172
7,291,6,0.055643148720264435
7,291,7,0.05557526275515556
7,291,8,0.056271567940711975
7,291,9,0.05548036843538284
7,291,10,0.05463356524705887
7,291,11,0.05519665405154228
7,291,12,0.054874178022146225
7,291,13,0.05597013980150223
7,291,14,0.0552910640835762
7,291,15,0.05658843368291855
7,291,16,0.055466823279857635
7,291,17,0.05558883398771286
7,291,18,0.056120648980140686
8,3,1,0.06266281008720398
8,3,2,0.052709437906742096
8,3,3,0.054362703114748
8,3,4,0.056931644678115845
8,3,5,0.05430632084608078
8,3,6,0.06033676117658615
8,3,7,0.051019180566072464
8,3,8,0.055436599999666214
8,3,9,0.05411772057414055
8,3,10,0.05289958789944649
8,3,11,0.05294157937169075
8,3,12,0.054452359676361084
8,3,13,0.054598789662122726
8,3,14,0.057888224720954895
8,3,15,0.05583389848470688
8,3,16,0.054933056235313416
8,3,17,0.05571475252509117
8,3,18,0.05885454639792442
8,4,1,0.0562448650598526
8,4,2,0.05422568693757057
8,4,3,0.050405263900756836
8,4,4,0.05608374997973442
8,4,5,0.0563204362988472
8,4,6,0.05861405283212662
8,4,7,0.055848050862550735
8,4,8,0.055856574326753616
8,4,9,0.054955366998910904
8,4,10,0.0541892871260643
8,4,11,0.05081920325756073
8,4,12,0.05448112264275551
8,4,13,0.057118386030197144
8,4,14,0.05870423465967178
8,4,15,0.05948646366596222
8,4,16,0.05399779602885246
8,4,17,0.054607633501291275
8,4,18,0.0580417774617672
8,5,1,0.05773252248764038
8,5,2,0.052766963839530945
8,5,3,0.053526002913713455
8,5,4,0.05698683112859726
8,5,5,0.05352926626801491
8,5,6,0.05665562301874161
8,5,7,0.053174328058958054
8,5,8,0.056840930134058
8,5,9,0.05509380251169205
8,5,10,0.054471880197525024
8,5,11,0.0521872378885746
8,5,12,0.0542793907225132
8,5,13,0.056966833770275116
8,5,14,0.057083431631326675
8,5,15,0.058743055909872055
8,5,16,0.0558130219578743
8,5,17,0.055023230612277985
8,5,18,0.059125736355781555
8,14,1,0.05702032148838043
8,14,2,0.05110801011323929
8,14,3,0.05233277752995491
8,14,4,0.05480412766337395
8,14,5,0.0552879236638546
8,14,6,0.057166680693626404
8,14,7,0.05394787713885307
8,14,8,0.05536559224128723
8,14,9,0.054583799093961716
8,14,10,0.05344317480921745
8,14,11,0.05285601690411568
8,14,12,0.055994294583797455
8,14,13,0.057504381984472275
8,14,14,0.05788734182715416
8,14,15,0.059852831065654755
8,14,16,0.05470386892557144
8,14,17,0.05573515594005585
8,14,18,0.060405850410461426
8,20,1,0.053218062967061996
8,20,2,0.051448654383420944
8,20,3,0.053088296204805374
8,20,4,0.05784440040588379
8,20,5,0.05307209491729736
8,20,6,0.055875975638628006
8,20,7,0.054297514259815216
8,20,8,0.0566244050860405
8,20,9,0.053104501217603683
8,20,10,0.05437710881233215
8,20,11,0.05054601654410362
8,20,12,0.05555800721049309
8,20,13,0.058052632957696915
8,20,14,0.06143520772457123
8,20,15,0.0582447312772274
8,20,16,0.05434724688529968
8,20,17,0.057097259908914566
8,20,18,0.061767954379320145
8,21,1,0.05709857866168022
8,21,2,0.05136983469128609
8,21,3,0.05232549458742142
8,21,4,0.05526842549443245
8,21,5,0.05321117490530014
8,21,6,0.05562375858426094
8,21,7,0.05480653792619705
8,21,8,0.055352821946144104
8,21,9,0.05291322246193886
8,21,10,0.05344552919268608
8,21,11,0.05253028869628906
8,21,12,0.05458620563149452
8,21,13,0.06137479096651077
8,21,14,0.05952008068561554
8,21,15,0.05855652317404747
8,21,16,0.055185843259096146
8,21,17,0.056420452892780304
8,21,18,0.060410358011722565
8,22,1,0.053493257611989975
8,22,2,0.052359439432621
8,22,3,0.05121525377035141
8,22,4,0.054668303579092026
8,22,5,0.0546950064599514
8,22,6,0.05471169576048851
8,22,7,0.05342799425125122
8,22,8,0.054982855916023254
8,22,9,0.054858822375535965
8,22,10,0.05550209432840347
8,22,11,0.05312882736325264
8,22,12,0.05659850686788559
8,22,13,0.058391571044921875
8,22,14,0.05934629589319229
8,22,15,0.058718133717775345
8,22,16,0.054935891181230545
8,22,17,0.05802563577890396
8,22,18,0.06094038486480713
8,23,1,0.05589081346988678
8,23,2,0.05342097580432892
8,23,3,0.05277927592396736
8,23,4,0.05520764738321304
8,23,5,0.05509655922651291
8,23,6,0.055428795516490936
8,23,7,0.053820252418518066
8,23,8,0.05455779656767845
8,23,9,0.05463777855038643
8,23,10,0.05484827235341072
8,23,11,0.05300524830818176
8,23,12,0.05551005154848099
8,23,13,0.05793839320540428
8,23,14,0.057362210005521774
8,23,15,0.058977995067834854
8,23,16,0.055104970932006836
8,23,17,0.05633261054754257
8,23,18,0.060080233961343765
8,24,1,0.056854866445064545
8,24,2,0.049917660653591156
8,24,3,0.05273965001106262
8,24,4,0.05514600872993469
8,24,5,0.053707681596279144
8,24,6,0.06112121418118477
8,24,7,0.051445670425891876
8,24,8,0.052968695759773254
8,24,9,0.054700158536434174
8,24,10,0.05582500249147415
8,24,11,0.053763438016176224
8,24,12,0.05461675301194191
8,24,13,0.059104371815919876
8,24,14,0.058371905237436295
8,24,15,0.058892033994197845
8,24,16,0.05458676069974899
8,24,17,0.05730690807104111
8,24,18,0.058931246399879456
8,25,1,0.053930193185806274
8,25,2,0.05148254334926605
8,25,3,0.05069984868168831
8,25,4,0.057585395872592926
8,25,5,0.05298401787877083
8,25,6,0.05784491449594498
8,25,7,0.05378555506467819
8,25,8,0.05596739798784256
8,25,9,0.055340684950351715
8,25,10,0.05524956062436104
8,25,11,0.05163674056529999
8,25,12,0.055611565709114075
8,25,13,0.0572107657790184
8,25,14,0.05963246524333954
8,25,15,0.05974813923239708
8,25,16,0.05445278808474541
8,25,17,0.05821887031197548
8,25,18,0.05861843749880791
8,33,1,0.054448723793029785
8,33,2,0.051371980458498
8,33,3,0.052366018295288086
8,33,4,0.0555599182844162
8,33,5,0.05312902107834816
8,33,6,0.05456516146659851
8,33,7,0.05376185104250908
8,33,8,0.05669724568724632
8,33,9,0.05449194088578224
8,33,10,0.054253000766038895
8,33,11,0.05166755989193916
8,33,12,0.05551585182547569
8,33,13,0.05863552540540695
8,33,14,0.059487830847501755
8,33,15,0.06009499356150627
8,33,16,0.0555599182844162
8,33,17,0.05731133371591568
8,33,18,0.06108211353421211
8,34,1,0.05551678687334061
8,34,2,0.052000630646944046
8,34,3,0.051741018891334534
8,34,4,0.05439649522304535
8,34,5,0.05545244738459587
8,34,6,0.05636696144938469
8,34,7,0.05238289013504982
8,34,8,0.055591385811567307
8,34,9,0.05363493412733078
8,34,10,0.0533769391477108
8,34,11,0.05278728902339935
8,34,12,0.05498398095369339
8,34,13,0.05754188448190689
8,34,14,0.06067592278122902
8,34,15,0.06071331351995468
8,34,16,0.055870309472084045
8,34,17,0.05675360560417175
8,34,18,0.06021326780319214
8,36,1,0.055160291492938995
8,36,2,0.05155487731099129
8,36,3,0.053074657917022705
8,36,4,0.05530693009495735
8,36,5,0.053376778960227966
8,36,6,0.05486481636762619
8,36,7,0.05355953052639961
8,36,8,0.05556916445493698
8,36,9,0.053976308554410934
8,36,10,0.055012352764606476
8,36,11,0.05164621025323868
8,36,12,0.054499346762895584
8,36,13,0.06032712757587433
8,36,14,0.0599316842854023
8,36,15,0.05871020630002022
8,36,16,0.055386319756507874
8,36,17,0.05633842200040817
8,36,18,0.06170499324798584
8,37,1,0.05481105297803879
8,37,2,0.051198773086071014
8,37,3,0.052087631076574326
8,37,4,0.05429495498538017
8,37,5,0.05460735782980919
8,37,6,0.05630297213792801
8,37,7,0.05341731384396553
8,37,8,0.05530334636569023
8,37,9,0.0548311285674572
8,37,10,0.054046984761953354
8,37,11,0.05225958302617073
8,37,12,0.05515671521425247
8,37,13,0.05949955806136131
8,37,14,0.05953497067093849
8,37,15,0.05909059941768646
8,37,16,0.05560118705034256
8,37,17,0.056585464626550674
8,37,18,0.061370477080345154
8,38,1,0.05550123378634453
8,38,2,0.05128641054034233
8,38,3,0.05319614335894585
8,38,4,0.05687465891242027
8,38,5,0.05270811915397644
8,38,6,0.053888943046331406
8,38,7,0.05474090948700905
8,38,8,0.05464743822813034
8,38,9,0.054089952260255814
8,38,10,0.05501556769013405
8,38,11,0.052132219076156616
8,38,12,0.05524101108312607
8,38,13,0.058889105916023254
8,38,14,0.059409815818071365
8,38,15,0.05834168195724487
8,38,16,0.05511640012264252
8,38,17,0.05726827681064606
8,38,18,0.061652131378650665
8,47,1,0.054920028895139694
8,47,2,0.051393017172813416
8,47,3,0.05259892717003822
8,47,4,0.05627906695008278
8,47,5,0.05532543733716011
8,47,6,0.05757150799036026
8,47,7,0.05382327735424042
8,47,8,0.055027399212121964
8,47,9,0.05429178848862648
8,47,10,0.053137801587581635
8,47,11,0.051603615283966064
8,47,12,0.0549653023481369
8,47,13,0.0587087906897068
8,47,14,0.060106534510850906
8,47,15,0.05964059755206108
8,47,16,0.05436474084854126
8,47,17,0.055704936385154724
8,47,18,0.060537297278642654
8,48,1,0.05421273782849312
8,48,2,0.05114932730793953
8,48,3,0.05310254916548729
8,48,4,0.05884871631860733
8,48,5,0.053391795605421066
8,48,6,0.054050836712121964
8,48,7,0.05489196628332138
8,48,8,0.055170752108097076
8,48,9,0.05414990335702896
8,48,10,0.05328761413693428
8,48,11,0.052621807903051376
8,48,12,0.05573427304625511
8,48,13,0.05814935639500618
8,48,14,0.05868461728096008
8,48,15,0.0583876334130764
8,48,16,0.05545094981789589
8,48,17,0.05709255114197731
8,48,18,0.06162259727716446
8,49,1,0.05810362845659256
8,49,2,0.0510898120701313
8,49,3,0.05053776875138283
8,49,4,0.05387932434678078
8,49,5,0.05466436594724655
8,49,6,0.05692875012755394
8,49,7,0.05479464307427406
8,49,8,0.05641165003180504
8,49,9,0.053616877645254135
8,49,10,0.054205868393182755
8,49,11,0.05201486125588417
8,49,12,0.055172182619571686
8,49,13,0.05928783491253853
8,49,14,0.05888145789504051
8,49,15,0.05929235368967056
8,49,16,0.05540333315730095
8,49,17,0.05617628991603851
8,49,18,0.05953895300626755
8,73,1,0.0566062405705452
8,73,2,0.052325062453746796
8,73,3,0.0521719865500927
8,73,4,0.0539596825838089
8,73,5,0.05376899987459183
8,73,6,0.055956996977329254
8,73,7,0.053546298295259476
8,73,8,0.05628926679491997
8,73,9,0.054983653128147125
8,73,10,0.05382481962442398
8,73,11,0.05324971303343773
8,73,12,0.05475258082151413
8,73,13,0.058310508728027344
8,73,14,0.06015321984887123
8,73,15,0.05808494985103607
8,73,16,0.056030482053756714
8,73,17,0.05634770542383194
8,73,18,0.05963776633143425
8,74,1,0.05465475842356682
8,74,2,0.05057361721992493
8,74,3,0.05163723975419998
8,74,4,0.056938719004392624
8,74,5,0.053799208253622055
8,74,6,0.056224722415208817
8,74,7,0.053960345685482025
8,74,8,0.05530070140957832
8,74,9,0.055483266711235046
8,74,10,0.05558156222105026
8,74,11,0.052588243037462234
8,74,12,0.053501226007938385
8,74,13,0.05909859016537666
8,74,14,0.05882374197244644
8,74,15,0.05867895856499672
8,74,16,0.05539529025554657
8,74,17,0.05756640061736107
8,74,18,0.060193441808223724
8,75,1,0.05659377574920654
8,75,2,0.053051482886075974
8,75,3,0.05221305787563324
8,75,4,0.0546620674431324
8,75,5,0.054498832672834396
8,75,6,0.059466082602739334
8,75,7,0.053916532546281815
8,75,8,0.05638862028717995
8,75,9,0.055255793035030365
8,75,10,0.05588836595416069
8,75,11,0.052928581833839417
8,75,12,0.05253912881016731
8,75,13,0.05687078461050987
8,75,14,0.0575578473508358
8,75,15,0.06073293462395668
8,75,16,0.0537850521504879
8,75,17,0.05462538078427315
8,75,18,0.059025682508945465
8,91,1,0.057356785982847214
8,91,2,0.04933536425232887
8,91,3,0.052318863570690155
8,91,4,0.055462468415498734
8,91,5,0.0559469573199749
8,91,6,0.05799039825797081
8,91,7,0.05373638495802879
8,91,8,0.05477283149957657
8,91,9,0.055232755839824677
8,91,10,0.054419610649347305
8,91,11,0.0518515482544899
8,91,12,0.05561670660972595
8,91,13,0.05780178681015968
8,91,14,0.059361524879932404
8,91,15,0.057180266827344894
8,91,16,0.05511489138007164
8,91,17,0.05544216185808182
8,91,18,0.06105877459049225
8,106,1,0.057028383016586304
8,106,2,0.05175565555691719
8,106,3,0.05223166570067406
8,106,4,0.05538186430931091
8,106,5,0.05298623815178871
8,106,6,0.057362642139196396
8,106,7,0.05277322232723236
8,106,8,0.054701581597328186
8,106,9,0.05444510281085968
8,106,10,0.054249390959739685
8,106,11,0.05240730568766594
8,106,12,0.053669754415750504
8,106,13,0.05743270367383957
8,106,14,0.05945960432291031
8,106,15,0.059475481510162354
8,106,16,0.054912324994802475
8,106,17,0.05791584029793739
8,106,18,0.06181122362613678
8,107,1,0.055792078375816345
8,107,2,0.055954061448574066
8,107,3,0.05349122732877731
8,107,4,0.05672604218125343
8,107,5,0.056618813425302505
8,107,6,0.0584990419447422
8,107,7,0.05270371958613396
8,107,8,0.05384170636534691
8,107,9,0.05470294505357742
8,107,10,0.05353041738271713
8,107,11,0.0507589727640152
8,107,12,0.05351082235574722
8,107,13,0.05695154145359993
8,107,14,0.057732000946998596
8,107,15,0.05736318975687027
8,107,16,0.054589539766311646
8,107,17,0.05698283016681671
8,107,18,0.060251105576753616
8,108,1,0.05955912917852402
8,108,2,0.05074772238731384
8,108,3,0.05302757769823074
8,108,4,0.05642172321677208
8,108,5,0.05323836952447891
8,108,6,0.059207215905189514
8,108,7,0.054162636399269104
8,108,8,0.055055882781744
8,108,9,0.05459076911211014
8,108,10,0.05444103851914406
8,108,11,0.05308910459280014
8,108,12,0.05374769866466522
8,108,13,0.056256670504808426
8,108,14,0.0587676465511322
8,108,15,0.05826117470860481
8,108,16,0.05533887445926666
8,108,17,0.056791406124830246
8,108,18,0.05729537457227707
8,112,1,0.056202542036771774
8,112,2,0.052436113357543945
8,112,3,0.05269920453429222
8,112,4,0.05523841083049774
8,112,5,0.05448833853006363
8,112,6,0.05507009103894234
8,112,7,0.0550096221268177
8,112,8,0.05522829666733742
8,112,9,0.05468490719795227
8,112,10,0.05461486056447029
8,112,11,0.05185685679316521
8,112,12,0.056007351726293564
8,112,13,0.05791497603058815
8,112,14,0.05928228422999382
8,112,15,0.058444514870643616
8,112,16,0.05358793959021568
8,112,17,0.05586225539445877
8,112,18,0.06137141212821007
8,113,1,0.056807491928339005
8,113,2,0.052491866052150726
8,113,3,0.051235221326351166
8,113,4,0.053608909249305725
8,113,5,0.05173169821500778
8,113,6,0.05669664591550827
8,113,7,0.05467292666435242
8,113,8,0.05552373453974724
8,113,9,0.054866816848516464
8,113,10,0.05413169786334038
8,113,11,0.0533282570540905
8,113,12,0.05577677860856056
8,113,13,0.05867428332567215
8,113,14,0.06069960072636604
8,113,15,0.05802788585424423
8,113,16,0.05708380788564682
8,113,17,0.05645493045449257
8,113,18,0.05818748474121094
8,114,1,0.055705476552248
8,114,2,0.05128541216254234
8,114,3,0.053694188594818115
8,114,4,0.05451977625489235
8,114,5,0.05528378114104271
8,114,6,0.0544765405356884
8,114,7,0.05425422266125679
8,114,8,0.05509178340435028
8,114,9,0.05436692386865616
8,114,10,0.05378931388258934
8,114,11,0.05246637016534805
8,114,12,0.05607730895280838
8,114,13,0.05943223461508751
8,114,14,0.05945763364434242
8,114,15,0.05778328329324722
8,114,16,0.054019615054130554
8,114,17,0.057377371937036514
8,114,18,0.06091873347759247
8,136,1,0.055636171251535416
8,136,2,0.0506642684340477
8,136,3,0.05175190046429634
8,136,4,0.05583177134394646
8,136,5,0.05717214196920395
8,136,6,0.05638913810253143
8,136,7,0.05278550088405609
8,136,8,0.05557932332158089
8,136,9,0.05440793186426163
8,136,10,0.054802872240543365
8,136,11,0.049629777669906616
8,136,12,0.05559713393449783
8,136,13,0.05886761099100113
8,136,14,0.060785409063100815
8,136,15,0.06000760942697525
8,136,16,0.0540405698120594
8,136,17,0.05504423752427101
8,136,18,0.061006560921669006
8,137,1,0.055472373962402344
8,137,2,0.05089499428868294
8,137,3,0.052709661424160004
8,137,4,0.0541972815990448
8,137,5,0.05651643127202988
8,137,6,0.055592700839042664
8,137,7,0.05183548852801323
8,137,8,0.05633734166622162
8,137,9,0.05507092922925949
8,137,10,0.05486627668142319
8,137,11,0.052350569516420364
8,137,12,0.055817097425460815
8,137,13,0.05837962031364441
8,137,14,0.058402057737112045
8,137,15,0.05929200351238251
8,137,16,0.05599624291062355
8,137,17,0.05575581267476082
8,137,18,0.060513123869895935
8,144,1,0.05683041363954544
8,144,2,0.05073920264840126
8,144,3,0.053565118461847305
8,144,4,0.054495055228471756
8,144,5,0.05508528649806976
8,144,6,0.058411605656147
8,144,7,0.05433563143014908
8,144,8,0.05511891841888428
8,144,9,0.05365673452615738
8,144,10,0.05442192777991295
8,144,11,0.05041199177503586
8,144,12,0.05473005399107933
8,144,13,0.05736623331904411
8,144,14,0.05874500423669815
8,144,15,0.05886209383606911
8,144,16,0.05386345461010933
8,144,17,0.05818798393011093
8,144,18,0.06117328256368637
8,172,1,0.05599971115589142
8,172,2,0.05011821910738945
8,172,3,0.051838699728250504
8,172,4,0.0547308623790741
8,172,5,0.0545058473944664
8,172,6,0.05515170842409134
8,172,7,0.05601679906249046
8,172,8,0.055609721690416336
8,172,9,0.05437459796667099
8,172,10,0.05494507774710655
8,172,11,0.05217835679650307
8,172,12,0.05416756495833397
8,172,13,0.05758172646164894
8,172,14,0.06061483174562454
8,172,15,0.05830517038702965
8,172,16,0.054990366101264954
8,172,17,0.057819582521915436
8,172,18,0.06105110049247742
8,173,1,0.05487238988280296
8,173,2,0.052505213767290115
8,173,3,0.04895815998315811
8,173,4,0.05409591272473335
8,173,5,0.05360617861151695
8,173,6,0.05706261098384857
8,173,7,0.05252764746546745
8,173,8,0.05716762691736221
8,173,9,0.05361272022128105
8,173,10,0.05420166999101639
8,173,11,0.05191884934902191
8,173,12,0.05416198447346687
8,173,13,0.06017180532217026
8,173,14,0.06027104705572128
8,173,15,0.060010429471731186
8,173,16,0.05842829495668411
8,173,17,0.0557263009250164
8,173,18,0.06070113927125931
8,211,1,0.05646701529622078
8,211,2,0.051635511219501495
8,211,3,0.0513620525598526
8,211,4,0.05262501537799835
8,211,5,0.053912453353405
8,211,6,0.0579255111515522
8,211,7,0.05416642129421234
8,211,8,0.056113142520189285
8,211,9,0.05490368604660034
8,211,10,0.05475476384162903
8,211,11,0.05204049497842789
8,211,12,0.054567936807870865
8,211,13,0.05843820422887802
8,211,14,0.060869358479976654
8,211,15,0.05850278213620186
8,211,16,0.05629151687026024
8,211,17,0.0574675053358078
8,211,18,0.05795667693018913
8,212,1,0.05569526553153992
8,212,2,0.05261708423495293
8,212,3,0.05302976444363594
8,212,4,0.055584896355867386
8,212,5,0.0566924549639225
8,212,6,0.057756055146455765
8,212,7,0.05370400846004486
8,212,8,0.05578712001442909
8,212,9,0.054758213460445404
8,212,10,0.055278707295656204
8,212,11,0.051994554698467255
8,212,12,0.05681629478931427
8,212,13,0.0572911873459816
8,212,14,0.05797137692570686
8,212,15,0.0571892149746418
8,212,16,0.054140083491802216
8,212,17,0.05503631755709648
8,212,18,0.058657415211200714
8,213,1,0.05455784127116203
8,213,2,0.05267472565174103
8,213,3,0.05415144935250282
8,213,4,0.060578301548957825
8,213,5,0.05583289638161659
8,213,6,0.058624979108572006
8,213,7,0.05339331552386284
8,213,8,0.05614815279841423
8,213,9,0.05107590928673744
8,213,10,0.0533379428088665
8,213,11,0.05096691846847534
8,213,12,0.05392058193683624
8,213,13,0.05738699436187744
8,213,14,0.05981775373220444
8,213,15,0.058086272329092026
8,213,16,0.052607256919145584
8,213,17,0.05707763135433197
8,213,18,0.05976118892431259
8,214,1,0.056644685566425323
8,214,2,0.051988016813993454
8,214,3,0.05228714644908905
8,214,4,0.05547622963786125
8,214,5,0.055280186235904694
8,214,6,0.05702975019812584
8,214,7,0.05331841856241226
8,214,8,0.05535784363746643
8,214,9,0.054336849600076675
8,214,10,0.05364811792969704
8,214,11,0.052395764738321304
8,214,12,0.055148761719465256
8,214,13,0.05910518765449524
8,214,14,0.057831574231386185
8,214,15,0.058729737997055054
8,214,16,0.054910287261009216
8,214,17,0.05651000887155533
8,214,18,0.06000149995088577
8,246,1,0.055041197687387466
8,246,2,0.05223137140274048
8,246,3,0.05268602818250656
8,246,4,0.056417010724544525
8,246,5,0.053349390625953674
8,246,6,0.05552031472325325
8,246,7,0.054328612983226776
8,246,8,0.05522628128528595
8,246,9,0.05497405305504799
8,246,10,0.05430871993303299
8,246,11,0.05227283760905266
8,246,12,0.05455123633146286
8,246,13,0.05951463803648949
8,246,14,0.05803881213068962
8,246,15,0.05906681343913078
8,246,16,0.05658340081572533
8,246,17,0.056934159249067307
8,246,18,0.058955155313014984
8,249,1,0.056077491492033005
8,249,2,0.051190197467803955
8,249,3,0.05453826114535332
8,249,4,0.055100370198488235
8,249,5,0.057815663516521454
8,249,6,0.05662262439727783
8,249,7,0.05262208357453346
8,249,8,0.055517274886369705
8,249,9,0.05465489253401756
8,249,10,0.05587761849164963
8,249,11,0.051183950155973434
8,249,12,0.05396212264895439
8,249,13,0.05761267617344856
8,249,14,0.05774204432964325
8,249,15,0.05865700542926788
8,249,16,0.05542924255132675
8,249,17,0.056350257247686386
8,249,18,0.05904622748494148
8,250,1,0.05737730860710144
8,250,2,0.05168049782514572
8,250,3,0.05309367924928665
8,250,4,0.05573517084121704
8,250,5,0.05523566156625748
8,250,6,0.05964020639657974
8,250,7,0.052465517073869705
8,250,8,0.05592429265379906
8,250,9,0.05597209930419922
8,250,10,0.054359398782253265
8,250,11,0.05154503509402275
8,250,12,0.05344156175851822
8,250,13,0.05571986734867096
8,250,14,0.06020710617303848
8,250,15,0.05760451406240463
8,250,16,0.05504382774233818
8,250,17,0.05704035609960556
8,250,18,0.05791386216878891
8,251,1,0.057012174278497696
8,251,2,0.05085722729563713
8,251,3,0.05199975520372391
8,251,4,0.057320088148117065
8,251,5,0.05426625534892082
8,251,6,0.057080939412117004
8,251,7,0.053817667067050934
8,251,8,0.05592908337712288
8,251,9,0.05376841872930527
8,251,10,0.055777378380298615
8,251,11,0.051752787083387375
8,251,12,0.054768700152635574
8,251,13,0.05755189433693886
8,251,14,0.05928508937358856
8,251,15,0.059329431504011154
8,251,16,0.056238867342472076
8,251,17,0.05653915926814079
8,251,18,0.056705042719841
8,261,1,0.055397022515535355
8,261,2,0.05138262361288071
8,261,3,0.05240565165877342
8,261,4,0.05485030263662338
8,261,5,0.054323893040418625
8,261,6,0.057133711874485016
8,261,7,0.0537894032895565
8,261,8,0.05524676665663719
8,261,9,0.05384524166584015
8,261,10,0.05404278635978699
8,261,11,0.05324066802859306
8,261,12,0.05637940764427185
8,261,13,0.05753571167588234
8,261,14,0.05991492047905922
8,261,15,0.05833051726222038
8,261,16,0.05571917071938515
8,261,17,0.056279703974723816
8,261,18,0.060182467103004456
8,262,1,0.056249696761369705
8,262,2,0.05049273744225502
8,262,3,0.05262284725904465
8,262,4,0.05529825761914253
8,262,5,0.05674107000231743
8,262,6,0.05489472299814224
8,262,7,0.05260999873280525
8,262,8,0.054729122668504715
8,262,9,0.05432641878724098
8,262,10,0.05416418984532356
8,262,11,0.05201929435133934
8,262,12,0.053673841059207916
8,262,13,0.05974242463707924
8,262,14,0.05913296341896057
8,262,15,0.059892117977142334
8,262,16,0.05710151046514511
8,262,17,0.05565887689590454
8,262,18,0.06064990535378456
8,263,1,0.05877754092216492
8,263,2,0.051511332392692566
8,263,3,0.050939176231622696
8,263,4,0.05621444061398506
8,263,5,0.05515407770872116
8,263,6,0.05458642542362213
8,263,7,0.054469939321279526
8,263,8,0.05537332594394684
8,263,9,0.053175680339336395
8,263,10,0.05532940477132797
8,263,11,0.05193435773253441
8,263,12,0.05401637405157089
8,263,13,0.059841785579919815
8,263,14,0.058740776032209396
8,263,15,0.057057883590459824
8,263,16,0.056510284543037415
8,263,17,0.05673405900597572
8,263,18,0.0596330463886261
8,270,1,0.05449740216135979
8,270,2,0.05172322690486908
8,270,3,0.052833594381809235
8,270,4,0.05967358872294426
8,270,5,0.05752209946513176
8,270,6,0.05409641191363335
8,270,7,0.0555756613612175
8,270,8,0.05622905492782593
8,270,9,0.05635618045926094
8,270,10,0.05256982892751694
8,270,11,0.05032194405794144
8,270,12,0.05400734022259712
8,270,13,0.057686466723680496
8,270,14,0.0604512058198452
8,270,15,0.05792638659477234
8,270,16,0.05320898815989494
8,270,17,0.056117624044418335
8,270,18,0.05920301750302315
8,271,1,0.05663364753127098
8,271,2,0.054635513573884964
8,271,3,0.05165214464068413
8,271,4,0.057906389236450195
8,271,5,0.05902101472020149
8,271,6,0.05892428383231163
8,271,7,0.052664466202259064
8,271,8,0.05452890694141388
8,271,9,0.05443247780203819
8,271,10,0.056059323251247406
8,271,11,0.051958855241537094
8,271,12,0.05243673548102379
8,271,13,0.05591068044304848
8,271,14,0.055903855711221695
8,271,15,0.05919869616627693
8,271,16,0.055047228932380676
8,271,17,0.052035022526979446
8,271,18,0.06105084717273712
9,0,1,0.05506540834903717
9,0,2,0.05439731106162071
9,0,3,0.040996138006448746
9,0,4,0.04839378222823143
9,0,5,0.07451586425304413
9,0,6,0.05165344849228859
9,0,7,0.03712759539484978
9,0,8,0.06996700167655945
9,0,9,0.08784402161836624
9,0,10,0.06050705909729004
9,0,11,0.035246096551418304
9,0,12,0.043432895094156265
9,0,13,0.06483540683984756
9,0,14,0.04192480817437172
9,0,15,0.0651845782995224
9,0,16,0.062229935079813004
9,0,17,0.05307237431406975
9,0,18,0.05360628664493561
9,1,1,0.05048391595482826
9,1,2,0.03661385923624039
9,1,3,0.0402044802904129
9,1,4,0.069765605032444
9,1,5,0.0674542635679245
9,1,6,0.04732693359255791
9,1,7,0.04414857551455498
9,1,8,0.0708988681435585
9,1,9,0.06496521830558777
9,1,10,0.055649153888225555
9,1,11,0.04257533699274063
9,1,12,0.04002421721816063
9,1,13,0.0539897084236145
9,1,14,0.0588059239089489
9,1,15,0.0847306177020073
9,1,16,0.05002383142709732
9,1,17,0.07027845829725266
9,1,18,0.05206102132797241
9,11,1,0.05292624980211258
9,11,2,0.05404923856258392
9,11,3,0.055696915835142136
9,11,4,0.05444656312465668
9,11,5,0.08263687789440155
9,11,6,0.05642228573560715
9,11,7,0.03798431530594826
9,11,8,0.06121591478586197
9,11,9,0.0670522153377533
9,11,10,0.05797221139073372
9,11,11,0.03756929188966751
9,11,12,0.05047176405787468
9,11,13,0.05158673971891403
9,11,14,0.049465350806713104
9,11,15,0.05915892496705055
9,11,16,0.05776030570268631
9,11,17,0.05469970405101776
9,11,18,0.05888514593243599
9,12,1,0.03876584768295288
9,12,2,0.04617681726813316
9,12,3,0.047946006059646606
9,12,4,0.04969797655940056
9,12,5,0.059437140822410583
9,12,6,0.05955334007740021
9,12,7,0.04909500107169151
9,12,8,0.07048003375530243
9,12,9,0.07602126151323318
9,12,10,0.05320112034678459
9,12,11,0.03729711100459099
9,12,12,0.046709731221199036
9,12,13,0.055320411920547485
9,12,14,0.05314918980002403
9,12,15,0.07520899921655655
9,12,16,0.05130060762166977
9,12,17,0.06098049506545067
9,12,18,0.06965891271829605
9,13,1,0.056541528552770615
9,13,2,0.04743290692567825
9,13,3,0.04241490364074707
9,13,4,0.04952755197882652
9,13,5,0.06152527779340744
9,13,6,0.0535978339612484
9,13,7,0.03299245983362198
9,13,8,0.07403268665075302
9,13,9,0.0743587389588356
9,13,10,0.056735116988420486
9,13,11,0.04270584508776665
9,13,12,0.045626915991306305
9,13,13,0.05272823944687843
9,13,14,0.050832200795412064
9,13,15,0.07137057185173035
9,13,16,0.06270812451839447
9,13,17,0.062022965401411057
9,13,18,0.06284606456756592
9,15,1,0.051127802580595016
9,15,2,0.03819958120584488
9,15,3,0.03746073320508003
9,15,4,0.04303291067481041
9,15,5,0.05807701125741005
9,15,6,0.058934006839990616
9,15,7,0.04335983097553253
9,15,8,0.06143146753311157
9,15,9,0.061702024191617966
9,15,10,0.05913578346371651
9,15,11,0.04316970333456993
9,15,12,0.04399966448545456
9,15,13,0.06313440948724747
9,15,14,0.05634516477584839
9,15,15,0.08067131787538528
9,15,16,0.07497396320104599
9,15,17,0.05933825671672821
9,15,18,0.0659063383936882
9,16,1,0.04386390745639801
9,16,2,0.05254952237010002
9,16,3,0.04202931001782417
9,16,4,0.06107768416404724
9,16,5,0.058795224875211716
9,16,6,0.05130715295672417
9,16,7,0.040587298572063446
9,16,8,0.05732116848230362
9,16,9,0.07140704989433289
9,16,10,0.04924532771110535
9,16,11,0.03730414807796478
9,16,12,0.052140574902296066
9,16,13,0.06737615168094635
9,16,14,0.047625452280044556
9,16,15,0.07819586992263794
9,16,16,0.058280736207962036
9,16,17,0.0589965283870697
9,16,18,0.07189685106277466
9,17,1,0.03513631224632263
9,17,2,0.04524552822113037
9,17,3,0.04026185721158981
9,17,4,0.07132036238908768
9,17,5,0.10181311517953873
9,17,6,0.051899585872888565
9,17,7,0.0472666472196579
9,17,8,0.07079990208148956
9,17,9,0.06889020651578903
9,17,10,0.052832841873168945
9,17,11,0.031121447682380676
9,17,12,0.03315490484237671
9,17,13,0.06211566925048828
9,17,14,0.0653514415025711
9,17,15,0.06130213662981987
9,17,16,0.056847669184207916
9,17,17,0.0615721195936203
9,17,18,0.043068304657936096
9,18,1,0.06885096430778503
9,18,2,0.04930175840854645
9,18,3,0.038046326488256454
9,18,4,0.039942845702171326
9,18,5,0.06735461950302124
9,18,6,0.07318418473005295
9,18,7,0.03368249908089638
9,18,8,0.0696965828537941
9,18,9,0.07426410913467407
9,18,10,0.052391838282346725
9,18,11,0.04348210245370865
9,18,12,0.05339909717440605
9,18,13,0.05034784972667694
9,18,14,0.049676310271024704
9,18,15,0.06973061710596085
9,18,16,0.06342847645282745
9,18,17,0.039760418236255646
9,18,18,0.06345945596694946
9,19,1,0.039846304804086685
9,19,2,0.04348834976553917
9,19,3,0.04152220860123634
9,19,4,0.062476951628923416
9,19,5,0.08497991412878036
9,19,6,0.07233311980962753
9,19,7,0.0715952143073082
9,19,8,0.06745481491088867
9,19,9,0.06871809810400009
9,19,10,0.05342632532119751
9,19,11,0.029121946543455124
9,19,12,0.058149684220552444
9,19,13,0.03398057073354721
9,19,14,0.05120427906513214
9,19,15,0.07565654814243317
9,19,16,0.04459579288959503
9,19,17,0.05884949862957001
9,19,18,0.04260037839412689
9,29,1,0.04897283390164375
9,29,2,0.043118249624967575
9,29,3,0.04283495992422104
9,29,4,0.05525016039609909
9,29,5,0.06384143233299255
9,29,6,0.054221220314502716
9,29,7,0.04380796104669571
9,29,8,0.07659495621919632
9,29,9,0.06723272800445557
9,29,10,0.049792639911174774
9,29,11,0.03663760796189308
9,29,12,0.04506085067987442
9,29,13,0.06733129173517227
9,29,14,0.04912850633263588
9,29,15,0.08221453428268433
9,29,16,0.06039959937334061
9,29,17,0.05119793862104416
9,29,18,0.06236254796385765
9,30,1,0.052659131586551666
9,30,2,0.049131665378808975
9,30,3,0.04594693332910538
9,30,4,0.04306315258145332
9,30,5,0.04847634583711624
9,30,6,0.06203247234225273
9,30,7,0.03821359947323799
9,30,8,0.07742716372013092
9,30,9,0.07486198842525482
9,30,10,0.05098916217684746
9,30,11,0.04043927788734436
9,30,12,0.04065209999680519
9,30,13,0.06555134803056717
9,30,14,0.05483710393309593
9,30,15,0.07914727181196213
9,30,16,0.06353454291820526
9,30,17,0.05283942446112633
9,30,18,0.0601973719894886
9,31,1,0.042607631534338
9,31,2,0.03658576309680939
9,31,3,0.059567876160144806
9,31,4,0.06084664538502693
9,31,5,0.07733161002397537
9,31,6,0.07371830940246582
9,31,7,0.048451997339725494
9,31,8,0.05835871770977974
9,31,9,0.06999987363815308
9,31,10,0.058173783123493195
9,31,11,0.036773815751075745
9,31,12,0.04689826816320419
9,31,13,0.05322709679603577
9,31,14,0.05784803628921509
9,31,15,0.053696971386671066
9,31,16,0.053579121828079224
9,31,17,0.04983161762356758
9,31,18,0.06250284612178802
9,32,1,0.04869760572910309
9,32,2,0.04766253009438515
9,32,3,0.05308060348033905
9,32,4,0.05528950318694115
9,32,5,0.07856303453445435
9,32,6,0.05353611335158348
9,32,7,0.040416110306978226
9,32,8,0.06554578989744186
9,32,9,0.0566144734621048
9,32,10,0.05664212629199028
9,32,11,0.031387850642204285
9,32,12,0.04393558204174042
9,32,13,0.06583447009325027
9,32,14,0.05064986273646355
9,32,15,0.07640661299228668
9,32,16,0.05493964999914169
9,32,17,0.050922639667987823
9,32,18,0.06987541168928146
9,50,1,0.03643011301755905
9,50,2,0.04422023147344589
9,50,3,0.046489715576171875
9,50,4,0.03586750850081444
9,50,5,0.061483703553676605
9,50,6,0.05246156454086304
9,50,7,0.04535738006234169
9,50,8,0.06493973731994629
9,50,9,0.057281140238046646
9,50,10,0.05284721776843071
9,50,11,0.04352403059601784
9,50,12,0.048059236258268356
9,50,13,0.06792347133159637
9,50,14,0.06690306961536407
9,50,15,0.08257393538951874
9,50,16,0.06312641501426697
9,50,17,0.05753341317176819
9,50,18,0.07297806441783905
9,70,1,0.0443662591278553
9,70,2,0.0430905818939209
9,70,3,0.04171323403716087
9,70,4,0.050646211951971054
9,70,5,0.07137031853199005
9,70,6,0.053886301815509796
9,70,7,0.043862760066986084
9,70,8,0.06826850026845932
9,70,9,0.06471426039934158
9,70,10,0.04695458710193634
9,70,11,0.04142431914806366
9,70,12,0.04950319603085518
9,70,13,0.06586188077926636
9,70,14,0.06737438589334488
9,70,15,0.0670953318476677
9,70,16,0.06408537179231644
9,70,17,0.052567388862371445
9,70,18,0.06321515887975693
9,71,1,0.04522627219557762
9,71,2,0.04859628528356552
9,71,3,0.040005944669246674
9,71,4,0.04939773306250572
9,71,5,0.05568191781640053
9,71,6,0.047624360769987106
9,71,7,0.03794165328145027
9,71,8,0.06249796599149704
9,71,9,0.06859032809734344
9,71,10,0.06242172047495842
9,71,11,0.03417089581489563
9,71,12,0.04567985609173775
9,71,13,0.057829391211271286
9,71,14,0.05797075852751732
9,71,15,0.08277613669633865
9,71,16,0.052104391157627106
9,71,17,0.07322824746370316
9,71,18,0.07825616002082825
9,72,1,0.0415668822824955
9,72,2,0.04824197664856911
9,72,3,0.046063728630542755
9,72,4,0.05091637372970581
9,72,5,0.07321085780858994
9,72,6,0.05998682603240013
9,72,7,0.03929712623357773
9,72,8,0.07193519175052643
9,72,9,0.06622128933668137
9,72,10,0.04761886969208717
9,72,11,0.04398954659700394
9,72,12,0.047572385519742966
9,72,13,0.05975296348333359
9,72,14,0.05417374148964882
9,72,15,0.06329687684774399
9,72,16,0.05704452469944954
9,72,17,0.06708372384309769
9,72,18,0.062027156352996826
9,85,1,0.04812950640916824
9,85,2,0.03665636479854584
9,85,3,0.03847537934780121
9,85,4,0.06359799951314926
9,85,5,0.08620957285165787
9,85,6,0.06645515561103821
9,85,7,0.039367370307445526
9,85,8,0.07022491097450256
9,85,9,0.0651697963476181
9,85,10,0.050928059965372086
9,85,11,0.03429180011153221
9,85,12,0.03981926292181015
9,85,13,0.058104898780584335
9,85,14,0.058632150292396545
9,85,15,0.07460816204547882
9,85,16,0.063319131731987
9,85,17,0.050199735909700394
9,85,18,0.05581076815724373
9,86,1,0.049769651144742966
9,86,2,0.04767058789730072
9,86,3,0.04797414317727089
9,86,4,0.0642496645450592
9,86,5,0.08730581402778625
9,86,6,0.06371854245662689
9,86,7,0.039013419300317764
9,86,8,0.0655488669872284
9,86,9,0.06909831613302231
9,86,10,0.05023353174328804
9,86,11,0.038508329540491104
9,86,12,0.04138407111167908
9,86,13,0.056492868810892105
9,86,14,0.042316365987062454
9,86,15,0.07216732203960419
9,86,16,0.05800223350524902
9,86,17,0.044727738946676254
9,86,18,0.061818476766347885
9,97,1,0.03852112218737602
9,97,2,0.05194708704948425
9,97,3,0.04157792404294014
9,97,4,0.06161343306303024
9,97,5,0.06839995086193085
9,97,6,0.045104872435331345
9,97,7,0.04249642416834831
9,97,8,0.0751960501074791
9,97,9,0.07252750545740128
9,97,10,0.04582076147198677
9,97,11,0.038980159908533096
9,97,12,0.05101701617240906
9,97,13,0.06466498225927353
9,97,14,0.047797515988349915
9,97,15,0.07773470133543015
9,97,16,0.059849150478839874
9,97,17,0.05176983401179314
9,97,18,0.06498149782419205
9,98,1,0.044962648302316666
9,98,2,0.04673093184828758
9,98,3,0.054600659757852554
9,98,4,0.0464012436568737
9,98,5,0.06533247977495193
9,98,6,0.05375415459275246
9,98,7,0.03566620498895645
9,98,8,0.06944426149129868
9,98,9,0.04855097457766533
9,98,10,0.05885031074285507
9,98,11,0.03926082327961922
9,98,12,0.04129909723997116
9,98,13,0.0679018646478653
9,98,14,0.060956064611673355
9,98,15,0.06810108572244644
9,98,16,0.06542825698852539
9,98,17,0.06107523292303085
9,98,18,0.07168365269899368
9,99,1,0.05527791380882263
9,99,2,0.047588594257831573
9,99,3,0.04195067286491394
9,99,4,0.0551161989569664
9,99,5,0.05634064972400665
9,99,6,0.05743784457445145
9,99,7,0.04653162136673927
9,99,8,0.07039150595664978
9,99,9,0.0769333690404892
9,99,10,0.05756418779492378
9,99,11,0.04101141169667244
9,99,12,0.046816498041152954
9,99,13,0.060459453612565994
9,99,14,0.04991505295038223
9,99,15,0.06437446922063828
9,99,16,0.03820759803056717
9,99,17,0.05834235996007919
9,99,18,0.07574063539505005
9,100,1,0.06111405789852142
9,100,2,0.045538242906332016
9,100,3,0.03909143805503845
9,100,4,0.057089872658252716
9,100,5,0.0703762099146843
9,100,6,0.04798068851232529
9,100,7,0.036455027759075165
9,100,8,0.07222123444080353
9,100,9,0.07375363260507584
9,100,10,0.059800468385219574
9,100,11,0.03883105143904686
9,100,12,0.046261016279459
9,100,13,0.05692285671830177
9,100,14,0.05368337035179138
9,100,15,0.07186945527791977
9,100,16,0.0530320405960083
9,100,17,0.05769236013293266
9,100,18,0.05828697606921196
9,101,1,0.037460148334503174
9,101,2,0.04906643554568291
9,101,3,0.04156596213579178
9,101,4,0.048187945038080215
9,101,5,0.05924324691295624
9,101,6,0.05889713391661644
9,101,7,0.05177389830350876
9,101,8,0.07465317100286484
9,101,9,0.07342404127120972
9,101,10,0.05547752231359482
9,101,11,0.04195081815123558
9,101,12,0.049906086176633835
9,101,13,0.058495886623859406
9,101,14,0.060411714017391205
9,101,15,0.07324500381946564
9,101,16,0.05441777780652046
9,101,17,0.05819675326347351
9,101,18,0.05362645164132118
9,102,1,0.042514972388744354
9,102,2,0.04148007929325104
9,102,3,0.04492257907986641
9,102,4,0.048941902816295624
9,102,5,0.07100172340869904
9,102,6,0.044813040643930435
9,102,7,0.034921735525131226
9,102,8,0.06349034607410431
9,102,9,0.0557435043156147
9,102,10,0.0574568547308445
9,102,11,0.03803929686546326
9,102,12,0.047685764729976654
9,102,13,0.0742277279496193
9,102,14,0.063304603099823
9,102,15,0.07268548756837845
9,102,16,0.05581159144639969
9,102,17,0.058518607169389725
9,102,18,0.08444023877382278
9,138,1,0.03764853626489639
9,138,2,0.04887719452381134
9,138,3,0.04697032272815704
9,138,4,0.04736761748790741
9,138,5,0.056767791509628296
9,138,6,0.0545797236263752
9,138,7,0.044917985796928406
9,138,8,0.06809159368276596
9,138,9,0.07011598348617554
9,138,10,0.05338050797581673
9,138,11,0.04027527943253517
9,138,12,0.04812529683113098
9,138,13,0.06163589656352997
9,138,14,0.06041424721479416
9,138,15,0.07170867174863815
9,138,16,0.062469109892845154
9,138,17,0.06418514251708984
9,138,18,0.062469109892845154
9,139,1,0.03903456777334213
9,139,2,0.04414430633187294
9,139,3,0.03907151147723198
9,139,4,0.05674472078680992
9,139,5,0.04934883490204811
9,139,6,0.050285305827856064
9,139,7,0.041396401822566986
9,139,8,0.06658469885587692
9,139,9,0.06596981734037399
9,139,10,0.053829848766326904
9,139,11,0.04047943279147148
9,139,12,0.04118470102548599
9,139,13,0.06991657614707947
9,139,14,0.060080867260694504
9,139,15,0.0769009068608284
9,139,16,0.06796429306268692
9,139,17,0.06819698959589005
9,139,18,0.06886624544858932
9,140,1,0.0455588772892952
9,140,2,0.04443294182419777
9,140,3,0.03557887673377991
9,140,4,0.042858727276325226
9,140,5,0.059015169739723206
9,140,6,0.04755915328860283
9,140,7,0.06246955692768097
9,140,8,0.07083914428949356
9,140,9,0.0670691505074501
9,140,10,0.07115113735198975
9,140,11,0.04222002252936363
9,140,12,0.0517006479203701
9,140,13,0.05718550831079483
9,140,14,0.05745138227939606
9,140,15,0.07139474153518677
9,140,16,0.04862165451049805
9,140,17,0.05879944562911987
9,140,18,0.06609385460615158
9,145,1,0.04892843961715698
9,145,2,0.05258234217762947
9,145,3,0.04356037452816963
9,145,4,0.05609673261642456
9,145,5,0.04564530402421951
9,145,6,0.05012543871998787
9,145,7,0.04096616432070732
9,145,8,0.07239986956119537
9,145,9,0.07928308099508286
9,145,10,0.05326715111732483
9,145,11,0.04115663468837738
9,145,12,0.04719207435846329
9,145,13,0.04800551384687424
9,145,14,0.04878530278801918
9,145,15,0.05567377433180809
9,145,16,0.06061062216758728
9,145,17,0.08797289431095123
9,145,18,0.06774822622537613
9,146,1,0.03558971360325813
9,146,2,0.0420682355761528
9,146,3,0.034584857523441315
9,146,4,0.04693050682544708
9,146,5,0.0829913467168808
9,146,6,0.05773960053920746
9,146,7,0.04174595698714256
9,146,8,0.0738140344619751
9,146,9,0.06403686851263046
9,146,10,0.04837298393249512
9,146,11,0.03941827639937401
9,146,12,0.039970654994249344
9,146,13,0.07029641419649124
9,146,14,0.053845521062612534
9,146,15,0.07942324131727219
9,146,16,0.057937294244766235
9,146,17,0.054853931069374084
9,146,18,0.07638058066368103
9,147,1,0.0545896515250206
9,147,2,0.04844646900892258
9,147,3,0.03579530492424965
9,147,4,0.03672925382852554
9,147,5,0.05391416326165199
9,147,6,0.06773916631937027
9,147,7,0.0384402759373188
9,147,8,0.067640021443367
9,147,9,0.0674092248082161
9,147,10,0.05782733112573624
9,147,11,0.030711865052580833
9,147,12,0.04105329513549805
9,147,13,0.06921025365591049
9,147,14,0.05860905349254608
9,147,15,0.07450598478317261
9,147,16,0.0693117082118988
9,147,17,0.06688463687896729
9,147,18,0.061182305216789246
9,148,1,0.03734533488750458
9,148,2,0.046250633895397186
9,148,3,0.04097079113125801
9,148,4,0.045124124735593796
9,148,5,0.06465310603380203
9,148,6,0.060028377920389175
9,148,7,0.039526477456092834
9,148,8,0.06337165087461472
9,148,9,0.06946433335542679
9,148,10,0.05289731174707413
9,148,11,0.035606902092695236
9,148,12,0.03429302200675011
9,148,13,0.07488913089036942
9,148,14,0.062145933508872986
9,148,15,0.0736561194062233
9,148,16,0.05938699096441269
9,148,17,0.07394440472126007
9,148,18,0.06644535064697266
9,149,1,0.02715427242219448
9,149,2,0.05102275311946869
9,149,3,0.044070351868867874
9,149,4,0.04815429821610451
9,149,5,0.06840764731168747
9,149,6,0.03776906803250313
9,149,7,0.02950538508594036
9,149,8,0.06036953628063202
9,149,9,0.06751170754432678
9,149,10,0.05101029574871063
9,149,11,0.029105620458722115
9,149,12,0.03800029680132866
9,149,13,0.07447365671396255
9,149,14,0.07564644515514374
9,149,15,0.08320315927267075
9,149,16,0.06420031189918518
9,149,17,0.06864185631275177
9,149,18,0.08175338804721832
9,150,1,0.04018029570579529
9,150,2,0.041780900210142136
9,150,3,0.03624895215034485
9,150,4,0.056933704763650894
9,150,5,0.06435702741146088
9,150,6,0.05327574908733368
9,150,7,0.045491356402635574
9,150,8,0.06774263083934784
9,150,9,0.07033807784318924
9,150,10,0.05142275616526604
9,150,11,0.038839634507894516
9,150,12,0.0527837797999382
9,150,13,0.06807421147823334
9,150,14,0.052577998489141464
9,150,15,0.06714984029531479
9,150,16,0.0651792660355568
9,150,17,0.06174062564969063
9,150,18,0.06588320434093475
9,169,1,0.04645803943276405
9,169,2,0.048388391733169556
9,169,3,0.05385609716176987
9,169,4,0.056110966950654984
9,169,5,0.07115638256072998
9,169,6,0.06568048894405365
9,169,7,0.04242463782429695
9,169,8,0.06536056846380234
9,169,9,0.06510575115680695
9,169,10,0.06158071756362915
9,169,11,0.04629245400428772
9,169,12,0.053987741470336914
9,169,13,0.059613265097141266
9,169,14,0.047453925013542175
9,169,15,0.05640626326203346
9,169,16,0.04726314917206764
9,169,17,0.05385609716176987
9,169,18,0.059005118906497955
9,170,1,0.046483155339956284
9,170,2,0.05016527324914932
9,170,3,0.043443575501441956
9,170,4,0.049975793808698654
9,170,5,0.07447507232427597
9,170,6,0.06478410214185715
9,170,7,0.04732190817594528
9,170,8,0.07339208573102951
9,170,9,0.07292769849300385
9,170,10,0.06165163218975067
9,170,11,0.0473710298538208
9,170,12,0.04463697597384453
9,170,13,0.05272699519991875
9,170,14,0.05025721341371536
9,170,15,0.05503527447581291
9,170,16,0.05451374500989914
9,170,17,0.05785981938242912
9,170,18,0.05297861993312836
9,171,1,0.050981465727090836
9,171,2,0.052075907588005066
9,171,3,0.058414872735738754
9,171,4,0.05393926054239273
9,171,5,0.06854446232318878
9,171,6,0.05916120111942291
9,171,7,0.04110250622034073
9,171,8,0.058801207691431046
9,171,9,0.07371722906827927
9,171,10,0.05147548392415047
9,171,11,0.04632292687892914
9,171,12,0.054143767803907394
9,171,13,0.054282739758491516
9,171,14,0.050405967980623245
9,171,15,0.05958154797554016
9,171,16,0.03952065855264664
9,171,17,0.05824398994445801
9,171,18,0.06928475201129913
9,178,1,0.057160116732120514
9,178,2,0.03995781019330025
9,178,3,0.04262322559952736
9,178,4,0.05035749077796936
9,178,5,0.06913366913795471
9,178,6,0.07402487844228745
9,178,7,0.050678156316280365
9,178,8,0.0688977763056755
9,178,9,0.06523110717535019
9,178,10,0.0569094754755497
9,178,11,0.03838954120874405
9,178,12,0.04645950347185135
9,178,13,0.056798432022333145
9,178,14,0.048027995973825455
9,178,15,0.0640319287776947
9,178,16,0.05597249045968056
9,178,17,0.06236564740538597
9,178,18,0.052980754524469376
9,187,1,0.03837640583515167
9,187,2,0.045525845140218735
9,187,3,0.03690284863114357
9,187,4,0.04562041908502579
9,187,5,0.09622539579868317
9,187,6,0.06860150396823883
9,187,7,0.03268513083457947
9,187,8,0.06697963178157806
9,187,9,0.07338336110115051
9,187,10,0.05182106792926788
9,187,11,0.04215080663561821
9,187,12,0.04921916872262955
9,187,13,0.048610128462314606
9,187,14,0.05312773585319519
9,187,15,0.07377856969833374
9,187,16,0.05117983743548393
9,187,17,0.06910579651594162
9,187,18,0.0567062646150589
9,188,1,0.048350147902965546
9,188,2,0.05103054642677307
9,188,3,0.033948056399822235
9,188,4,0.05488160625100136
9,188,5,0.03750990703701973
9,188,6,0.04274444654583931
9,188,7,0.04526025429368019
9,188,8,0.07475830614566803
9,188,9,0.05925430729985237
9,188,10,0.061494506895542145
9,188,11,0.03393355756998062
9,188,12,0.05124278366565704
9,188,13,0.05929771810770035
9,188,14,0.0636637732386589
9,188,15,0.09123869240283966
9,188,16,0.05515023693442345
9,188,17,0.051280323415994644
9,188,18,0.08496080338954926
9,189,1,0.03781413286924362
9,189,2,0.04893811419606209
9,189,3,0.04489169269800186
9,189,4,0.06139713153243065
9,189,5,0.07626087218523026
9,189,6,0.04417143762111664
9,189,7,0.05160068720579147
9,189,8,0.0771598145365715
9,189,9,0.07153559476137161
9,189,10,0.04245593026280403
9,189,11,0.03710538521409035
9,189,12,0.06081531569361687
9,189,13,0.06574098020792007
9,189,14,0.05746643617749214
9,189,15,0.0683264285326004
9,189,16,0.05275991931557655
9,189,17,0.04379827901721001
9,189,18,0.057761818170547485
9,235,1,0.05784418806433678
9,235,2,0.045708272606134415
9,235,3,0.03922303766012192
9,235,4,0.04752328246831894
9,235,5,0.07095874100923538
9,235,6,0.059187017381191254
9,235,7,0.04129398614168167
9,235,8,0.06840716302394867
9,235,9,0.06979044526815414
9,235,10,0.053132668137550354
9,235,11,0.04110288247466087
9,235,12,0.04204166680574417
9,235,13,0.059129245579242706
9,235,14,0.05404850095510483
9,235,15,0.07751547545194626
9,235,16,0.06265145540237427
9,235,17,0.048912275582551956
9,235,18,0.0615297369658947
9,236,1,0.04452284052968025
9,236,2,0.04859529435634613
9,236,3,0.044926851987838745
9,236,4,0.048193588852882385
9,236,5,0.053046733140945435
9,236,6,0.08431435376405716
9,236,7,0.04158098250627518
9,236,8,0.0669591948390007
9,236,9,0.06798044592142105
9,236,10,0.05377696081995964
9,236,11,0.04200442135334015
9,236,12,0.05198262631893158
9,236,13,0.051276762038469315
9,236,14,0.046545758843421936
9,236,15,0.071942038834095
9,236,16,0.061685699969530106
9,236,17,0.07072300463914871
9,236,18,0.04994240775704384
9,237,1,0.040182359516620636
9,237,2,0.04259803518652916
9,237,3,0.04185323044657707
9,237,4,0.07732834666967392
9,237,5,0.058727849274873734
9,237,6,0.044923894107341766
9,237,7,0.048067040741443634
9,237,8,0.06193817779421806
9,237,9,0.07271423935890198
9,237,10,0.05435417965054512
9,237,11,0.0426735021173954
9,237,12,0.040771566331386566
9,237,13,0.05265616253018379
9,237,14,0.05450034886598587
9,237,15,0.08643465489149094
9,237,16,0.05781736597418785
9,237,17,0.05083712935447693
9,237,18,0.07162187248468399
9,244,1,0.06030724570155144
9,244,2,0.04898158460855484
9,244,3,0.03910160809755325
9,244,4,0.04177870601415634
9,244,5,0.09101945906877518
9,244,6,0.06823702901601791
9,244,7,0.0385989174246788
9,244,8,0.07267341762781143
9,244,9,0.0694471076130867
9,244,10,0.05868055671453476
9,244,11,0.03582749515771866
9,244,12,0.03851654753088951
9,244,13,0.06482671946287155
9,244,14,0.04006554186344147
9,244,15,0.06665632128715515
9,244,16,0.0607505701482296
9,244,17,0.04587933048605919
9,244,18,0.058651912957429886
9,245,1,0.07797228544950485
9,245,2,0.055819593369960785
9,245,3,0.045709025114774704
9,245,4,0.05785926431417465
9,245,5,0.06357701122760773
9,245,6,0.08978938311338425
9,245,7,0.04158807173371315
9,245,8,0.06368574500083923
9,245,9,0.07407543063163757
9,245,10,0.06398185342550278
9,245,11,0.038015153259038925
9,245,12,0.05037957429885864
9,245,13,0.03900732100009918
9,245,14,0.04698186367750168
9,245,15,0.057563383132219315
9,245,16,0.04097956418991089
9,245,17,0.05157429352402687
9,245,18,0.04144110903143883
9,267,1,0.0470828078687191
9,267,2,0.043427690863609314
9,267,3,0.04611581563949585
9,267,4,0.060433387756347656
9,267,5,0.09396740049123764
9,267,6,0.05239018425345421
9,267,7,0.04838208109140396
9,267,8,0.06817971915006638
9,267,9,0.06979655474424362
9,267,10,0.05271093174815178
9,267,11,0.031047740951180458
9,267,12,0.049324288964271545
9,267,13,0.0518430732190609
9,267,14,0.046420805156230927
9,267,15,0.0725414976477623
9,267,16,0.06518473476171494
9,267,17,0.04798799008131027
9,267,18,0.05316327139735222
9,286,1,0.05254921317100525
9,286,2,0.05183565616607666
9,286,3,0.04653329402208328
9,286,4,0.0560477077960968
9,286,5,0.08592280745506287
9,286,6,0.055340658873319626
9,286,7,0.03873080760240555
9,286,8,0.05795405060052872
9,286,9,0.06292388588190079
9,286,10,0.052922580391168594
9,286,11,0.0355551540851593
9,286,12,0.04010441526770592
9,286,13,0.05474936217069626
9,286,14,0.06416495144367218
9,286,15,0.07231893390417099
9,286,16,0.04969190061092377
9,286,17,0.059546053409576416
9,286,18,0.06310851126909256
10,6,1,0.054857246577739716
10,6,2,0.05476357787847519
10,6,3,0.05839523300528526
10,6,4,0.05683399364352226
10,6,5,0.055598821491003036
10,6,6,0.05499133840203285
10,6,7,0.05246669426560402
10,6,8,0.05794079601764679
10,6,9,0.05549033358693123
10,6,10,0.05691730976104736
10,6,11,0.054483525454998016
10,6,12,0.05617186054587364
10,6,13,0.054884035140275955
10,6,14,0.05409253388643265
10,6,15,0.05483046919107437
10,6,16,0.056612420827150345
10,6,17,0.05520656704902649
10,6,18,0.05546324700117111
10,7,1,0.054631032049655914
10,7,2,0.055005766451358795
10,7,3,0.058825574815273285
10,7,4,0.0564478375017643
10,7,5,0.0559675469994545
10,7,6,0.0543450266122818
10,7,7,0.05238445848226547
10,7,8,0.05826812610030174
10,7,9,0.05531550943851471
10,7,10,0.057113222777843475
10,7,11,0.05409352108836174
10,7,12,0.05655819550156593
10,7,13,0.05566774308681488
10,7,14,0.05402093753218651
10,7,15,0.05459769815206528
10,7,16,0.05614546313881874
10,7,17,0.054631032049655914
10,7,18,0.05598121136426926
10,8,1,0.054880496114492416
10,8,2,0.054786790162324905
10,8,3,0.05839146673679352
10,8,4,0.05674714595079422
10,8,5,0.056072331964969635
10,8,6,0.05482693389058113
10,8,7,0.05258513242006302
10,8,8,0.05771118775010109
10,8,9,0.055297426879405975
10,8,10,0.057080622762441635
10,8,11,0.0539703294634819
10,8,12,0.05600392073392868
10,8,13,0.055149126797914505
10,8,14,0.05408244580030441
10,8,15,0.05476004630327225
10,8,16,0.0568164587020874
10,8,17,0.05545967072248459
10,8,18,0.05537848919630051
10,17,1,0.0553874671459198
10,17,2,0.05486259609460831
10,17,3,0.05887334793806076
10,17,4,0.05569935962557793
10,17,5,0.05445558950304985
10,17,6,0.05496985465288162
10,17,7,0.0522226057946682
10,17,8,0.05783338472247124
10,17,9,0.05527939647436142
10,17,10,0.05683954432606697
10,17,11,0.0547889769077301
10,17,12,0.0572294257581234
10,17,13,0.05511767789721489
10,17,14,0.0536571703851223
10,17,15,0.05478229001164436
10,17,16,0.05642475187778473
10,17,17,0.05488939210772514
10,17,18,0.05668710172176361
10,18,1,0.054206933826208115
10,18,2,0.05441908910870552
10,18,3,0.05910743027925491
10,18,4,0.05744294822216034
10,18,5,0.05575723201036453
10,18,6,0.05414741113781929
10,18,7,0.05321690812706947
10,18,8,0.05771002545952797
10,18,9,0.055161479860544205
10,18,10,0.057135239243507385
10,18,11,0.053923144936561584
10,18,12,0.05590716749429703
10,18,13,0.05525582656264305
10,18,14,0.05408795550465584
10,18,15,0.05478568747639656
10,18,16,0.05598912388086319
10,18,17,0.056002791970968246
10,18,18,0.05574361979961395
10,19,1,0.05528692528605461
10,19,2,0.05485668405890465
10,19,3,0.05882389843463898
10,19,4,0.056006960570812225
10,19,5,0.0550982803106308
10,19,6,0.0540853776037693
10,19,7,0.05194994434714317
10,19,8,0.057940203696489334
10,19,9,0.05528692528605461
10,19,10,0.056888941675424576
10,19,11,0.05500419810414314
10,19,12,0.05550331622362137
10,19,13,0.05662566423416138
10,19,14,0.053986433893442154
10,19,15,0.0543501153588295
10,19,16,0.056777939200401306
10,19,17,0.05473627895116806
10,19,18,0.05679180100560188
10,26,1,0.054421138018369675
10,26,2,0.05471422150731087
10,26,3,0.058528076857328415
10,26,4,0.056258425116539
10,26,5,0.05517028644680977
10,26,6,0.054627466946840286
10,26,7,0.052656710147857666
10,26,8,0.05805842950940132
10,26,9,0.05502232536673546
10,26,10,0.05724211037158966
10,26,11,0.05432821065187454
10,26,12,0.05627216026186943
10,26,13,0.055467408150434494
10,26,14,0.05442778393626213
10,26,15,0.054914966225624084
10,26,16,0.05646482855081558
10,26,17,0.0553727000951767
10,26,18,0.05605277791619301
10,27,1,0.054135311394929886
10,27,2,0.05462654307484627
10,27,3,0.057824041694402695
10,27,4,0.05585375428199768
10,27,5,0.05600395426154137
10,27,6,0.05395059287548065
10,27,7,0.05279741808772087
10,27,8,0.05796538665890694
10,27,9,0.05539204180240631
10,27,10,0.05733204632997513
10,27,11,0.05383875221014023
10,27,12,0.05625060200691223
10,27,13,0.055486783385276794
10,27,14,0.054128702729940414
10,27,15,0.05571755766868591
10,27,16,0.05660879984498024
10,27,17,0.05524348095059395
10,27,18,0.05684423819184303
10,28,1,0.05426100268959999
10,28,2,0.0546598844230175
10,28,3,0.05875614285469055
10,28,4,0.05601077899336815
10,28,5,0.05539879575371742
10,28,6,0.053917668759822845
10,28,7,0.052239663898944855
10,28,8,0.05807161703705788
10,28,9,0.05488721653819084
10,28,10,0.05674023553729057
10,28,11,0.05514241382479668
10,28,12,0.05601077899336815
10,28,13,0.05542585253715515
10,28,14,0.05405605956912041
10,28,15,0.055128954350948334
10,28,16,0.05793001502752304
10,28,17,0.05495426058769226
10,28,18,0.05640874803066254
10,33,1,0.05534321069717407
10,33,2,0.05488572269678116
10,33,3,0.05876888707280159
10,33,4,0.056600335985422134
10,33,5,0.0562421977519989
10,33,6,0.055289190262556076
10,33,7,0.05259013921022415
10,33,8,0.057463597506284714
10,33,9,0.05534321069717407
10,33,10,0.05709999054670334
10,33,11,0.05449184775352478
10,33,12,0.05611875280737877
10,33,13,0.05484553426504135
10,33,14,0.05392936244606972
10,33,15,0.05433906987309456
10,33,16,0.056297145783901215
10,33,17,0.054792001843452454
10,33,18,0.05555981770157814
10,34,1,0.05503688007593155
10,34,2,0.05470198392868042
10,34,3,0.059060368686914444
10,34,4,0.05707581341266632
10,34,5,0.05550917983055115
10,34,6,0.05459525063633919
10,34,7,0.05316804721951485
10,34,8,0.057918041944503784
10,34,9,0.05561770126223564
10,34,10,0.057327188551425934
10,34,11,0.05405149236321449
10,34,12,0.05617722123861313
10,34,13,0.055211830884218216
10,34,14,0.053788211196660995
10,34,15,0.05422993004322052
10,34,16,0.05575365573167801
10,34,17,0.05501001328229904
10,34,18,0.05576726794242859
10,39,1,0.054720815271139145
10,39,2,0.05502895265817642
10,39,3,0.058893490582704544
10,39,4,0.056540608406066895
10,39,5,0.05593648925423622
10,39,6,0.054547421634197235
10,39,7,0.05229790136218071
10,39,8,0.057810816913843155
10,39,9,0.05525782331824303
10,39,10,0.056664980947971344
10,39,11,0.054149363189935684
10,39,12,0.05615541711449623
10,39,13,0.055230848491191864
10,39,14,0.0543413907289505
10,39,15,0.054988663643598557
10,39,16,0.05614170804619789
10,39,17,0.055069271475076675
10,39,18,0.05622400715947151
10,40,1,0.05497905984520912
10,40,2,0.05461784452199936
10,40,3,0.05873962864279747
10,40,4,0.056932397186756134
10,40,5,0.05588577315211296
10,40,6,0.055005915462970734
10,40,7,0.052692439407110214
10,40,8,0.057913728058338165
10,40,9,0.055059656500816345
10,40,10,0.05683518573641777
10,40,11,0.054087065160274506
10,40,12,0.05636536329984665
10,40,13,0.05504621937870979
10,40,14,0.053849898278713226
10,40,15,0.05442483723163605
10,40,16,0.05624164640903473
10,40,17,0.055410273373126984
10,40,18,0.05591307207942009
10,41,1,0.05542854219675064
10,41,2,0.054609183222055435
10,41,3,0.058458514511585236
10,41,4,0.056383948773145676
10,41,5,0.05602717399597168
10,41,6,0.0547560378909111
10,41,7,0.052555620670318604
10,41,8,0.057735148817300797
10,41,9,0.055198971182107925
10,41,10,0.05725788697600365
10,41,11,0.054303403943777084
10,41,12,0.05606822669506073
10,41,13,0.0549435131251812
10,41,14,0.05421729385852814
10,41,15,0.05474267154932022
10,41,16,0.05656318739056587
10,41,17,0.0550643727183342
10,41,18,0.055686257779598236
10,42,1,0.05493386089801788
10,42,2,0.054960690438747406
10,42,3,0.059260062873363495
10,42,4,0.05686476454138756
10,42,5,0.055303920060396194
10,42,6,0.05477315932512283
10,42,7,0.052258528769016266
10,42,8,0.05785904824733734
10,42,9,0.05549326911568642
10,42,10,0.0575069785118103
10,42,11,0.05379248782992363
10,42,12,0.05607890710234642
10,42,13,0.05486014857888222
10,42,14,0.05367441847920418
10,42,15,0.054713018238544464
10,42,16,0.05643600970506668
10,42,17,0.055615343153476715
10,42,18,0.055615343153476715
10,67,1,0.054589368402957916
10,67,2,0.054803021252155304
10,67,3,0.05853724852204323
10,67,4,0.0564323328435421
10,67,5,0.0558021105825901
10,67,6,0.05476289615035057
10,67,7,0.05266496539115906
10,67,8,0.057925935834646225
10,67,9,0.055219367146492004
10,67,10,0.05686105042695999
10,67,11,0.05448949709534645
10,67,12,0.05606156587600708
10,67,13,0.05535433813929558
10,67,14,0.05391387641429901
10,67,15,0.054796334356069565
10,67,16,0.05669470876455307
10,67,17,0.055098168551921844
10,67,18,0.05599316954612732
10,68,1,0.05475907772779465
10,68,2,0.05466557666659355
10,68,3,0.05903547257184982
10,68,4,0.05627705529332161
10,68,5,0.056318286806344986
10,68,6,0.0549599751830101
10,68,7,0.05234723910689354
10,68,8,0.057696081697940826
10,68,9,0.05545869469642639
10,68,10,0.05691263824701309
10,68,11,0.05400891974568367
10,68,12,0.05629079416394234
10,68,13,0.05510777235031128
10,68,14,0.05427327752113342
10,68,15,0.054892927408218384
10,68,16,0.056538715958595276
10,68,17,0.05464555695652962
10,68,18,0.055811844766139984
10,69,1,0.05434928461909294
10,69,2,0.05482237786054611
10,69,3,0.05856507271528244
10,69,4,0.05702713131904602
10,69,5,0.055232126265764236
10,69,6,0.055030230432748795
10,69,7,0.052535854279994965
10,69,8,0.05802425369620323
10,69,9,0.055137816816568375
10,69,10,0.056929755955934525
10,69,11,0.054402388632297516
10,69,12,0.056266508996486664
10,69,13,0.05520516261458397
10,69,14,0.054110974073410034
10,69,15,0.054635316133499146
10,69,16,0.05656953155994415
10,69,17,0.055232126265764236
10,69,18,0.055924128741025925
10,70,1,0.05500761792063713
10,70,2,0.05496734380722046
10,70,3,0.05898575112223625
10,70,4,0.05668451264500618
10,70,5,0.05562886223196983
10,70,6,0.05480653792619705
10,70,7,0.052514269948005676
10,70,8,0.057901378720998764
10,70,9,0.05557456240057945
10,70,10,0.05746481195092201
10,70,11,0.05416141450405121
10,70,12,0.05601043626666069
10,70,13,0.054726313799619675
10,70,14,0.053478166460990906
10,70,15,0.054927099496126175
10,70,16,0.056065164506435394
10,70,17,0.055330876260995865
10,70,18,0.05576483905315399
10,71,1,0.05496940761804581
10,71,2,0.05451500788331032
10,71,3,0.059074439108371735
10,71,4,0.056742023676633835
10,71,5,0.05628671124577522
10,71,6,0.05510377511382103
10,71,7,0.05297984927892685
10,71,8,0.05801675468683243
10,71,9,0.05534646287560463
10,71,10,0.05665896460413933
10,71,11,0.05467495322227478
10,71,12,0.05616316571831703
10,71,13,0.05526544898748398
10,71,14,0.053735386580228806
10,71,15,0.05434226244688034
10,71,16,0.05645185708999634
10,71,17,0.05444850027561188
10,71,18,0.055224984884262085
10,72,1,0.055168334394693375
10,72,2,0.054712291806936264
10,72,3,0.058740727603435516
10,72,4,0.056711502373218536
10,72,5,0.05557388812303543
10,72,6,0.05457887426018715
10,72,7,0.05280289053916931
10,72,8,0.0577876940369606
10,72,9,0.05549253895878792
10,72,10,0.05737999826669693
10,72,11,0.054015498608350754
10,72,12,0.0561329610645771
10,72,13,0.05499351769685745
10,72,14,0.05408807843923569
10,72,15,0.05504725128412247
10,72,16,0.05622896924614906
10,72,17,0.054685577750205994
10,72,18,0.055859535932540894
10,85,1,0.05478104203939438
10,85,2,0.05542678013443947
10,85,3,0.059174612164497375
10,85,4,0.056080132722854614
10,85,5,0.055129874497652054
10,85,6,0.05434809625148773
10,85,7,0.05270814523100853
10,85,8,0.057789724320173264
10,85,9,0.055467389523983
10,85,10,0.05715830251574516
10,85,11,0.05456746742129326
10,85,12,0.05651998147368431
10,85,13,0.05496860295534134
10,85,14,0.0538199320435524
10,85,15,0.05460745096206665
10,85,16,0.05613492801785469
10,85,17,0.055251143872737885
10,85,18,0.056066446006298065
10,86,1,0.05483469367027283
10,86,2,0.054707661271095276
10,86,3,0.058528199791908264
10,86,4,0.05608027055859566
10,86,5,0.05508964881300926
10,86,6,0.05450103059411049
10,86,7,0.0528758242726326
10,86,8,0.057987719774246216
10,86,9,0.05535929650068283
10,86,10,0.05724223330616951
10,86,11,0.05426205322146416
10,86,12,0.05650631710886955
10,86,13,0.0551300123333931
10,86,14,0.0545942522585392
10,86,15,0.05471434071660042
10,86,16,0.05617619305849075
10,86,17,0.05558953806757927
10,86,18,0.05582073703408241
10,100,1,0.05437972769141197
10,100,2,0.0548463873565197
10,100,3,0.059172920882701874
10,100,4,0.05638054758310318
10,100,5,0.055628545582294464
10,100,6,0.055155228823423386
10,100,7,0.053048741072416306
10,100,8,0.05780218169093132
10,100,9,0.05522259697318077
10,100,10,0.05689215287566185
10,100,11,0.0543067529797554
10,100,12,0.056201886385679245
10,100,13,0.05506104603409767
10,100,14,0.05389729142189026
10,100,15,0.05469929054379463
10,100,16,0.056463196873664856
10,100,17,0.05491337925195694
10,100,18,0.05592813342809677
10,101,1,0.05550369620323181
10,101,2,0.05463652312755585
10,101,3,0.059011299163103104
10,101,4,0.05673675984144211
10,101,5,0.05607575178146362
10,101,6,0.05466320738196373
10,101,7,0.05219820886850357
10,101,8,0.057756997644901276
10,101,9,0.055260319262742996
10,101,10,0.05697272717952728
10,101,11,0.05409235134720802
10,101,12,0.056062061339616776
10,101,13,0.055071763694286346
10,101,14,0.05374351888895035
10,101,15,0.0546298548579216
10,101,16,0.05652935802936554
10,101,17,0.05488385260105133
10,101,18,0.05617167055606842
10,102,1,0.05509328842163086
10,102,2,0.05502607673406601
10,102,3,0.05883292853832245
10,102,4,0.05680052191019058
10,102,5,0.05545765161514282
10,102,6,0.055295415222644806
10,102,7,0.05313166230916977
10,102,8,0.05804821848869324
10,102,9,0.05607028678059578
10,102,10,0.05695326626300812
10,102,11,0.05423252284526825
10,102,12,0.05605660006403923
10,102,13,0.05428551137447357
10,102,14,0.05357453599572182
10,102,15,0.05477141588926315
10,102,16,0.056344740092754364
10,102,17,0.05491870641708374
10,102,18,0.05510673671960831
10,106,1,0.054562799632549286
10,106,2,0.05471620336174965
10,106,3,0.058773625642061234
10,106,4,0.05661872401833534
10,106,5,0.056287940591573715
10,106,6,0.05438326299190521
10,106,7,0.05292282998561859
10,106,8,0.05811726301908493
10,106,9,0.05533416196703911
10,106,10,0.05707671865820885
10,106,11,0.054250653833150864
10,106,12,0.05672941356897354
10,106,13,0.05526665970683098
10,106,14,0.053953465074300766
10,106,15,0.054556142538785934
10,106,16,0.05643931031227112
10,106,17,0.054636117070913315
10,106,18,0.05537470430135727
10,107,1,0.055005740374326706
10,107,2,0.05376433953642845
10,107,3,0.058367758989334106
10,107,4,0.0562414675951004
10,107,5,0.05531548336148262
10,107,6,0.05411330610513687
10,107,7,0.05302780494093895
10,107,8,0.058467596769332886
10,107,9,0.055247996002435684
10,107,10,0.0574348010122776
10,107,11,0.05496546998620033
10,107,12,0.056821130216121674
10,107,13,0.05515366047620773
10,107,14,0.05427207425236702
10,107,15,0.05503260716795921
10,107,16,0.05626893416047096
10,107,17,0.054791294038295746
10,107,18,0.05570850521326065
10,108,1,0.05404914543032646
10,108,2,0.055115170776844025
10,108,3,0.05839827284216881
10,108,4,0.05631209537386894
10,108,5,0.056119952350854874
10,108,6,0.05377930775284767
10,108,7,0.05243740975856781
10,108,8,0.057844869792461395
10,108,9,0.05515554919838905
10,108,10,0.05696197971701622
10,108,11,0.053910765796899796
10,108,12,0.05647731572389603
10,108,13,0.05584659427404404
10,108,14,0.05442652851343155
10,108,15,0.054913703352212906
10,108,16,0.05633959919214249
10,108,17,0.05507481470704079
10,108,18,0.05683695152401924
10,163,1,0.054757386445999146
10,163,2,0.05493815243244171
10,163,3,0.059919387102127075
10,163,4,0.056966476142406464
10,163,5,0.055646851658821106
10,163,6,0.054703935980796814
10,163,7,0.052621111273765564
10,163,8,0.05749744176864624
10,163,9,0.05526775121688843
10,163,10,0.05670284107327461
10,163,11,0.05468390882015228
10,163,12,0.05597386509180069
10,163,13,0.055362287908792496
10,163,14,0.053783565759658813
10,163,15,0.054817575961351395
10,163,16,0.05602855235338211
10,163,17,0.05480419471859932
10,163,18,0.055524714291095734
10,169,1,0.054911740124225616
10,169,2,0.05465761199593544
10,169,3,0.0582253560423851
10,169,4,0.05642017349600792
10,169,5,0.05574924498796463
10,169,6,0.05441794916987419
10,169,7,0.052576545625925064
10,169,8,0.05801251530647278
10,169,9,0.05568123608827591
10,169,10,0.05668249353766441
10,169,11,0.05382993444800377
10,169,12,0.05580371245741844
10,169,13,0.05500566586852074
10,169,14,0.054318394511938095
10,169,15,0.05555902421474457
10,169,16,0.05695994198322296
10,169,17,0.05520746484398842
10,169,18,0.0559811107814312
10,170,1,0.05493207275867462
10,170,2,0.054611142724752426
10,170,3,0.058861616998910904
10,170,4,0.05675888434052467
10,170,5,0.055633898824453354
10,170,6,0.05439159646630287
10,170,7,0.05233343690633774
10,170,8,0.05775132030248642
10,170,9,0.05524140223860741
10,170,10,0.056675806641578674
10,170,11,0.05378417298197746
10,170,12,0.05628969520330429
10,170,13,0.05537642911076546
10,170,14,0.054252345114946365
10,170,15,0.05538995563983917
10,170,16,0.056454844772815704
10,170,17,0.05499916896224022
10,170,18,0.05626221373677254
10,171,1,0.054688580334186554
10,171,2,0.054422199726104736
10,171,3,0.05810209736227989
10,171,4,0.05652109533548355
10,171,5,0.05580807477235794
10,171,6,0.054715294390916824
10,171,7,0.052683450281620026
10,171,8,0.05834374576807022
10,171,9,0.05522526428103447
10,171,10,0.05706183239817619
10,171,11,0.053873587399721146
10,171,12,0.055835336446762085
10,171,13,0.05526572838425636
10,171,14,0.05405144393444061
10,171,15,0.055360257625579834
10,171,16,0.057481296360492706
10,171,17,0.05492944270372391
10,171,18,0.055631231516599655
10,196,1,0.05483453348278999
10,196,2,0.05498198792338371
10,196,3,0.05921793356537819
10,196,4,0.05605272576212883
10,196,5,0.05638212338089943
10,196,6,0.054854616522789
10,196,7,0.05275961011648178
10,196,8,0.05764877051115036
10,196,9,0.05539969354867935
10,196,10,0.057088542729616165
10,196,11,0.05446096509695053
10,196,12,0.056148599833250046
10,196,13,0.05459408834576607
10,196,14,0.05388564616441727
10,196,15,0.05494173243641853
10,196,16,0.05625837296247482
10,196,17,0.05498198792338371
10,196,18,0.055507998913526535
10,197,1,0.05422436445951462
10,197,2,0.054569657891988754
10,197,3,0.05873797461390495
10,197,4,0.05697251111268997
10,197,5,0.05573432520031929
10,197,6,0.054696373641490936
10,197,7,0.05309773609042168
10,197,8,0.0585232637822628
10,197,9,0.0551522895693779
10,197,10,0.058152955025434494
10,197,11,0.053980011492967606
10,197,12,0.05577516183257103
10,197,13,0.05527360737323761
10,197,14,0.05403934419155121
10,197,15,0.05467634275555611
10,197,16,0.055952463299036026
10,197,17,0.054516393691301346
10,197,18,0.0559251494705677
10,198,1,0.05524444952607155
10,198,2,0.05524444952607155
10,198,3,0.05850667878985405
10,198,4,0.056182969361543655
10,198,5,0.055338941514492035
10,198,6,0.05490829423069954
10,198,7,0.05239385738968849
10,198,8,0.05792396143078804
10,198,9,0.05540653318166733
10,198,10,0.05681747943162918
10,198,11,0.05412965267896652
10,198,12,0.05621040612459183
10,198,13,0.05474098026752472
10,198,14,0.054222241044044495
10,198,15,0.055745743215084076
10,198,16,0.05680360645055771
10,198,17,0.05490829423069954
10,198,18,0.05527143552899361
10,223,1,0.05435236915946007
10,223,2,0.05484556779265404
10,223,3,0.05882634222507477
10,223,4,0.0566418431699276
10,223,5,0.054771970957517624
10,223,6,0.054339099675416946
10,223,7,0.05302852392196655
10,223,8,0.05794260650873184
10,223,9,0.055478524416685104
10,223,10,0.05759003385901451
10,223,11,0.054286058992147446
10,223,12,0.05668334290385246
10,223,13,0.05473855137825012
10,223,14,0.05403482913970947
10,223,15,0.05457175895571709
10,223,16,0.05654512345790863
10,223,17,0.055573418736457825
10,223,18,0.05575007572770119
10,232,1,0.054467421025037766
10,232,2,0.05470063164830208
10,232,3,0.0590156689286232
10,232,4,0.056630250066518784
10,232,5,0.05568426102399826
10,232,6,0.05335528030991554
10,232,7,0.052881933748722076
10,232,8,0.058058176189661026
10,232,9,0.05515658110380173
10,232,10,0.05715806782245636
10,232,11,0.05443418771028519
10,232,12,0.056299395859241486
10,232,13,0.055291399359703064
10,232,14,0.05450067296624184
10,232,15,0.05452064052224159
10,232,16,0.056464578956365585
10,232,17,0.054861124604940414
10,232,18,0.056519750505685806
10,233,1,0.055438410490751266
10,233,2,0.05400235205888748
10,233,3,0.05862615257501602
10,233,4,0.05739405006170273
10,233,5,0.055276233702898026
10,233,6,0.053989164531230927
10,233,7,0.05232171341776848
10,233,8,0.058426111936569214
10,233,9,0.05514144524931908
10,233,10,0.056947410106658936
10,233,11,0.0546589270234108
10,233,12,0.05644908919930458
10,233,13,0.05480590835213661
10,233,14,0.05381808802485466
10,233,15,0.05461890250444412
10,233,16,0.056407760828733444
10,233,17,0.05588686093688011
10,233,18,0.05579143390059471
10,234,1,0.05474673956632614
10,234,2,0.05504158139228821
10,234,3,0.0589645616710186
10,234,4,0.05677492916584015
10,234,5,0.05611347779631615
10,234,6,0.05459991469979286
10,234,7,0.05241216719150543
10,234,8,0.05769716948270798
10,234,9,0.05533801391720772
10,234,10,0.05702497810125351
10,234,11,0.05417501553893089
10,234,12,0.05627811700105667
10,234,13,0.0547734834253788
10,234,14,0.05397697910666466
10,234,15,0.05490737035870552
10,234,16,0.056195735931396484
10,234,17,0.05490737035870552
10,234,18,0.05607239529490471
10,238,1,0.05508660897612572
10,238,2,0.05547801032662392
10,238,3,0.059185940772295
10,238,4,0.056572213768959045
10,238,5,0.05584492161870003
10,238,6,0.05431869998574257
10,238,7,0.052756860852241516
10,238,8,0.05774436891078949
10,238,9,0.0556543730199337
10,238,10,0.05709950253367424
10,238,11,0.05413996800780296
10,238,12,0.05658603087067604
10,238,13,0.05453795939683914
10,238,14,0.05385653302073479
10,238,15,0.05468462035059929
10,238,16,0.056077178567647934
10,238,17,0.05495228245854378
10,238,18,0.055423859506845474
10,239,1,0.05491641163825989
10,239,2,0.05474238842725754
10,239,3,0.059176187962293625
10,239,4,0.056493889540433884
10,239,5,0.0556316152215004
10,239,6,0.054782502353191376
10,239,7,0.0526452399790287
10,239,8,0.058329906314611435
10,239,9,0.055536624044179916
10,239,10,0.057201702147722244
10,239,11,0.05403202399611473
10,239,12,0.056287385523319244
10,239,13,0.05486280843615532
10,239,14,0.054045211523771286
10,239,15,0.054668933153152466
10,239,16,0.056287385523319244
10,239,17,0.054782502353191376
10,239,18,0.05557731166481972
10,240,1,0.055527135729789734
10,240,2,0.05494726076722145
10,240,3,0.058548200875520706
10,240,4,0.05683004856109619
10,240,5,0.056277766823768616
10,240,6,0.05543231964111328
10,240,7,0.05283581092953682
10,240,8,0.057823725044727325
10,240,9,0.055676452815532684
10,240,10,0.05678844079375267
10,240,11,0.05413501709699631
10,240,12,0.05619538947939873
10,240,13,0.05446643754839897
10,240,14,0.05355006083846092
10,240,15,0.054592911154031754
10,240,16,0.05619538947939873
10,240,17,0.05484004318714142
10,240,18,0.05533766746520996
10,241,1,0.05486980453133583
10,241,2,0.054662562906742096
10,241,3,0.05908267945051193
10,241,4,0.0564873032271862
10,241,5,0.05565229803323746
10,241,6,0.05446939542889595
10,241,7,0.052703406661748886
10,241,8,0.05795406177639961
10,241,9,0.05517878010869026
10,241,10,0.05681925639510155
10,241,11,0.05425041541457176
10,241,12,0.056542497128248215
10,241,13,0.05496365576982498
10,241,14,0.05421731621026993
10,241,15,0.054715968668460846
10,241,16,0.056597739458084106
10,241,17,0.05501735955476761
10,241,18,0.05581558495759964
10,261,1,0.055057343095541
10,261,2,0.05482930690050125
10,261,3,0.05873715877532959
10,261,4,0.05680505558848381
10,261,5,0.05581524968147278
10,261,6,0.05444248765707016
10,261,7,0.052593834698200226
10,261,8,0.05793957784771919
10,261,9,0.055570513010025024
10,261,10,0.057166777551174164
10,261,11,0.053966082632541656
10,261,12,0.055842507630586624
10,261,13,0.055232372134923935
10,261,14,0.05390024930238724
10,261,15,0.05493650212883949
10,261,16,0.056225553154945374
10,261,17,0.05516498163342476
10,261,18,0.05577438697218895
10,262,1,0.0547112300992012
10,262,2,0.05518073961138725
10,262,3,0.058496300131082535
10,262,4,0.056668881326913834
10,262,5,0.05508651211857796
10,262,6,0.05522116646170616
10,262,7,0.05295031890273094
10,262,8,0.05818295478820801
10,262,9,0.05528861656785011
10,262,10,0.05708546191453934
10,262,11,0.05425233766436577
10,262,12,0.056738100945949554
10,262,13,0.05462447553873062
10,262,14,0.05430534482002258
10,262,15,0.054378315806388855
10,262,16,0.05591302737593651
10,262,17,0.05522116646170616
10,262,18,0.05569504573941231
10,263,1,0.05421961098909378
10,263,2,0.0547049306333065
10,263,3,0.05916457623243332
10,263,4,0.056455232203006744
10,263,5,0.055634282529354095
10,263,6,0.055187854915857315
10,263,7,0.0524873360991478
10,263,8,0.057765815407037735
10,263,9,0.055634282529354095
10,263,10,0.0568702407181263
10,263,11,0.05443846434354782
10,263,12,0.056565601378679276
10,263,13,0.054671548306941986
10,263,14,0.05404780060052872
10,263,15,0.055039841681718826
10,263,16,0.05612540990114212
10,263,17,0.05505327880382538
10,263,18,0.05593390017747879
10,274,1,0.054734040051698685
10,274,2,0.05480758473277092
10,274,3,0.05905891954898834
10,274,4,0.05664408206939697
10,274,5,0.056025180965662
10,274,6,0.054540615528821945
10,274,7,0.05266935005784035
10,274,8,0.057860083878040314
10,274,9,0.05534543842077255
10,274,10,0.057158078998327255
10,274,11,0.054294832050800323
10,274,12,0.05636817589402199
10,274,13,0.05480758473277092
10,274,14,0.05391836538910866
10,274,15,0.054734040051698685
10,274,16,0.056409478187561035
10,274,17,0.05510275065898895
10,274,18,0.05552137270569801
10,292,1,0.055082112550735474
10,292,2,0.05505521968007088
10,292,3,0.058620285242795944
10,292,4,0.056802861392498016
10,292,5,0.055216751992702484
10,292,6,0.05420166999101639
10,292,7,0.05265604332089424
10,292,8,0.057880789041519165
10,292,9,0.055378761142492294
10,292,10,0.05720645561814308
10,292,11,0.05405629798769951
10,292,12,0.0562371127307415
10,292,13,0.05525720864534378
10,292,14,0.05393106862902641
10,292,15,0.05470017343759537
10,292,16,0.056402117013931274
10,292,17,0.055338211357593536
10,292,18,0.055976852774620056
10,293,1,0.055244043469429016
10,293,2,0.055082425475120544
10,293,3,0.05879261717200279
10,293,4,0.05629238486289978
10,293,5,0.05611401051282883
10,293,6,0.05379331484436989
10,293,7,0.052553605288267136
10,293,8,0.058150239288806915
10,293,9,0.05517664924263954
10,293,10,0.05673389136791229
10,293,11,0.05400385335087776
10,293,12,0.05655411630868912
10,293,13,0.05547380447387695
10,293,14,0.05385901406407356
10,293,15,0.05444734916090965
10,293,16,0.056900348514318466
10,293,17,0.055042099207639694
10,293,18,0.05578617379069328
10,294,1,0.05432920902967453
10,294,2,0.05467516928911209
10,294,3,0.058600638061761856
10,294,4,0.056286927312612534
10,294,5,0.05548196658492088
10,294,6,0.05527916178107262
10,294,7,0.052754178643226624
10,294,8,0.05766395851969719
10,294,9,0.0555904395878315
10,294,10,0.05728509649634361
10,294,11,0.05419011786580086
10,294,12,0.056040119379758835
10,294,13,0.05527916178107262
10,294,14,0.05411079153418541
10,294,15,0.054902561008930206
10,294,16,0.056218262761831284
10,294,17,0.054942790418863297
10,294,18,0.056369442492723465
11,15,1,0.053987421095371246
11,15,2,0.0568041056394577
11,15,3,0.053176384419202805
11,15,4,0.05285603925585747
11,15,5,0.054023679345846176
11,15,6,0.052978768944740295
11,15,7,0.054789088666439056
11,15,8,0.056173164397478104
11,15,9,0.05997970327734947
11,15,10,0.05654294416308403
11,15,11,0.054076459258794785
11,15,12,0.05435774102807045
11,15,13,0.05704427510499954
11,15,14,0.05326733738183975
11,15,15,0.05499010160565376
11,15,16,0.0569099485874176
11,15,17,0.05761110782623291
11,15,18,0.06043168157339096
11,16,1,0.05372162535786629
11,16,2,0.057574182748794556
11,16,3,0.053092509508132935
11,16,4,0.05360698327422142
11,16,5,0.05390884727239609
11,16,6,0.05277266725897789
11,16,7,0.054669298231601715
11,16,8,0.056096550077199936
11,16,9,0.059939950704574585
11,16,10,0.0562860369682312
11,16,11,0.05405382066965103
11,16,12,0.0544661283493042
11,16,13,0.05731959640979767
11,16,14,0.05305039882659912
11,16,15,0.05476614460349083
11,16,16,0.05682755634188652
11,16,17,0.05745609104633331
11,16,18,0.0603916309773922
11,45,1,0.05402238667011261
11,45,2,0.05654417723417282
11,45,3,0.05291932821273804
11,45,4,0.052581269294023514
11,45,5,0.05398283153772354
11,45,6,0.052796732634305954
11,45,7,0.05474098026752472
11,45,8,0.05606307089328766
11,45,9,0.059810101985931396
11,45,10,0.05654590204358101
11,45,11,0.05408177152276039
11,45,12,0.05448431521654129
11,45,13,0.05720983073115349
11,45,14,0.05343538522720337
11,45,15,0.05535076558589935
11,45,16,0.05692464858293533
11,45,17,0.05773418769240379
11,45,18,0.0607723742723465
11,46,1,0.05438918247818947
11,46,2,0.05631726607680321
11,46,3,0.05290759354829788
11,46,4,0.052701327949762344
11,46,5,0.05390502139925957
11,46,6,0.05251188948750496
11,46,7,0.05447722598910332
11,46,8,0.05617564916610718
11,46,9,0.05943843349814415
11,46,10,0.0563628263771534
11,46,11,0.05403019115328789
11,46,12,0.05470713600516319
11,46,13,0.05712475627660751
11,46,14,0.05324124917387962
11,46,15,0.05574699863791466
11,46,16,0.05664605647325516
11,46,17,0.0574847050011158
11,46,18,0.061832599341869354
11,50,1,0.05422462895512581
11,50,2,0.05660882964730263
11,50,3,0.0529620535671711
11,50,4,0.05303969234228134
11,50,5,0.05392429232597351
11,50,6,0.05300409346818924
11,50,7,0.054904013872146606
11,50,8,0.05609464272856712
11,50,9,0.05998456850647926
11,50,10,0.05655185133218765
11,50,11,0.05401982367038727
11,50,12,0.05436381325125694
11,50,13,0.05723767727613449
11,50,14,0.05323753133416176
11,50,15,0.05492747202515602
11,50,16,0.056765392422676086
11,50,17,0.0576447993516922
11,50,18,0.06050486862659454
11,56,1,0.05398620292544365
11,56,2,0.05720074474811554
11,56,3,0.05302932858467102
11,56,4,0.0526777058839798
11,56,5,0.05394338071346283
11,56,6,0.05289356783032417
11,56,7,0.05481627956032753
11,56,8,0.05599133297801018
11,56,9,0.05971352383494377
11,56,10,0.056543394923210144
11,56,11,0.05403894558548927
11,56,12,0.054298482835292816
11,56,13,0.05711091682314873
11,56,14,0.05338981747627258
11,56,15,0.0551299974322319
11,56,16,0.05678202211856842
11,56,17,0.05783925577998161
11,56,18,0.06061501428484917
11,57,1,0.05406937375664711
11,57,2,0.05768876522779465
11,57,3,0.05323923006653786
11,57,4,0.05262861028313637
11,57,5,0.05437549576163292
11,57,6,0.05273149907588959
11,57,7,0.05451340600848198
11,57,8,0.05583084747195244
11,57,9,0.059565093368291855
11,57,10,0.05693940073251724
11,57,11,0.05382407084107399
11,57,12,0.05413541570305824
11,57,13,0.05702396109700203
11,57,14,0.053122378885746
11,57,15,0.05551907420158386
11,57,16,0.0566992461681366
11,57,17,0.05764641985297203
11,57,18,0.06044773757457733
11,58,1,0.053920697420835495
11,58,2,0.05705228075385094
11,58,3,0.053659696131944656
11,58,4,0.05235271900892258
11,58,5,0.053466808050870895
11,58,6,0.05376787483692169
11,58,7,0.05460793524980545
11,58,8,0.05595668777823448
11,58,9,0.05982336029410362
11,58,10,0.05608063563704491
11,58,11,0.054039303213357925
11,58,12,0.05411852151155472
11,58,13,0.05760974436998367
11,58,14,0.05309607833623886
11,58,15,0.05493554845452309
11,58,16,0.05695008486509323
11,58,17,0.05757920816540718
11,58,18,0.06098279729485512
11,79,1,0.0540139302611351
11,79,2,0.05672629922628403
11,79,3,0.05298861116170883
11,79,4,0.052704762667417526
11,79,5,0.053846053779125214
11,79,6,0.0530630424618721
11,79,7,0.05485112965106964
11,79,8,0.05594833567738533
11,79,9,0.05985003709793091
11,79,10,0.05651290342211723
11,79,11,0.054286591708660126
11,79,12,0.05431808531284332
11,79,13,0.05725807324051857
11,79,14,0.05338139086961746
11,79,15,0.0550389289855957
11,79,16,0.05683720111846924
11,79,17,0.05791511386632919
11,79,18,0.06045950949192047
11,94,1,0.0540192686021328
11,94,2,0.056776076555252075
11,94,3,0.05312662199139595
11,94,4,0.05267459526658058
11,94,5,0.05393361300230026
11,94,6,0.05291304364800453
11,94,7,0.054819732904434204
11,94,8,0.05611974745988846
11,94,9,0.059949181973934174
11,94,10,0.05654177814722061
11,94,11,0.05416783690452576
11,94,12,0.05432344973087311
11,94,13,0.05717511475086212
11,94,14,0.05341599881649017
11,94,15,0.05502421781420708
11,94,16,0.05690356343984604
11,94,17,0.05778147280216217
11,94,18,0.06033461168408394
11,95,1,0.05391810089349747
11,95,2,0.05716782808303833
11,95,3,0.0530821792781353
11,95,4,0.0526273138821125
11,95,5,0.054043304175138474
11,95,6,0.053033601492643356
11,95,7,0.05470705032348633
11,95,8,0.05631459504365921
11,95,9,0.059955719858407974
11,95,10,0.05637994036078453
11,95,11,0.05401691794395447
11,95,12,0.054327718913555145
11,95,13,0.057056281715631485
11,95,14,0.053325723856687546
11,95,15,0.055124349892139435
11,95,16,0.05684034898877144
11,95,17,0.05774705857038498
11,95,18,0.06033198907971382
11,96,1,0.05441678315401077
11,96,2,0.05661041662096977
11,96,3,0.053426191210746765
11,96,4,0.052662141621112823
11,96,5,0.05359929800033569
11,96,6,0.05273289978504181
11,96,7,0.054960865527391434
11,96,8,0.055737853050231934
11,96,9,0.05980346351861954
11,96,10,0.05726482346653938
11,96,11,0.05446995794773102
11,96,12,0.05422614514827728
11,96,13,0.056913554668426514
11,96,14,0.05364184454083443
11,96,15,0.055029675364494324
11,96,16,0.05666140094399452
11,96,17,0.05750584602355957
11,96,18,0.060336917638778687
11,121,1,0.053962159901857376
11,121,2,0.056677982211112976
11,121,3,0.05303160473704338
11,121,4,0.0526156984269619
11,121,5,0.054041262716054916
11,121,6,0.053109344094991684
11,121,7,0.054843731224536896
11,121,8,0.05616316199302673
11,121,9,0.05991322547197342
11,121,10,0.056457873433828354
11,121,11,0.05419651046395302
11,121,12,0.0543704517185688
11,121,13,0.05719315633177757
11,121,14,0.05345731973648071
11,121,15,0.05502479150891304
11,121,16,0.056833863258361816
11,121,17,0.05773954838514328
11,121,18,0.06036838889122009
11,122,1,0.053868893533945084
11,122,2,0.0565066821873188
11,122,3,0.05302402004599571
11,122,4,0.052582498639822006
11,122,5,0.05435604229569435
11,122,6,0.05338447168469429
11,122,7,0.0547773502767086
11,122,8,0.05615084618330002
11,122,9,0.059901006519794464
11,122,10,0.056349977850914
11,122,11,0.05409953370690346
11,122,12,0.05426158010959625
11,122,13,0.05742544308304787
11,122,14,0.053488839417696
11,122,15,0.05493471398949623
11,122,16,0.05683615058660507
11,122,17,0.05773821845650673
11,122,18,0.06031372770667076
11,123,1,0.0550127774477005
11,123,2,0.056484322994947433
11,123,3,0.05302973464131355
11,123,4,0.052453525364398956
11,123,5,0.05425914376974106
11,123,6,0.05272958055138588
11,123,7,0.054898735135793686
11,123,8,0.055862054228782654
11,123,9,0.0595611035823822
11,123,10,0.056510187685489655
11,123,11,0.05405255779623985
11,123,12,0.05452306196093559
11,123,13,0.057744350284338
11,123,14,0.05336090549826622
11,123,15,0.05494566634297371
11,123,16,0.05663881078362465
11,123,17,0.057662904262542725
11,123,18,0.06027054786682129
11,127,1,0.05411994084715843
11,127,2,0.05642975494265556
11,127,3,0.05294052138924599
11,127,4,0.05272447317838669
11,127,5,0.05392540246248245
11,127,6,0.052934061735868454
11,127,7,0.054881688207387924
11,127,8,0.05613689869642258
11,127,9,0.0597866028547287
11,127,10,0.05655992031097412
11,127,11,0.054199278354644775
11,127,12,0.054301921278238297
11,127,13,0.05719127878546715
11,127,14,0.05351554974913597
11,127,15,0.05510994419455528
11,127,16,0.05704355239868164
11,127,17,0.05771155655384064
11,127,18,0.06048765406012535
11,144,1,0.053930558264255524
11,144,2,0.056754667311906815
11,144,3,0.05286485701799393
11,144,4,0.05276170372962952
11,144,5,0.053937144577503204
11,144,6,0.05291004851460457
11,144,7,0.05482332408428192
11,144,8,0.056157685816287994
11,144,9,0.05996408686041832
11,144,10,0.0565497949719429
11,144,11,0.05434856563806534
11,144,12,0.05430048704147339
11,144,13,0.05726879462599754
11,144,14,0.05342601612210274
11,144,15,0.05508998781442642
11,144,16,0.05700332298874855
11,144,17,0.05759984627366066
11,144,18,0.06030910834670067
11,175,1,0.05410812050104141
11,175,2,0.05666849762201309
11,175,3,0.053184788674116135
11,175,4,0.05264221876859665
11,175,5,0.053907040506601334
11,175,6,0.05313935875892639
11,175,7,0.05488142743706703
11,175,8,0.05603478476405144
11,175,9,0.05988491699099541
11,175,10,0.056657254695892334
11,175,11,0.05412463843822479
11,175,12,0.054167602211236954
11,175,13,0.05716962367296219
11,175,14,0.05325624719262123
11,175,15,0.054982010275125504
11,175,16,0.05686772242188454
11,175,17,0.057756874710321426
11,175,18,0.06056679040193558
11,176,1,0.05399000644683838
11,176,2,0.05656636133790016
11,176,3,0.05308488383889198
11,176,4,0.05262036249041557
11,176,5,0.05404605343937874
11,176,6,0.053858350962400436
11,176,7,0.0547298789024353
11,176,8,0.05591673031449318
11,176,9,0.05969768762588501
11,176,10,0.05644479766488075
11,176,11,0.05394718423485756
11,176,12,0.054216206073760986
11,176,13,0.05701263248920441
11,176,14,0.05371718853712082
11,176,15,0.05484356731176376
11,176,16,0.05666225403547287
11,176,17,0.05811714753508568
11,176,18,0.0605287104845047
11,177,1,0.05420968681573868
11,177,2,0.056494008749723434
11,177,3,0.053462158888578415
11,177,4,0.05271046236157417
11,177,5,0.053927529603242874
11,177,6,0.05311739072203636
11,177,7,0.0547049306333065
11,177,8,0.05589209496974945
11,177,9,0.05984371900558472
11,177,10,0.05666452273726463
11,177,11,0.05415346845984459
11,177,12,0.05441853776574135
11,177,13,0.056976646184921265
11,177,14,0.05287156626582146
11,177,15,0.05479348450899124
11,177,16,0.057419028133153915
11,177,17,0.05757514014840126
11,177,18,0.06076572462916374
11,199,1,0.0540459081530571
11,199,2,0.05645756050944328
11,199,3,0.05312039330601692
11,199,4,0.05270379036664963
11,199,5,0.053818777203559875
11,199,6,0.052835844457149506
11,199,7,0.054880257695913315
11,199,8,0.05598658695816994
11,199,9,0.06009784713387489
11,199,10,0.056720055639743805
11,199,11,0.05412844195961952
11,199,12,0.054405003786087036
11,199,13,0.0572391115128994
11,199,14,0.053429294377565384
11,199,15,0.055073197931051254
11,199,16,0.0568699836730957
11,199,17,0.05768897011876106
11,199,18,0.06049899756908417
11,200,1,0.05390264838933945
11,200,2,0.05627011880278587
11,200,3,0.052921414375305176
11,200,4,0.052551258355379105
11,200,5,0.053771212697029114
11,200,6,0.05249035358428955
11,200,7,0.05460298806428909
11,200,8,0.05601055920124054
11,200,9,0.05998795107007027
11,200,10,0.05646967142820358
11,200,11,0.054156575351953506
11,200,12,0.05424589663743973
11,200,13,0.05740123987197876
11,200,14,0.05428232625126839
11,200,15,0.05526518076658249
11,200,16,0.05687914043664932
11,200,17,0.05804259702563286
11,200,18,0.060748811811208725
11,201,1,0.053976379334926605
11,201,2,0.05652793124318123
11,201,3,0.05309091880917549
11,201,4,0.05256214737892151
11,201,5,0.053749535232782364
11,201,6,0.05310388654470444
11,201,7,0.05482805520296097
11,201,8,0.05674527585506439
11,201,9,0.060152553021907806
11,201,10,0.056837569922208786
11,201,11,0.05426210165023804
11,201,12,0.05421740934252739
11,201,13,0.0570635050535202
11,201,14,0.05337684229016304
11,201,15,0.05491513013839722
11,201,16,0.056673020124435425
11,201,17,0.057588715106248856
11,201,18,0.06032903864979744
11,202,1,0.05410568416118622
11,202,2,0.05652863159775734
11,202,3,0.0529588907957077
11,202,4,0.05272345244884491
11,202,5,0.05395069345831871
11,202,6,0.052897509187459946
11,202,7,0.054865557700395584
11,202,8,0.05612724646925926
11,202,9,0.0598493367433548
11,202,10,0.056510522961616516
11,202,11,0.054178386926651
11,202,12,0.054363884031772614
11,202,13,0.05723513290286064
11,202,14,0.053377509117126465
11,202,15,0.05503157153725624
11,202,16,0.05692506581544876
11,202,17,0.05795631930232048
11,202,18,0.06041453778743744
11,208,1,0.054009102284908295
11,208,2,0.05679137259721756
11,208,3,0.053016215562820435
11,208,4,0.0527418814599514
11,208,5,0.05393332988023758
11,208,6,0.052945077419281006
11,208,7,0.054891437292099
11,208,8,0.05609891191124916
11,208,9,0.05979904159903526
11,208,10,0.05656392127275467
11,208,11,0.05409817397594452
11,208,12,0.05433311685919762
11,208,13,0.05732988193631172
11,208,14,0.05338964983820915
11,208,15,0.055099550634622574
11,208,16,0.05684252455830574
11,208,17,0.0576663464307785
11,208,18,0.06045041233301163
11,226,1,0.054060328751802444
11,226,2,0.056541603058576584
11,226,3,0.05296942964196205
11,226,4,0.05285639688372612
11,226,5,0.05391205847263336
11,226,6,0.0527532622218132
11,226,7,0.05494518205523491
11,226,8,0.05614012852311134
11,226,9,0.059879519045352936
11,226,10,0.05650279298424721
11,226,11,0.054083433002233505
11,226,12,0.05455920472741127
11,226,13,0.05728933960199356
11,226,14,0.05343050882220268
11,226,15,0.055049240589141846
11,226,16,0.056931618601083755
11,226,17,0.057754211127758026
11,226,18,0.06034179404377937
11,227,1,0.05395288020372391
11,227,2,0.0563947930932045
11,227,3,0.052870601415634155
11,227,4,0.05305161327123642
11,227,5,0.053887058049440384
11,227,6,0.05289319157600403
11,227,7,0.054949890822172165
11,227,8,0.05607644096016884
11,227,9,0.059753209352493286
11,227,10,0.05629763379693031
11,227,11,0.05398581922054291
11,227,12,0.05476071685552597
11,227,13,0.05741633102297783
11,227,14,0.05339595675468445
11,227,15,0.05499686300754547
11,227,16,0.05721605196595192
11,227,17,0.057941533625125885
11,227,18,0.06015940383076668
11,244,1,0.053893715143203735
11,244,2,0.05650598555803299
11,244,3,0.053122974932193756
11,244,4,0.05283518508076668
11,244,5,0.05380826070904732
11,244,6,0.052883580327034
11,244,7,0.054909732192754745
11,244,8,0.056050002574920654
11,244,9,0.05986645445227623
11,244,10,0.056445661932229996
11,244,11,0.05415751412510872
11,244,12,0.05448075756430626
11,244,13,0.05718471109867096
11,244,14,0.05356249958276749
11,244,15,0.055138103663921356
11,244,16,0.05683544650673866
11,244,17,0.05786546319723129
11,244,18,0.060453955084085464
11,245,1,0.05443153530359268
11,245,2,0.05649198591709137
11,245,3,0.05294071510434151
11,245,4,0.05303126573562622
11,245,5,0.05360400676727295
11,245,6,0.05338199436664581
11,245,7,0.054647911339998245
11,245,8,0.05571213737130165
11,245,9,0.05954646319150925
11,245,10,0.0562623031437397
11,245,11,0.053889404982328415
11,245,12,0.05450800061225891
11,245,13,0.05806686729192734
11,245,14,0.05338199436664581
11,245,15,0.054907020181417465
11,245,16,0.05704789608716965
11,245,17,0.05754782631993294
11,245,18,0.060600582510232925
11,252,1,0.05386446788907051
11,252,2,0.05649600178003311
11,252,3,0.05290006473660469
11,252,4,0.05269061401486397
11,252,5,0.05385131388902664
11,252,6,0.05288069695234299
11,252,7,0.0547795370221138
11,252,8,0.05612567812204361
11,252,9,0.05978468433022499
11,252,10,0.05645033344626427
11,252,11,0.05418100208044052
11,252,12,0.05429686978459358
11,252,13,0.05750412866473198
11,252,14,0.05358246713876724
11,252,15,0.05505102872848511
11,252,16,0.0570182278752327
11,252,17,0.05802028998732567
11,252,18,0.060522645711898804
11,253,1,0.05364497750997543
11,253,2,0.056407634168863297
11,253,3,0.05279717966914177
11,253,4,0.05296177789568901
11,253,5,0.05379251763224602
11,253,6,0.05331855267286301
11,253,7,0.05462462082505226
11,253,8,0.05649721622467041
11,253,9,0.059652019292116165
11,253,10,0.056309595704078674
11,253,11,0.05404262617230415
11,253,12,0.054224345833063126
11,253,13,0.05733068659901619
11,253,14,0.054055821150541306
11,253,15,0.05503625422716141
11,253,16,0.056831397116184235
11,253,17,0.05802352353930473
11,253,18,0.06044918671250343
11,254,1,0.0538061298429966
11,254,2,0.05635823309421539
11,254,3,0.05302693694829941
11,254,4,0.052415549755096436
11,254,5,0.05505521968007088
11,254,6,0.05287826433777809
11,254,7,0.054805438965559006
11,254,8,0.055825017392635345
11,254,9,0.059665292501449585
11,254,10,0.05627058446407318
11,254,11,0.05430265888571739
11,254,12,0.054447025060653687
11,254,13,0.057416219264268875
11,254,14,0.05349504575133324
11,254,15,0.054989732801914215
11,254,16,0.056982554495334625
11,254,17,0.057801131159067154
11,254,18,0.060458943247795105
11,267,1,0.05392354354262352
11,267,2,0.05662878230214119
11,267,3,0.05293869972229004
11,267,4,0.05256521329283714
11,267,5,0.05380190536379814
11,267,6,0.053006596863269806
11,267,7,0.054752662777900696
11,267,8,0.056096434593200684
11,267,9,0.05986852943897247
11,267,10,0.056517429649829865
11,267,11,0.054391272366046906
11,267,12,0.05424043536186218
11,267,13,0.057386428117752075
11,267,14,0.05346473306417465
11,267,15,0.055067695677280426
11,267,16,0.05682960897684097
11,267,17,0.057877346873283386
11,267,18,0.06064267456531525
11,280,1,0.05411482974886894
11,280,2,0.056501101702451706
11,280,3,0.052993711084127426
11,280,4,0.05267446115612984
11,280,5,0.05390056595206261
11,280,6,0.0529775395989418
11,280,7,0.055014003068208694
11,280,8,0.05607423558831215
11,280,9,0.05983753874897957
11,280,10,0.05667465552687645
11,280,11,0.05413465201854706
11,280,12,0.0544394850730896
11,280,13,0.05728456377983093
11,280,14,0.0532401017844677
11,280,15,0.055044230073690414
11,280,16,0.05693512409925461
11,280,17,0.05769389122724533
11,280,18,0.06046533212065697
11,281,1,0.05392284691333771
11,281,2,0.056350503116846085
11,281,3,0.05299296975135803
11,281,4,0.05286375433206558
11,281,5,0.053784795105457306
11,281,6,0.053138721734285355
11,281,7,0.054890815168619156
11,281,8,0.055942703038454056
11,281,9,0.06014610826969147
11,281,10,0.05682713910937309
11,281,11,0.054120682179927826
11,281,12,0.05434908717870712
11,281,13,0.05718463659286499
11,281,14,0.05334018915891647
11,281,15,0.0550350658595562
11,281,16,0.056933462619781494
11,281,17,0.057807806879282
11,281,18,0.060368612408638
11,283,1,0.054047565907239914
11,283,2,0.05667853355407715
11,283,3,0.053238868713378906
11,283,4,0.05270218476653099
11,283,5,0.05402447655797005
11,283,6,0.05280200019478798
11,283,7,0.0547364167869091
11,283,8,0.05612516403198242
11,283,9,0.0597795695066452
11,283,10,0.056408483535051346
11,283,11,0.05418960005044937
11,283,12,0.05422930046916008
11,283,13,0.05720070004463196
11,283,14,0.05348639935255051
11,283,15,0.0550076961517334
11,283,16,0.05678674578666687
11,283,17,0.05802949145436287
11,283,18,0.06052670255303383
11,284,1,0.05432470515370369
11,284,2,0.056594010442495346
11,284,3,0.053551070392131805
11,284,4,0.05266616865992546
11,284,5,0.054040297865867615
11,284,6,0.05260833725333214
11,284,7,0.05456728860735893
11,284,8,0.05640606954693794
11,284,9,0.05954395979642868
11,284,10,0.056262511759996414
11,284,11,0.05471903830766678
11,284,12,0.054218702018260956
11,284,13,0.05714895948767662
11,284,14,0.05324796214699745
11,284,15,0.05475078150629997
11,284,16,0.0565672442317009
11,284,17,0.05793653801083565
11,284,18,0.06084635108709335
11,285,1,0.05380985140800476
11,285,2,0.056522320955991745
11,285,3,0.05289806053042412
11,285,4,0.052547305822372437
11,285,5,0.05385914072394371
11,285,6,0.052888378500938416
11,285,7,0.054854411631822586
11,285,8,0.056041400879621506
11,285,9,0.06010071188211441
11,285,10,0.05654733628034592
11,285,11,0.05388544127345085
11,285,12,0.05407324060797691
11,285,13,0.05811931937932968
11,285,14,0.05347915366292
11,285,15,0.05516498163342476
11,285,16,0.05689700320363045
11,285,17,0.05791902169585228
11,285,18,0.06039305031299591
11,289,1,0.05410388112068176
11,289,2,0.05654658377170563
11,289,3,0.05302180349826813
11,289,4,0.05286024510860443
11,289,5,0.05395877733826637
11,289,6,0.05312222242355347
11,289,7,0.054820213466882706
11,289,8,0.05605348199605942
11,289,9,0.05973603576421738
11,289,10,0.056609611958265305
11,289,11,0.05433553084731102
11,289,12,0.054299063980579376
11,289,13,0.05723103880882263
11,289,14,0.05336921289563179
11,289,15,0.05501294508576393
11,289,16,0.056862831115722656
11,289,17,0.05765136703848839
11,289,18,0.060405150055885315
11,290,1,0.05410581827163696
11,290,2,0.056280896067619324
11,290,3,0.05288311094045639
11,290,4,0.05293478071689606
11,290,5,0.05379464104771614
11,290,6,0.05383405461907387
11,290,7,0.0545102059841156
11,290,8,0.05569399148225784
11,290,9,0.05941092222929001
11,290,10,0.05634791776537895
11,290,11,0.054795414209365845
11,290,12,0.05400518700480461
11,290,13,0.05763814225792885
11,290,14,0.053640540689229965
11,290,15,0.054951149970293045
11,290,16,0.05681543052196503
11,290,17,0.0576585978269577
11,290,18,0.060699284076690674
11,291,1,0.05389958992600441
11,291,2,0.056772299110889435
11,291,3,0.05298303812742233
11,291,4,0.05288611352443695
11,291,5,0.05414027348160744
11,291,6,0.05321639031171799
11,291,7,0.05509364604949951
11,291,8,0.0560920424759388
11,291,9,0.05962317809462547
11,291,10,0.05717436224222183
11,291,11,0.05402803793549538
11,291,12,0.05437706038355827
11,291,13,0.05694885551929474
11,291,14,0.05346708372235298
11,291,15,0.054860442876815796
11,291,16,0.05681996047496796
11,291,17,0.057457178831100464
11,291,18,0.06016053631901741
11,295,1,0.05410495400428772
11,295,2,0.056640107184648514
11,295,3,0.05314597859978676
11,295,4,0.05273239687085152
11,295,5,0.0541214682161808
11,295,6,0.052938781678676605
11,295,7,0.054829664528369904
11,295,8,0.056071702390909195
11,295,9,0.05986678972840309
11,295,10,0.056585684418678284
11,295,11,0.054217349737882614
11,295,12,0.05443785712122917
11,295,13,0.05720161646604538
11,295,14,0.05323687568306923
11,295,15,0.055047620087862015
11,295,16,0.056852247565984726
11,295,17,0.057588379830121994
11,295,18,0.060380544513463974
11,296,1,0.053908124566078186
11,296,2,0.05705791711807251
11,296,3,0.05280095338821411
11,296,4,0.05248607322573662
11,296,5,0.05400692671537399
11,296,6,0.05305292457342148
11,296,7,0.05498982593417168
11,296,8,0.05664024129509926
11,296,9,0.059365708380937576
11,296,10,0.05659100040793419
11,296,11,0.05418522283434868
11,296,12,0.05479215830564499
11,296,13,0.05704834312200546
11,296,14,0.053452711552381516
11,296,15,0.05468524619936943
11,296,16,0.05670509859919548
11,296,17,0.0574098639190197
11,296,18,0.060821764171123505
12,3,1,0.04969342052936554
12,3,2,0.05680711939930916
12,3,3,0.05284351482987404
12,3,4,0.046296749264001846
12,3,5,0.050015971064567566
12,3,6,0.05743991583585739
12,3,7,0.05902126058936119
12,3,8,0.05654076486825943
12,3,9,0.06260593235492706
12,3,10,0.06515751034021378
12,3,11,0.05324496701359749
12,3,12,0.06472547352313995
12,3,13,0.05381016433238983
12,3,14,0.04977841675281525
12,3,15,0.052762944251298904
12,3,16,0.05913351848721504
12,3,17,0.05369533598423004
12,3,18,0.0564269982278347
12,4,1,0.059944815933704376
12,4,2,0.054241638630628586
12,4,3,0.059098027646541595
12,4,4,0.047588422894477844
12,4,5,0.04689640551805496
12,4,6,0.06116631254553795
12,4,7,0.0492551214993
12,4,8,0.05592760071158409
12,4,9,0.06112339720129967
12,4,10,0.06274116039276123
12,4,11,0.057016752660274506
12,4,12,0.06509729474782944
12,4,13,0.05028180405497551
12,4,14,0.04863376542925835
12,4,15,0.04633307829499245
12,4,16,0.06131956726312637
12,4,17,0.05546528100967407
12,4,18,0.05786958336830139
12,5,1,0.05367935448884964
12,5,2,0.05826660618185997
12,5,3,0.05062754079699516
12,5,4,0.045565418899059296
12,5,5,0.05242307484149933
12,5,6,0.06335019320249557
12,5,7,0.05970573052763939
12,5,8,0.054325368255376816
12,5,9,0.061121609061956406
12,5,10,0.06342756748199463
12,5,11,0.05288585647940636
12,5,12,0.06521768122911453
12,5,13,0.05213271453976631
12,5,14,0.05134953558444977
12,5,15,0.050782281905412674
12,5,16,0.05624689906835556
12,5,17,0.05372852459549904
12,5,18,0.05516403540968895
12,11,1,0.05486767366528511
12,11,2,0.05664738267660141
12,11,3,0.05270940065383911
12,11,4,0.04671504348516464
12,11,5,0.04855817183852196
12,11,6,0.06104142591357231
12,11,7,0.05786654353141785
12,11,8,0.057093407958745956
12,11,9,0.06241084262728691
12,11,10,0.06360295414924622
12,11,11,0.05368342623114586
12,11,12,0.06339367479085922
12,11,13,0.05266759172081947
12,11,14,0.04923862963914871
12,11,15,0.0520571731030941
12,11,16,0.05867923051118851
12,11,17,0.053028855472803116
12,11,18,0.05573851615190506
12,12,1,0.059014175087213516
12,12,2,0.0587356835603714
12,12,3,0.05493428558111191
12,12,4,0.048025794327259064
12,12,5,0.052781444042921066
12,12,6,0.060377251356840134
12,12,7,0.05332218483090401
12,12,8,0.05459335073828697
12,12,9,0.05967412143945694
12,12,10,0.06544345617294312
12,12,11,0.054013337939977646
12,12,12,0.06485891342163086
12,12,13,0.05189024657011032
12,12,14,0.04872258007526398
12,12,15,0.047780197113752365
12,12,16,0.06125650927424431
12,12,17,0.05204884707927704
12,12,18,0.05252755433320999
12,13,1,0.05032362416386604
12,13,2,0.05725343897938728
12,13,3,0.055608056485652924
12,13,4,0.04728621616959572
12,13,5,0.050495926290750504
12,13,6,0.06272823363542557
12,13,7,0.061333127319812775
12,13,8,0.05495685338973999
12,13,9,0.06243792921304703
12,13,10,0.06284702569246292
12,13,11,0.0517754964530468
12,13,12,0.06503225117921829
12,13,13,0.05313612520694733
12,13,14,0.04900210723280907
12,13,15,0.05166185647249222
12,13,16,0.05556734651327133
12,13,17,0.051889386028051376
12,13,18,0.05666504427790642
12,29,1,0.05534786358475685
12,29,2,0.05772064998745918
12,29,3,0.05405253544449806
12,29,4,0.04664741829037666
12,29,5,0.0497833713889122
12,29,6,0.06129629164934158
12,29,7,0.0571318119764328
12,29,8,0.05563066527247429
12,29,9,0.06226726993918419
12,29,10,0.06442053616046906
12,29,11,0.053795814514160156
12,29,12,0.064110666513443
12,29,13,0.051369935274124146
12,29,14,0.04929957166314125
12,29,15,0.05005759745836258
12,29,16,0.058318670839071274
12,29,17,0.053406503051519394
12,29,18,0.05534280091524124
12,30,1,0.05415430665016174
12,30,2,0.05606122314929962
12,30,3,0.05322043597698212
12,30,4,0.04922686517238617
12,30,5,0.0530647449195385
12,30,6,0.059038616716861725
12,30,7,0.05898869410157204
12,30,8,0.05565382167696953
12,30,9,0.06050851568579674
12,30,10,0.06438051909208298
12,30,11,0.052481744438409805
12,30,12,0.06577464938163757
12,30,13,0.05154524743556976
12,30,14,0.04803372919559479
12,30,15,0.051181599497795105
12,30,16,0.057452891021966934
12,30,17,0.053246431052684784
12,30,18,0.05598599836230278
12,31,1,0.05759391933679581
12,31,2,0.061143986880779266
12,31,3,0.049626339226961136
12,31,4,0.044149357825517654
12,31,5,0.04459350183606148
12,31,6,0.057329125702381134
12,31,7,0.05469382554292679
12,31,8,0.05996501073241234
12,31,9,0.06322559714317322
12,31,10,0.06261499226093292
12,31,11,0.054341111332178116
12,31,12,0.06318315863609314
12,31,13,0.05364249646663666
12,31,14,0.04895844683051109
12,31,15,0.05527777224779129
12,31,16,0.0603661984205246
12,31,17,0.054165612906217575
12,31,18,0.0551295205950737
12,32,1,0.05453050881624222
12,32,2,0.0547773540019989
12,32,3,0.05294964462518692
12,32,4,0.04669368639588356
12,32,5,0.047562357038259506
12,32,6,0.0642271563410759
12,32,7,0.05924290791153908
12,32,8,0.056100327521562576
12,32,9,0.06519678980112076
12,32,10,0.06371178478002548
12,32,11,0.056512728333473206
12,32,12,0.06510930508375168
12,32,13,0.05004611983895302
12,32,14,0.05010112747550011
12,32,15,0.04720950871706009
12,32,16,0.05924200639128685
12,32,17,0.05389521270990372
12,32,18,0.052891504019498825
12,53,1,0.055443450808525085
12,53,2,0.05641460418701172
12,53,3,0.053827907890081406
12,53,4,0.04755808413028717
12,53,5,0.04909170791506767
12,53,6,0.06301192194223404
12,53,7,0.057343240827322006
12,53,8,0.056702855974435806
12,53,9,0.06257881969213486
12,53,10,0.0638403445482254
12,53,11,0.05327552929520607
12,53,12,0.06313510984182358
12,53,13,0.05165532976388931
12,53,14,0.049181677401065826
12,53,15,0.051548246294260025
12,53,16,0.059041764587163925
12,53,17,0.052597034722566605
12,53,18,0.05375239998102188
12,54,1,0.05492951348423958
12,54,2,0.05759463459253311
12,54,3,0.054802265018224716
12,54,4,0.0479542575776577
12,54,5,0.049645889550447464
12,54,6,0.053006064146757126
12,54,7,0.05755598098039627
12,54,8,0.05558209866285324
12,54,9,0.060308024287223816
12,54,10,0.06352907419204712
12,54,11,0.05213652551174164
12,54,12,0.06401952356100082
12,54,13,0.054922815412282944
12,54,14,0.05015144869685173
12,54,15,0.049404069781303406
12,54,16,0.05790657922625542
12,54,17,0.05463194102048874
12,54,18,0.06191932410001755
12,59,1,0.05620734021067619
12,59,2,0.05706895515322685
12,59,3,0.053139761090278625
12,59,4,0.047053366899490356
12,59,5,0.04860629886388779
12,59,6,0.06117469072341919
12,59,7,0.05740170180797577
12,59,8,0.056442826986312866
12,59,9,0.06150790676474571
12,59,10,0.06355340033769608
12,59,11,0.05350100249052048
12,59,12,0.06377878040075302
12,59,13,0.051351018249988556
12,59,14,0.04949242249131203
12,59,15,0.05187394097447395
12,59,16,0.059297069907188416
12,59,17,0.05283575877547264
12,59,18,0.05571379140019417
12,60,1,0.05548544600605965
12,60,2,0.058635223656892776
12,60,3,0.05446542799472809
12,60,4,0.04693780839443207
12,60,5,0.05053549259901047
12,60,6,0.06038808077573776
12,60,7,0.055670324712991714
12,60,8,0.05647112429141998
12,60,9,0.06190604716539383
12,60,10,0.06338184326887131
12,60,11,0.05407126247882843
12,60,12,0.06335476785898209
12,60,13,0.0532752200961113
12,60,14,0.04822719469666481
12,60,15,0.05149449035525322
12,60,16,0.059934601187705994
12,60,17,0.05124366283416748
12,60,18,0.054521966725587845
12,62,1,0.0566522590816021
12,62,2,0.05778813734650612
12,62,3,0.054568469524383545
12,62,4,0.04661225527524948
12,62,5,0.05046142265200615
12,62,6,0.06197965145111084
12,62,7,0.05764634534716606
12,62,8,0.05543794855475426
12,62,9,0.06142229586839676
12,62,10,0.0634746253490448
12,62,11,0.053676579147577286
12,62,12,0.06459631770849228
12,62,13,0.05077655613422394
12,62,14,0.04917829483747482
12,62,15,0.04980052262544632
12,62,16,0.05787108838558197
12,62,17,0.053834062069654465
12,62,18,0.054223183542490005
12,63,1,0.055708762258291245
12,63,2,0.05792839452624321
12,63,3,0.05250150337815285
12,63,4,0.04990502446889877
12,63,5,0.04895171523094177
12,63,6,0.05653426796197891
12,63,7,0.05094524845480919
12,63,8,0.05422431230545044
12,63,9,0.06194500997662544
12,63,10,0.06610937416553497
12,63,11,0.05542049556970596
12,63,12,0.06171480938792229
12,63,13,0.05598144605755806
12,63,14,0.04978940635919571
12,63,15,0.052466269582509995
12,63,16,0.06024472415447235
12,63,17,0.05090794712305069
12,63,18,0.05872133746743202
12,73,1,0.05507848784327507
12,73,2,0.057062339037656784
12,73,3,0.05398022010922432
12,73,4,0.047180190682411194
12,73,5,0.04999062046408653
12,73,6,0.06120308116078377
12,73,7,0.057651348412036896
12,73,8,0.055596936494112015
12,73,9,0.061735834926366806
12,73,10,0.06452704966068268
12,73,11,0.05304935202002525
12,73,12,0.06440506875514984
12,73,13,0.052109088748693466
12,73,14,0.048346228897571564
12,73,15,0.05132000148296356
12,73,16,0.05780020356178284
12,73,17,0.0532277375459671
12,73,18,0.055736243724823
12,74,1,0.05869006738066673
12,74,2,0.06075276434421539
12,74,3,0.05530441552400589
12,74,4,0.042207129299640656
12,74,5,0.050373684614896774
12,74,6,0.060789160430431366
12,74,7,0.056709300726652145
12,74,8,0.0577554814517498
12,74,9,0.06032552570104599
12,74,10,0.06027492135763168
12,74,11,0.054460301995277405
12,74,12,0.06703639030456543
12,74,13,0.05052148178219795
12,74,14,0.050466012209653854
12,74,15,0.05018342286348343
12,74,16,0.05869365110993385
12,74,17,0.05089287459850311
12,74,18,0.05456343665719032
12,75,1,0.05332508310675621
12,75,2,0.05410865321755409
12,75,3,0.05373675376176834
12,75,4,0.04898763447999954
12,75,5,0.04922741651535034
12,75,6,0.05431379750370979
12,75,7,0.057432934641838074
12,75,8,0.05484345927834511
12,75,9,0.06195642054080963
12,75,10,0.062198907136917114
12,75,11,0.05326978117227554
12,75,12,0.06723663955926895
12,75,13,0.05464299023151398
12,75,14,0.05129475146532059
12,75,15,0.04778279364109039
12,75,16,0.06169227138161659
12,75,17,0.05671403929591179
12,75,18,0.057235654443502426
12,76,1,0.055439628660678864
12,76,2,0.05811087414622307
12,76,3,0.05400354042649269
12,76,4,0.04598351567983627
12,76,5,0.050122231245040894
12,76,6,0.059691473841667175
12,76,7,0.05617879331111908
12,76,8,0.055041778832674026
12,76,9,0.06196450814604759
12,76,10,0.06377557665109634
12,76,11,0.0541553720831871
12,76,12,0.06489070504903793
12,76,13,0.05189033970236778
12,76,14,0.04942352697253227
12,76,15,0.052137963473796844
12,76,16,0.05823425576090813
12,76,17,0.05293639004230499
12,76,18,0.05601957440376282
12,77,1,0.058227717876434326
12,77,2,0.05611979588866234
12,77,3,0.057026173919439316
12,77,4,0.05062579736113548
12,77,5,0.04920616373419762
12,77,6,0.06419652700424194
12,77,7,0.060137972235679626
12,77,8,0.057973720133304596
12,77,9,0.060321781784296036
12,77,10,0.06217774376273155
12,77,11,0.051379118114709854
12,77,12,0.06236398220062256
12,77,13,0.04893660545349121
12,77,14,0.0482838936150074
12,77,15,0.047628253698349
12,77,16,0.05678131803870201
12,77,17,0.05337041988968849
12,77,18,0.05524299666285515
12,91,1,0.05437750741839409
12,91,2,0.05884288623929024
12,91,3,0.05388193577528
12,91,4,0.04709716886281967
12,91,5,0.04882407560944557
12,91,6,0.05959911271929741
12,91,7,0.057532332837581635
12,91,8,0.056943681091070175
12,91,9,0.0614037960767746
12,91,10,0.06409583240747452
12,91,11,0.054106034338474274
12,91,12,0.06359703093767166
12,91,13,0.05236141011118889
12,91,14,0.048746656626462936
12,91,15,0.05159368738532066
12,91,16,0.05843610316514969
12,91,17,0.05377352237701416
12,91,18,0.054787274450063705
12,109,1,0.05541633069515228
12,109,2,0.05693776533007622
12,109,3,0.05325922742486
12,109,4,0.04613142088055611
12,109,5,0.050117991864681244
12,109,6,0.060473211109638214
12,109,7,0.05696557089686394
12,109,8,0.05588507279753685
12,109,9,0.062027376145124435
12,109,10,0.06333187967538834
12,109,11,0.05322997644543648
12,109,12,0.06475860625505447
12,109,13,0.052709467709064484
12,109,14,0.04934700205922127
12,109,15,0.05143192037940025
12,109,16,0.05833315849304199
12,109,17,0.0533275306224823
12,109,18,0.05631650984287262
12,112,1,0.05538627877831459
12,112,2,0.056977253407239914
12,112,3,0.05361345410346985
12,112,4,0.047057390213012695
12,112,5,0.04964793473482132
12,112,6,0.061908651143312454
12,112,7,0.05638911575078964
12,112,8,0.05658735707402229
12,112,9,0.06181802600622177
12,112,10,0.06392454355955124
12,112,11,0.05362654849886894
12,112,12,0.06328786909580231
12,112,13,0.052186425775289536
12,112,14,0.04913545399904251
12,112,15,0.051080312579870224
12,112,16,0.05989963561296463
12,112,17,0.05324820429086685
12,112,18,0.05422557145357132
12,113,1,0.0542113222181797
12,113,2,0.05712330341339111
12,113,3,0.05618022382259369
12,113,4,0.04935695603489876
12,113,5,0.05396043509244919
12,113,6,0.05855780467391014
12,113,7,0.05728478729724884
12,113,8,0.05631755664944649
12,113,9,0.06187916174530983
12,113,10,0.06514435261487961
12,113,11,0.051291801035404205
12,113,12,0.063689686357975
12,113,13,0.05125424638390541
12,113,14,0.04712549224495888
12,113,15,0.05216635391116142
12,113,16,0.052290674299001694
12,113,17,0.052662208676338196
12,113,18,0.05950361490249634
12,114,1,0.05683170258998871
12,114,2,0.059147488325834274
12,114,3,0.05055178701877594
12,114,4,0.04652503505349159
12,114,5,0.04593250900506973
12,114,6,0.06424760073423386
12,114,7,0.05765184387564659
12,114,8,0.057041946798563004
12,114,9,0.06279762834310532
12,114,10,0.06509625166654587
12,114,11,0.05396997928619385
12,114,12,0.06312811374664307
12,114,13,0.049834929406642914
12,114,14,0.049501463770866394
12,114,15,0.05191826447844505
12,114,16,0.06182780861854553
12,114,17,0.05139802768826485
12,114,18,0.052597638219594955
12,124,1,0.05614422261714935
12,124,2,0.057342492043972015
12,124,3,0.05411378666758537
12,124,4,0.04731425642967224
12,124,5,0.05077318474650383
12,124,6,0.06184517219662666
12,124,7,0.05690493434667587
12,124,8,0.05582132562994957
12,124,9,0.062248483300209045
12,124,10,0.06404635310173035
12,124,11,0.0528118722140789
12,124,12,0.06334657222032547
12,124,13,0.05058141052722931
12,124,14,0.04913902282714844
12,124,15,0.051202647387981415
12,124,16,0.05829040706157684
12,124,17,0.05305417999625206
12,124,18,0.05501966178417206
12,125,1,0.05510817840695381
12,125,2,0.05752059072256088
12,125,3,0.05489166080951691
12,125,4,0.04687974229454994
12,125,5,0.04879484325647354
12,125,6,0.06056883931159973
12,125,7,0.05705217644572258
12,125,8,0.05704868957400322
12,125,9,0.06225357577204704
12,125,10,0.06454803794622421
12,125,11,0.05516539141535759
12,125,12,0.064634770154953
12,125,13,0.054727744311094284
12,125,14,0.0469198152422905
12,125,15,0.0492977574467659
12,125,16,0.060194771736860275
12,125,17,0.05054696649312973
12,125,18,0.05384638532996178
12,126,1,0.05637149512767792
12,126,2,0.056511010974645615
12,126,3,0.052958544343709946
12,126,4,0.04575633257627487
12,126,5,0.049299560487270355
12,126,6,0.06239279732108116
12,126,7,0.055091701447963715
12,126,8,0.05544590204954147
12,126,9,0.06484261155128479
12,126,10,0.0660005584359169
12,126,11,0.053825363516807556
12,126,12,0.06619419902563095
12,126,13,0.05120401829481125
12,126,14,0.04731841757893562
12,126,15,0.05083967000246048
12,126,16,0.057678043842315674
12,126,17,0.0544016994535923
12,126,18,0.05386808514595032
12,130,1,0.05672640725970268
12,130,2,0.05787348374724388
12,130,3,0.05419152230024338
12,130,4,0.04719173535704613
12,130,5,0.04948066920042038
12,130,6,0.06244834139943123
12,130,7,0.0576302707195282
12,130,8,0.054924096912145615
12,130,9,0.061528969556093216
12,130,10,0.060898490250110626
12,130,11,0.05384204536676407
12,130,12,0.06442083418369293
12,130,13,0.05129497870802879
12,130,14,0.04897588863968849
12,130,15,0.05025987699627876
12,130,16,0.05874495580792427
12,130,17,0.05376651510596275
12,130,18,0.055800944566726685
12,131,1,0.054955631494522095
12,131,2,0.058572933077812195
12,131,3,0.05418624356389046
12,131,4,0.046512313187122345
12,131,5,0.05072338506579399
12,131,6,0.06007487326860428
12,131,7,0.05806420370936394
12,131,8,0.05868234485387802
12,131,9,0.06291471421718597
12,131,10,0.06690291315317154
12,131,11,0.05429217964410782
12,131,12,0.06332693994045258
12,131,13,0.051954787224531174
12,131,14,0.04675709828734398
12,131,15,0.05031022056937218
12,131,16,0.05543569475412369
12,131,17,0.05096543952822685
12,131,18,0.05536806583404541
12,132,1,0.05521504208445549
12,132,2,0.05685313045978546
12,132,3,0.05389814078807831
12,132,4,0.04848828166723251
12,132,5,0.05019261687994003
12,132,6,0.05719071626663208
12,132,7,0.05643652752041817
12,132,8,0.05601271241903305
12,132,9,0.06172667071223259
12,132,10,0.06435032933950424
12,132,11,0.05214748904109001
12,132,12,0.06489067524671555
12,132,13,0.0505986325442791
12,132,14,0.05221755802631378
12,132,15,0.04851788282394409
12,132,16,0.058913033455610275
12,132,17,0.05490754544734955
12,132,18,0.0574430376291275
12,136,1,0.05587955564260483
12,136,2,0.058584511280059814
12,136,3,0.05451851338148117
12,136,4,0.047084029763936996
12,136,5,0.04788975790143013
12,136,6,0.0609145313501358
12,136,7,0.05824313312768936
12,136,8,0.05643825978040695
12,136,9,0.06215578317642212
12,136,10,0.06358318030834198
12,136,11,0.055549703538417816
12,136,12,0.06357541680335999
12,136,13,0.0514284111559391
12,136,14,0.04730872064828873
12,136,15,0.04956096038222313
12,136,16,0.05944196507334709
12,136,17,0.05367328226566315
12,136,18,0.054170239716768265
12,137,1,0.05601073056459427
12,137,2,0.05814226716756821
12,137,3,0.05274743586778641
12,137,4,0.04922006279230118
12,137,5,0.04887877404689789
12,137,6,0.06227317824959755
12,137,7,0.0599350668489933
12,137,8,0.05516929179430008
12,137,9,0.06102399528026581
12,137,10,0.06369549036026001
12,137,11,0.05066482722759247
12,137,12,0.06333495676517487
12,137,13,0.05254499614238739
12,137,14,0.05137481167912483
12,137,15,0.05118701606988907
12,137,16,0.055527377873659134
12,137,17,0.052882831543684006
12,137,18,0.05538691207766533
12,145,1,0.055371083319187164
12,145,2,0.05678458884358406
12,145,3,0.05412143096327782
12,145,4,0.046718280762434006
12,145,5,0.05132879316806793
12,145,6,0.06178410351276398
12,145,7,0.05753904953598976
12,145,8,0.05614187568426132
12,145,9,0.061232246458530426
12,145,10,0.06414147466421127
12,145,11,0.05325634777545929
12,145,12,0.06387580931186676
12,145,13,0.05306491255760193
12,145,14,0.04934433847665787
12,145,15,0.052267733961343765
12,145,16,0.05838499218225479
12,145,17,0.049950383603572845
12,145,18,0.054692596197128296
12,146,1,0.060322485864162445
12,146,2,0.060185834765434265
12,146,3,0.05742863565683365
12,146,4,0.04931206256151199
12,146,5,0.040017083287239075
12,146,6,0.0589900016784668
12,146,7,0.05774320662021637
12,146,8,0.0555310994386673
12,146,9,0.06495413184165955
12,146,10,0.06645795702934265
12,146,11,0.05445702746510506
12,146,12,0.06710195541381836
12,146,13,0.04587981104850769
12,146,14,0.047678347676992416
12,146,15,0.04551165923476219
12,146,16,0.05881652981042862
12,146,17,0.05736907571554184
12,146,18,0.05224311351776123
12,147,1,0.05098803713917732
12,147,2,0.05680060014128685
12,147,3,0.05539768189191818
12,147,4,0.05030795931816101
12,147,5,0.053347017616033554
12,147,6,0.05723997950553894
12,147,7,0.058376286178827286
12,147,8,0.05742544308304787
12,147,9,0.06245659664273262
12,147,10,0.06184019893407822
12,147,11,0.05654636025428772
12,147,12,0.0651271790266037
12,147,13,0.05098803713917732
12,147,14,0.04839250445365906
12,147,15,0.05129392817616463
12,147,16,0.05517329275608063
12,147,17,0.051306456327438354
12,147,18,0.05699247121810913
12,151,1,0.05647203326225281
12,151,2,0.05787654221057892
12,151,3,0.053513988852500916
12,151,4,0.04774762690067291
12,151,5,0.05030243471264839
12,151,6,0.06058564409613609
12,151,7,0.05655136704444885
12,151,8,0.05702187120914459
12,151,9,0.0622442401945591
12,151,10,0.06339059770107269
12,151,11,0.05370704457163811
12,151,12,0.06264825165271759
12,151,13,0.0518169030547142
12,151,14,0.04927533119916916
12,151,15,0.051150742918252945
12,151,16,0.05807691812515259
12,151,17,0.052248816937208176
12,151,18,0.055369626730680466
12,152,1,0.04946339502930641
12,152,2,0.059501051902770996
12,152,3,0.05391531437635422
12,152,4,0.04178476706147194
12,152,5,0.05106469243764877
12,152,6,0.05727532505989075
12,152,7,0.05889404937624931
12,152,8,0.0550089068710804
12,152,9,0.06021024286746979
12,152,10,0.06246655806899071
12,152,11,0.052782222628593445
12,152,12,0.06670668721199036
12,152,13,0.05669794976711273
12,152,14,0.04921044781804085
12,152,15,0.0512082614004612
12,152,16,0.06339606642723083
12,152,17,0.052049607038497925
12,152,18,0.058364447206258774
12,153,1,0.05956080183386803
12,153,2,0.05300196260213852
12,153,3,0.054534438997507095
12,153,4,0.05015675723552704
12,153,5,0.04334880784153938
12,153,6,0.06406929343938828
12,153,7,0.05742171034216881
12,153,8,0.053326450288295746
12,153,9,0.06320316344499588
12,153,10,0.06774090975522995
12,153,11,0.05202442407608032
12,153,12,0.061912648379802704
12,153,13,0.05036535859107971
12,153,14,0.05157547444105148
12,153,15,0.04884558171033859
12,153,16,0.05883636325597763
12,153,17,0.058276426047086716
12,153,18,0.0517994649708271
12,187,1,0.056625887751579285
12,187,2,0.05733010917901993
12,187,3,0.05447320640087128
12,187,4,0.04751237481832504
12,187,5,0.04729826748371124
12,187,6,0.05953524634242058
12,187,7,0.058650147169828415
12,187,8,0.05629678815603256
12,187,9,0.06157195568084717
12,187,10,0.06436951458454132
12,187,11,0.05313345044851303
12,187,12,0.06337928771972656
12,187,13,0.05307834595441818
12,187,14,0.048686619848012924
12,187,15,0.05078081041574478
12,187,16,0.059600237756967545
12,187,17,0.051902610808610916
12,187,18,0.05577521398663521
12,188,1,0.05337359756231308
12,188,2,0.05648224055767059
12,188,3,0.05669638141989708
12,188,4,0.04560551047325134
12,188,5,0.058515649288892746
12,188,6,0.06655843555927277
12,188,7,0.05366431921720505
12,188,8,0.05567958205938339
12,188,9,0.06572682410478592
12,188,10,0.06170131266117096
12,188,11,0.05595211684703827
12,188,12,0.06361525505781174
12,188,13,0.05019190534949303
12,188,14,0.04742801934480667
12,188,15,0.047127917408943176
12,188,16,0.05839601531624794
12,188,17,0.055315446108579636
12,188,18,0.0479695163667202
12,189,1,0.05845828354358673
12,189,2,0.05731382593512535
12,189,3,0.051085371524095535
12,189,4,0.04517081752419472
12,189,5,0.043313272297382355
12,189,6,0.06334437429904938
12,189,7,0.054662950336933136
12,189,8,0.05498753860592842
12,189,9,0.06088237836956978
12,189,10,0.06811639666557312
12,189,11,0.05381876975297928
12,189,12,0.060425177216529846
12,189,13,0.05081792175769806
12,189,14,0.04879958555102348
12,189,15,0.05355008319020271
12,189,16,0.059664737433195114
12,189,17,0.05641879886388779
12,189,18,0.0591697134077549
12,205,1,0.05438094213604927
12,205,2,0.05738603696227074
12,205,3,0.054430752992630005
12,205,4,0.04750143364071846
12,205,5,0.04907514154911041
12,205,6,0.06128036603331566
12,205,7,0.058222174644470215
12,205,8,0.05668891221284866
12,205,9,0.06136270985007286
12,205,10,0.06362822651863098
12,205,11,0.0539017878472805
12,205,12,0.06459473073482513
12,205,13,0.05253759026527405
12,205,14,0.048574499785900116
12,205,15,0.05111735686659813
12,205,16,0.05854824185371399
12,205,17,0.05265958234667778
12,205,18,0.05410945415496826
12,246,1,0.056192707270383835
12,246,2,0.057323746383190155
12,246,3,0.053904939442873
12,246,4,0.04651720076799393
12,246,5,0.05051243677735329
12,246,6,0.06163656711578369
12,246,7,0.05695929005742073
12,246,8,0.056688763201236725
12,246,9,0.06172315031290054
12,246,10,0.06389268487691879
12,246,11,0.05366856977343559
12,246,12,0.06444098800420761
12,246,13,0.050734903663396835
12,246,14,0.049614112824201584
12,246,15,0.05070394650101662
12,246,16,0.05690542608499527
12,246,17,0.05265301465988159
12,246,18,0.05592752993106842
12,270,1,0.05640137940645218
12,270,2,0.05732542648911476
12,270,3,0.05356787145137787
12,270,4,0.04440932348370552
12,270,5,0.04771409556269646
12,270,6,0.06226130202412605
12,270,7,0.056013718247413635
12,270,8,0.055739179253578186
12,270,9,0.060541246086359024
12,270,10,0.06523335725069046
12,270,11,0.054348379373550415
12,270,12,0.06475336104631424
12,270,13,0.052442073822021484
12,270,14,0.04838863015174866
12,270,15,0.051566049456596375
12,270,16,0.06017744541168213
12,270,17,0.05328092351555824
12,270,18,0.05583621934056282
12,271,1,0.05235034599900246
12,271,2,0.051319003105163574
12,271,3,0.05625635385513306
12,271,4,0.04747970029711723
12,271,5,0.0449858158826828
12,271,6,0.052260953933000565
12,271,7,0.06190536543726921
12,271,8,0.05945845693349838
12,271,9,0.06512720137834549
12,271,10,0.057865262031555176
12,271,11,0.05206356197595596
12,271,12,0.06854495406150818
12,271,13,0.055770885199308395
12,271,14,0.05516152083873749
12,271,15,0.04982515797019005
12,271,16,0.05682922899723053
12,271,17,0.05989988520741463
12,271,18,0.05289635807275772
12,272,1,0.05355779826641083
12,272,2,0.05691288784146309
12,272,3,0.052966147661209106
12,272,4,0.04685385897755623
12,272,5,0.05027298629283905
12,272,6,0.06232372298836708
12,272,7,0.057850614190101624
12,272,8,0.05642864480614662
12,272,9,0.06185193359851837
12,272,10,0.06411594152450562
12,272,11,0.05335550755262375
12,272,12,0.06314503401517868
12,272,13,0.053228653967380524
12,272,14,0.04928858205676079
12,272,15,0.052326712757349014
12,272,16,0.057780034840106964
12,272,17,0.052557170391082764
12,272,18,0.05518375337123871
12,273,1,0.05446406826376915
12,273,2,0.05979745835065842
12,273,3,0.05577096715569496
12,273,4,0.042022403329610825
12,273,5,0.048037976026535034
12,273,6,0.05135510489344597
12,273,7,0.056796371936798096
12,273,8,0.060105279088020325
12,273,9,0.06084441393613815
12,273,10,0.05924230441451073
12,273,11,0.05262753739953041
12,273,12,0.06363221257925034
12,273,13,0.053547732532024384
12,273,14,0.05112367868423462
12,273,15,0.050874657928943634
12,273,16,0.06383448839187622
12,273,17,0.05501198396086693
12,273,18,0.06091130152344704
13,0,1,0.05069350078701973
13,0,2,0.051882993429899216
13,0,3,0.05375256761908531
13,0,4,0.05241773650050163
13,0,5,0.05541825294494629
13,0,6,0.04722847044467926
13,0,7,0.05389712005853653
13,0,8,0.055784765630960464
13,0,9,0.0591510608792305
13,0,10,0.06295060366392136
13,0,11,0.053595323115587234
13,0,12,0.051743850111961365
13,0,13,0.06192927062511444
13,0,14,0.05352994054555893
13,0,15,0.06267458200454712
13,0,16,0.06126758083701134
13,0,17,0.048513997346162796
13,0,18,0.0635683685541153
13,1,1,0.04983939230442047
13,1,2,0.048905253410339355
13,1,3,0.052905015647411346
13,1,4,0.056358352303504944
13,1,5,0.05408033728599548
13,1,6,0.04630255699157715
13,1,7,0.05521434172987938
13,1,8,0.05585154891014099
13,1,9,0.05671723559498787
13,1,10,0.061776768416166306
13,1,11,0.05544397234916687
13,1,12,0.050482314079999924
13,1,13,0.05978844687342644
13,1,14,0.05769485607743263
13,1,15,0.06592176854610443
13,1,16,0.05932317674160004
13,1,17,0.050828590989112854
13,1,18,0.06256604194641113
13,20,1,0.04788928106427193
13,20,2,0.05056263878941536
13,20,3,0.054952263832092285
13,20,4,0.054564569145441055
13,20,5,0.053287573158741
13,20,6,0.04765601456165314
13,20,7,0.05519428476691246
13,20,8,0.056544579565525055
13,20,9,0.05643424764275551
13,20,10,0.06214757263660431
13,20,11,0.05273108184337616
13,20,12,0.052346281707286835
13,20,13,0.061079591512680054
13,20,14,0.05644802376627922
13,20,15,0.06288014352321625
13,20,16,0.06017669662833214
13,20,17,0.04912677779793739
13,20,18,0.06597831845283508
13,21,1,0.0535956472158432
13,21,2,0.050115443766117096
13,21,3,0.05366110801696777
13,21,4,0.051832664757966995
13,21,5,0.053582560271024704
13,21,6,0.047338422387838364
13,21,7,0.05574426427483559
13,21,8,0.05459937825798988
13,21,9,0.055921465158462524
13,21,10,0.060391753911972046
13,21,11,0.05575786903500557
13,21,12,0.05092950537800789
13,21,13,0.0663759633898735
13,21,14,0.054267145693302155
13,21,15,0.06296636164188385
13,21,16,0.06111855432391167
13,21,17,0.048031099140644073
13,21,18,0.0637708380818367
13,22,1,0.04779380187392235
13,22,2,0.05136923864483833
13,22,3,0.05270310118794441
13,22,4,0.05181006342172623
13,22,5,0.05539442226290703
13,22,6,0.04691517725586891
13,22,7,0.05399244651198387
13,22,8,0.055003613233566284
13,22,9,0.05845106393098831
13,22,10,0.06375859677791595
13,22,11,0.05513806268572807
13,22,12,0.05340251326560974
13,22,13,0.061181459575891495
13,22,14,0.05468226596713066
13,22,15,0.06283143907785416
13,22,16,0.06063128262758255
13,22,17,0.050099700689315796
13,22,18,0.06484174728393555
13,23,1,0.049821700900793076
13,23,2,0.05202183499932289
13,23,3,0.05455835908651352
13,23,4,0.052519526332616806
13,23,5,0.054999690502882004
13,23,6,0.047239385545253754
13,23,7,0.054758526384830475
13,23,8,0.05489237606525421
13,23,9,0.05772367864847183
13,23,10,0.06252093613147736
13,23,11,0.05486558377742767
13,23,12,0.05228923261165619
13,23,13,0.06090884283185005
13,23,14,0.05352923646569252
13,23,15,0.06342802196741104
13,23,16,0.06070101261138916
13,23,17,0.048590414226055145
13,23,18,0.06463167071342468
13,24,1,0.050837621092796326
13,24,2,0.04888409376144409
13,24,3,0.05430164560675621
13,24,4,0.052259646356105804
13,24,5,0.05343368276953697
13,24,6,0.05503571033477783
13,24,7,0.052081331610679626
13,24,8,0.0528111606836319
13,24,9,0.05739599093794823
13,24,10,0.06407677382230759
13,24,11,0.05554867908358574
13,24,12,0.050999224185943604
13,24,13,0.06218119338154793
13,24,14,0.05460742115974426
13,24,15,0.06302177906036377
13,24,16,0.05991597846150398
13,24,17,0.049647849053144455
13,24,18,0.06296026706695557
13,25,1,0.04775763303041458
13,25,2,0.050670456141233444
13,25,3,0.051770854741334915
13,25,4,0.055909350514411926
13,25,5,0.05275328829884529
13,25,6,0.047926995903253555
13,25,7,0.05580025538802147
13,25,8,0.05826440453529358
13,25,9,0.058378320187330246
13,25,10,0.062234487384557724
13,25,11,0.052598968148231506
13,25,12,0.052547626197338104
13,25,13,0.06018734350800514
13,25,14,0.05667898431420326
13,25,15,0.06391286849975586
13,25,16,0.06018734350800514
13,25,17,0.050019025802612305
13,25,18,0.062401849776506424
13,36,1,0.04933618754148483
13,36,2,0.05066052824258804
13,36,3,0.054857391864061356
13,36,4,0.052640046924352646
13,36,5,0.053652074187994
13,36,6,0.04687049612402916
13,36,7,0.05463018640875816
13,36,8,0.0557076670229435
13,36,9,0.05722399428486824
13,36,10,0.06263381242752075
13,36,11,0.053783219307661057
13,36,12,0.05155891552567482
13,36,13,0.06261852383613586
13,36,14,0.055341657251119614
13,36,15,0.06317130476236343
13,36,16,0.060914620757102966
13,36,17,0.04858316108584404
13,36,18,0.06581618636846542
13,37,1,0.04891182854771614
13,37,2,0.05010231211781502
13,37,3,0.05364704877138138
13,37,4,0.05149119347333908
13,37,5,0.05533647537231445
13,37,6,0.048383310437202454
13,37,7,0.054319191724061966
13,37,8,0.055458199232816696
13,37,9,0.05817647650837898
13,37,10,0.06135666370391846
13,37,11,0.05443867668509483
13,37,12,0.05217452719807625
13,37,13,0.06203446164727211
13,37,14,0.055093832314014435
13,37,15,0.06366080045700073
13,37,16,0.0611473023891449
13,37,17,0.04885811731219292
13,37,18,0.0654095709323883
13,38,1,0.049640294164419174
13,38,2,0.05029292404651642
13,38,3,0.05534396320581436
13,38,4,0.05498034507036209
13,38,5,0.05271940678358078
13,38,6,0.045859355479478836
13,38,7,0.05606473609805107
13,38,8,0.05472589656710625
13,38,9,0.05703110992908478
13,38,10,0.06283552944660187
13,38,11,0.05402233824133873
13,38,12,0.05214338004589081
13,38,13,0.06124522536993027
13,38,14,0.054913271218538284
13,38,15,0.0626058354973793
13,38,16,0.060487378388643265
13,38,17,0.049398500472307205
13,38,18,0.06569049507379532
13,47,1,0.04919803515076637
13,47,2,0.050524838268756866
13,47,3,0.05448386073112488
13,47,4,0.05332579463720322
13,47,5,0.05527433753013611
13,47,6,0.0485418364405632
13,47,7,0.054804038256406784
13,47,8,0.055355366319417953
13,47,9,0.057532377541065216
13,47,10,0.061004139482975006
13,47,11,0.053744032979011536
13,47,12,0.05195080116391182
13,47,13,0.061512622982263565
13,47,14,0.0555584579706192
13,47,15,0.06383820623159409
13,47,16,0.06020515784621239
13,47,17,0.048175837844610214
13,47,18,0.06497027724981308
13,48,1,0.04836331307888031
13,48,2,0.049983877688646317
13,48,3,0.054822888225317
13,48,4,0.05653553828597069
13,48,5,0.053084295243024826
13,48,6,0.04657303914427757
13,48,7,0.05576784908771515
13,48,8,0.0551854632794857
13,48,9,0.05699286609888077
13,48,10,0.060772355645895004
13,48,11,0.05460914969444275
13,48,12,0.0525042861700058
13,48,13,0.06093578413128853
13,48,14,0.05444939807057381
13,48,15,0.06251805275678635
13,48,16,0.0614137127995491
13,48,17,0.049455851316452026
13,48,18,0.06603222340345383
13,49,1,0.05466148257255554
13,49,2,0.05003788694739342
13,49,3,0.051651474088430405
13,49,4,0.051099590957164764
13,49,5,0.054996129125356674
13,49,6,0.04941871389746666
13,49,7,0.05550872161984444
13,49,8,0.05676960572600365
13,49,9,0.05623164027929306
13,49,10,0.06242537125945091
13,49,11,0.053525764495134354
13,49,12,0.05153810232877731
13,49,13,0.06247111037373543
13,49,14,0.05411706119775772
13,49,15,0.06371879577636719
13,49,16,0.06094951927661896
13,49,17,0.04793335497379303
13,49,18,0.06294570863246918
13,64,1,0.04926075413823128
13,64,2,0.05065722018480301
13,64,3,0.05243139714002609
13,64,4,0.05227801203727722
13,64,5,0.05509539693593979
13,64,6,0.04704511910676956
13,64,7,0.05397702008485794
13,64,8,0.05656743049621582
13,64,9,0.05761275067925453
13,64,10,0.062021080404520035
13,64,11,0.05440036579966545
13,64,12,0.05139218643307686
13,64,13,0.062416017055511475
13,64,14,0.056045062839984894
13,64,15,0.06464936584234238
13,64,16,0.06102972850203514
13,64,17,0.04799643158912659
13,64,18,0.06512460857629776
13,65,1,0.04926760122179985
13,65,2,0.05006178095936775
13,65,3,0.05385288596153259
13,65,4,0.05402407422661781
13,65,5,0.053342558443546295
13,65,6,0.04752500355243683
13,65,7,0.05579344183206558
13,65,8,0.05494185537099838
13,65,9,0.05625849589705467
13,65,10,0.06222688779234886
13,65,11,0.052361927926540375
13,65,12,0.051361698657274246
13,65,13,0.06195403262972832
13,65,14,0.05720027536153793
13,65,15,0.06218132749199867
13,65,16,0.05946435406804085
13,65,17,0.05148724094033241
13,65,18,0.06669454276561737
13,66,1,0.04942377284169197
13,66,2,0.04952039569616318
13,66,3,0.055650100111961365
13,66,4,0.05379326641559601
13,66,5,0.05240622162818909
13,66,6,0.04769311472773552
13,66,7,0.05450714752078056
13,66,8,0.055527955293655396
13,66,9,0.05694199353456497
13,66,10,0.062431756407022476
13,66,11,0.05441407859325409
13,66,12,0.051217228174209595
13,66,13,0.06185523793101311
13,66,14,0.05450714752078056
13,66,15,0.06502979248762131
13,66,16,0.06250801682472229
13,66,17,0.04814350977540016
13,66,18,0.06442927569150925
13,88,1,0.04948505759239197
13,88,2,0.04992799833416939
13,88,3,0.05346040427684784
13,88,4,0.05156321078538895
13,88,5,0.05557645484805107
13,88,6,0.047909900546073914
13,88,7,0.05627277493476868
13,88,8,0.054302286356687546
13,88,9,0.05704741179943085
13,88,10,0.06168295443058014
13,88,11,0.054011404514312744
13,88,12,0.05165140703320503
13,88,13,0.06319199502468109
13,88,14,0.05568511039018631
13,88,15,0.06345481425523758
13,88,16,0.06009247526526451
13,88,17,0.04860500246286392
13,88,18,0.0660792887210846
13,89,1,0.050615232437849045
13,89,2,0.050430212169885635
13,89,3,0.05381390452384949
13,89,4,0.05503629148006439
13,89,5,0.05762123689055443
13,89,6,0.0507018081843853
13,89,7,0.05263151228427887
13,89,8,0.05752285197377205
13,89,9,0.05697774514555931
13,89,10,0.05974132940173149
13,89,11,0.052876222878694534
13,89,12,0.05065232142806053
13,89,13,0.05963931605219841
13,89,14,0.0531739704310894
13,89,15,0.06599859148263931
13,89,16,0.06265424937009811
13,89,17,0.04702908545732498
13,89,18,0.06288411468267441
13,90,1,0.04991267994046211
13,90,2,0.0507730096578598
13,90,3,0.05455133691430092
13,90,4,0.050859853625297546
13,90,5,0.053457051515579224
13,90,6,0.04895923659205437
13,90,7,0.05557297170162201
13,90,8,0.05296340584754944
13,90,9,0.05708562582731247
13,90,10,0.059664782136678696
13,90,11,0.05412681773304939
13,90,12,0.05309286713600159
13,90,13,0.06318803131580353
13,90,14,0.05754740536212921
13,90,15,0.06239090859889984
13,90,16,0.05841084569692612
13,90,17,0.04953634738922119
13,90,18,0.06790681183338165
13,97,1,0.048683714121580124
13,97,2,0.05159000679850578
13,97,3,0.05368442088365555
13,97,4,0.05393402650952339
13,97,5,0.054716531187295914
13,97,6,0.046369343996047974
13,97,7,0.05483688786625862
13,97,8,0.05632951483130455
13,97,9,0.057862766087055206
13,97,10,0.060758206993341446
13,97,11,0.05435703694820404
13,97,12,0.05269750952720642
13,97,13,0.061609625816345215
13,97,14,0.054516516625881195
13,97,15,0.06362743675708771
13,97,16,0.061055608093738556
13,97,17,0.04839338734745979
13,97,18,0.0649774894118309
13,98,1,0.04987046495079994
13,98,2,0.050255466252565384
13,98,3,0.056780312210321426
13,98,4,0.051560405641794205
13,98,5,0.0539294108748436
13,98,6,0.04788975045084953
13,98,7,0.0530933141708374
13,98,8,0.055127497762441635
13,98,9,0.05421985313296318
13,98,10,0.06394901126623154
13,98,11,0.053995281457901
13,98,12,0.05078583210706711
13,98,13,0.06196637824177742
13,98,14,0.05750575289130211
13,98,15,0.06233052909374237
13,98,16,0.06151418760418892
13,98,17,0.049761004745960236
13,98,18,0.0654655247926712
13,99,1,0.051715582609176636
13,99,2,0.05051759257912636
13,99,3,0.05320112034678459
13,99,4,0.05359220877289772
13,99,5,0.052568469196558
13,99,6,0.04823365435004234
13,99,7,0.0564115047454834
13,99,8,0.05521246790885925
13,99,9,0.060757581144571304
13,99,10,0.06288550794124603
13,99,11,0.05432994291186333
13,99,12,0.052184853702783585
13,99,13,0.060683462768793106
13,99,14,0.05393347144126892
13,99,15,0.061548858880996704
13,99,16,0.057411883026361465
13,99,17,0.04844016954302788
13,99,18,0.06637170165777206
13,103,1,0.048990216106176376
13,103,2,0.05106005072593689
13,103,3,0.053824931383132935
13,103,4,0.05260375887155533
13,103,5,0.05314592644572258
13,103,6,0.048113081604242325
13,103,7,0.05526302009820938
13,103,8,0.05561492592096329
13,103,9,0.057548683136701584
13,103,10,0.06196724250912666
13,103,11,0.054286833852529526
13,103,12,0.052334751933813095
13,103,13,0.061515044420957565
13,103,14,0.05542515963315964
13,103,15,0.06351424008607864
13,103,16,0.06028106436133385
13,103,17,0.04890059307217598
13,103,18,0.06561043858528137
13,104,1,0.050736814737319946
13,104,2,0.05026828870177269
13,104,3,0.05280948430299759
13,104,4,0.05204154551029205
13,104,5,0.05557404085993767
13,104,6,0.04800733923912048
13,104,7,0.055519793182611465
13,104,8,0.055982571095228195
13,104,9,0.05618796497583389
13,104,10,0.061215221881866455
13,104,11,0.05488636717200279
13,104,12,0.05124722793698311
13,104,13,0.06134987622499466
13,104,14,0.05453907325863838
13,104,15,0.06252935528755188
13,104,16,0.06108086183667183
13,104,17,0.05063781142234802
13,104,18,0.06538636982440948
13,105,1,0.04813195392489433
13,105,2,0.051336370408535004
13,105,3,0.05308246612548828
13,105,4,0.05263081192970276
13,105,5,0.05238724499940872
13,105,6,0.0479092039167881
13,105,7,0.05491476133465767
13,105,8,0.054341282695531845
13,105,9,0.05783187597990036
13,105,10,0.06286792457103729
13,105,11,0.054981838911771774
13,105,12,0.05119868367910385
13,105,13,0.06148659810423851
13,105,14,0.05580678954720497
13,105,15,0.06398279964923859
13,105,16,0.06283723562955856
13,105,17,0.04822605103254318
13,105,18,0.06604606658220291
13,141,1,0.049444686621427536
13,141,2,0.05085258185863495
13,141,3,0.053947582840919495
13,141,4,0.05341027304530144
13,141,5,0.05469021573662758
13,141,6,0.04734199121594429
13,141,7,0.053868617862463
13,141,8,0.05593250319361687
13,141,9,0.05817480385303497
13,141,10,0.0629173219203949
13,141,11,0.0547570139169693
13,141,12,0.05208394303917885
13,141,13,0.06159503757953644
13,141,14,0.05487746000289917
13,141,15,0.06393933296203613
13,141,16,0.061100780963897705
13,141,17,0.04756210371851921
13,141,18,0.06350374221801758
13,148,1,0.048779651522636414
13,148,2,0.05095864459872246
13,148,3,0.0539151206612587
13,148,4,0.052179839462041855
13,148,5,0.05475079268217087
13,148,6,0.04822901263833046
13,148,7,0.0545373372733593
13,148,8,0.055261094123125076
13,148,9,0.05772961303591728
13,148,10,0.061965085566043854
13,148,11,0.05380991846323013
13,148,12,0.05013187602162361
13,148,13,0.0625273659825325
13,148,14,0.055967122316360474
13,148,15,0.06317181140184402
13,148,16,0.06075173616409302
13,148,17,0.050315797328948975
13,148,18,0.0650181695818901
13,149,1,0.046001605689525604
13,149,2,0.05156969651579857
13,149,3,0.054005008190870285
13,149,4,0.05226682871580124
13,149,5,0.054761797189712524
13,149,6,0.0449085608124733
13,149,7,0.051494207233190536
13,149,8,0.05404457449913025
13,149,9,0.05681827664375305
13,149,10,0.0611061155796051
13,149,11,0.05123087391257286
13,149,12,0.05073301121592522
13,149,13,0.06212903931736946
13,149,14,0.060364723205566406
13,149,15,0.06665472686290741
13,149,16,0.06151024252176285
13,149,17,0.04965466633439064
13,149,18,0.07074601948261261
13,150,1,0.050044093281030655
13,150,2,0.04959407448768616
13,150,3,0.05215208977460861
13,150,4,0.053755052387714386
13,150,5,0.054031360894441605
13,150,6,0.047915901988744736
13,150,7,0.05652768909931183
13,150,8,0.055380240082740784
13,150,9,0.05718006566166878
13,150,10,0.060957085341215134
13,150,11,0.054868828505277634
13,150,12,0.054282572120428085
13,150,13,0.06188679859042168
13,150,14,0.055380240082740784
13,150,15,0.06231129914522171
13,150,16,0.06082329526543617
13,150,17,0.048415664583444595
13,150,18,0.06449364125728607
13,184,1,0.05105772987008095
13,184,2,0.04949893429875374
13,184,3,0.052179280668497086
13,184,4,0.05231959745287895
13,184,5,0.05549033731222153
13,184,6,0.04755619168281555
13,184,7,0.05477694794535637
13,184,8,0.05578918382525444
13,184,9,0.05771490931510925
13,184,10,0.06110810488462448
13,184,11,0.053954049944877625
13,184,12,0.0524090901017189
13,184,13,0.06089959293603897
13,184,14,0.05618557706475258
13,184,15,0.06386898458003998
13,184,16,0.060840148478746414
13,184,17,0.049317993223667145
13,184,18,0.06503335386514664
13,190,1,0.04907337948679924
13,190,2,0.05049534887075424
13,190,3,0.0530998557806015
13,190,4,0.05384396016597748
13,190,5,0.055161215364933014
13,190,6,0.04821241647005081
13,190,7,0.05474531278014183
13,190,8,0.05641420558094978
13,190,9,0.057907335460186005
13,190,10,0.06259747594594955
13,190,11,0.055067028850317
13,190,12,0.052263855934143066
13,190,13,0.06186819076538086
13,190,14,0.05462515726685524
13,190,15,0.06356772035360336
13,190,16,0.0598330944776535
13,190,17,0.04801272973418236
13,190,18,0.06321177631616592
13,191,1,0.05033945292234421
13,191,2,0.04980158805847168
13,191,3,0.05419125407934189
13,191,4,0.052562449127435684
13,191,5,0.053468454629182816
13,191,6,0.04676713049411774
13,191,7,0.05460295081138611
13,191,8,0.05599343404173851
13,191,9,0.05686131864786148
13,191,10,0.0647318884730339
13,191,11,0.053455401211977005
13,191,12,0.05203893780708313
13,191,13,0.06091399863362312
13,191,14,0.054059114307165146
13,191,15,0.06361949443817139
13,191,16,0.06332506984472275
13,191,17,0.048945773392915726
13,191,18,0.06432229280471802
13,192,1,0.04965171217918396
13,192,2,0.05010225623846054
13,192,3,0.05367319658398628
13,192,4,0.05234033614397049
13,192,5,0.054946016520261765
13,192,6,0.048341937363147736
13,192,7,0.05431913584470749
13,192,8,0.056125570088624954
13,192,9,0.05820483714342117
13,192,10,0.060656581073999405
13,192,11,0.05517454072833061
13,192,12,0.05166744068264961
13,192,13,0.061371587216854095
13,192,14,0.054678380489349365
13,192,15,0.06509090214967728
13,192,16,0.06108756363391876
13,192,17,0.04760408401489258
13,192,18,0.06496389955282211
13,211,1,0.050204530358314514
13,211,2,0.05073435232043266
13,211,3,0.053442440927028656
13,211,4,0.05043794959783554
13,211,5,0.054098811000585556
13,211,6,0.048904042690992355
13,211,7,0.0550985150039196
13,211,8,0.056144099682569504
13,211,9,0.058039553463459015
13,211,10,0.062404319643974304
13,211,11,0.05416489019989967
13,211,12,0.05167188122868538
13,211,13,0.061451829969882965
13,211,14,0.05607561022043228
13,211,15,0.06310909986495972
13,211,16,0.06170741468667984
13,211,17,0.04943221062421799
13,211,18,0.06287840753793716
13,212,1,0.049114882946014404
13,212,2,0.052053265273571014
13,212,3,0.0560225285589695
13,212,4,0.05543747916817665
13,212,5,0.05833960697054863
13,212,6,0.04848937317728996
13,212,7,0.0540476068854332
13,212,8,0.055302295833826065
13,212,9,0.057421110570430756
13,212,10,0.06266570836305618
13,212,11,0.053771212697029114
13,212,12,0.05492554232478142
13,212,13,0.05957746133208275
13,212,14,0.05273118242621422
13,212,15,0.060960523784160614
13,212,16,0.05873978137969971
13,212,17,0.04665454849600792
13,212,18,0.06374586373567581
13,213,1,0.04844977334141731
13,213,2,0.05123566463589668
13,213,3,0.056340109556913376
13,213,4,0.061306096613407135
13,213,5,0.0552503876388073
13,213,6,0.049296922981739044
13,213,7,0.0540100559592247
13,213,8,0.05573812499642372
13,213,9,0.05408922955393791
13,213,10,0.060193758457899094
13,213,11,0.05243788659572601
13,213,12,0.05053994432091713
13,213,13,0.060208454728126526
13,213,14,0.05572452023625374
13,213,15,0.06262217462062836
13,213,16,0.058015111833810806
13,213,17,0.04964718595147133
13,213,18,0.06489457190036774
13,214,1,0.05038563907146454
13,214,2,0.05094224959611893
13,214,3,0.054188039153814316
13,214,4,0.05276503786444664
13,214,5,0.05520286783576012
13,214,6,0.04837856441736221
13,214,7,0.054386842995882034
13,214,8,0.05555438995361328
13,214,9,0.057514119893312454
13,214,10,0.061433080583810806
13,214,11,0.05440012365579605
13,214,12,0.05194699391722679
13,214,13,0.06189979240298271
13,214,14,0.05383201688528061
13,214,15,0.06327494978904724
13,214,16,0.06065809726715088
13,214,17,0.04869851842522621
13,214,18,0.06453868746757507
13,235,1,0.05095524713397026
13,235,2,0.050719425082206726
13,235,3,0.05337457358837128
13,235,4,0.052316661924123764
13,235,5,0.05481400713324547
13,235,6,0.047961607575416565
13,235,7,0.05470705032348633
13,235,8,0.05556856095790863
13,235,9,0.057528793811798096
13,235,10,0.06209724396467209
13,235,11,0.054733775556087494
13,235,12,0.0514552928507328
13,235,13,0.06116437539458275
13,235,14,0.055176522582769394
13,235,15,0.06361641734838486
13,235,16,0.06131387874484062
13,235,17,0.04802019149065018
13,235,18,0.06447640061378479
13,236,1,0.048936761915683746
13,236,2,0.05079308897256851
13,236,3,0.05478650704026222
13,236,4,0.05207384005188942
13,236,5,0.052379854023456573
13,236,6,0.05311386659741402
13,236,7,0.054413266479969025
13,236,8,0.05498751252889633
13,236,9,0.05713609606027603
13,236,10,0.061778854578733444
13,236,11,0.05471966788172722
13,236,12,0.053726837038993835
13,236,13,0.059412140399217606
13,236,14,0.05353044345974922
13,236,15,0.06282837688922882
13,236,16,0.0605691559612751
13,236,17,0.05244383215904236
13,236,18,0.06236988678574562
13,237,1,0.04838267341256142
13,237,2,0.04972388967871666
13,237,3,0.05320287123322487
13,237,4,0.058717936277389526
13,237,5,0.05351552367210388
13,237,6,0.04664289206266403
13,237,7,0.05570170655846596
13,237,8,0.05423896387219429
13,237,9,0.057582221925258636
13,237,10,0.061626072973012924
13,237,11,0.05437154322862625
13,237,12,0.050605665892362595
13,237,13,0.05978839471936226
13,237,14,0.055565882474184036
13,237,15,0.06518551707267761
13,237,16,0.06008104979991913
13,237,17,0.04761512577533722
13,237,18,0.06745205819606781
13,249,1,0.05002133548259735
13,249,2,0.05032757669687271
13,249,3,0.05602124333381653
13,249,4,0.05249875783920288
13,249,5,0.05679241567850113
13,249,6,0.04808743670582771
13,249,7,0.05382251366972923
13,249,8,0.05568036064505577
13,249,9,0.057785436511039734
13,249,10,0.0634029358625412
13,249,11,0.053338512778282166
13,249,12,0.05107022449374199
13,249,13,0.06073629483580589
13,249,14,0.0537831075489521
13,249,15,0.0632328912615776
13,249,16,0.061048489063978195
13,249,17,0.048559337854385376
13,249,18,0.06379110366106033
13,250,1,0.051475681364536285
13,250,2,0.05078909546136856
13,250,3,0.05411754176020622
13,250,4,0.053122662007808685
13,250,5,0.05454198643565178
13,250,6,0.05152597650885582
13,250,7,0.053500108420848846
13,250,8,0.056026581674814224
13,250,9,0.05952361598610878
13,250,10,0.061353154480457306
13,250,11,0.053906552493572235
13,250,12,0.050344664603471756
13,250,13,0.0585864819586277
13,250,14,0.05729922652244568
13,250,15,0.061924997717142105
13,250,16,0.06056438758969307
13,250,17,0.04918443411588669
13,250,18,0.06221291422843933
13,251,1,0.050177428871393204
13,251,2,0.04956863075494766
13,251,3,0.05329635739326477
13,251,4,0.055015020072460175
13,251,5,0.05380623787641525
13,251,6,0.04767550528049469
13,251,7,0.05567711219191551
13,251,8,0.05573151260614395
13,251,9,0.05608639866113663
13,251,10,0.06374068558216095
13,251,11,0.053898271173238754
13,251,12,0.052393268793821335
13,251,13,0.0619608499109745
13,251,14,0.05465356633067131
13,251,15,0.06455504894256592
13,251,16,0.062264129519462585
13,251,17,0.04866332188248634
13,251,18,0.060836635529994965
13,258,1,0.04896073788404465
13,258,2,0.051266588270664215
13,258,3,0.0542939230799675
13,258,4,0.05422768369317055
13,258,5,0.05425417050719261
13,258,6,0.047692473977804184
13,258,7,0.055041320621967316
13,258,8,0.05618174746632576
13,258,9,0.05775326490402222
13,258,10,0.06307438015937805
13,258,11,0.054016273468732834
13,258,12,0.051959626376628876
13,258,13,0.06111885979771614
13,258,14,0.055041320621967316
13,258,15,0.06244616582989693
13,258,16,0.06058403477072716
13,258,17,0.04837851598858833
13,258,18,0.06370890885591507
13,259,1,0.05273108929395676
13,259,2,0.050723373889923096
13,259,3,0.05383679270744324
13,259,4,0.05262819677591324
13,259,5,0.05841076001524925
13,259,6,0.0477200485765934
13,259,7,0.051761701703071594
13,259,8,0.05871099606156349
13,259,9,0.05704374983906746
13,259,10,0.06026491895318031
13,259,11,0.05162287876009941
13,259,12,0.051610276103019714
13,259,13,0.06026491895318031
13,259,14,0.05435184761881828
13,259,15,0.06379245221614838
13,259,16,0.06125880777835846
13,259,17,0.049754440784454346
13,259,18,0.06351272761821747
13,260,1,0.047590889036655426
13,260,2,0.05112617462873459
13,260,3,0.051502007991075516
13,260,4,0.05368452146649361
13,260,5,0.054463401436805725
13,260,6,0.04555589705705643
13,260,7,0.054930783808231354
13,260,8,0.055132314562797546
13,260,9,0.05655008554458618
13,260,10,0.06250360608100891
13,260,11,0.05421135202050209
13,260,12,0.05193129554390907
13,260,13,0.060551002621650696
13,260,14,0.057820506393909454
13,260,15,0.06638871133327484
13,260,16,0.06002114713191986
13,260,17,0.04942028969526291
13,260,18,0.0666160136461258
13,277,1,0.050267595797777176
13,277,2,0.05190759524703026
13,277,3,0.05369933694601059
13,277,4,0.052519459277391434
13,277,5,0.055539362132549286
13,277,6,0.047147154808044434
13,277,7,0.05362073332071304
13,277,8,0.055552925914525986
13,277,9,0.058347027748823166
13,277,10,0.06271960586309433
13,277,11,0.05369933694601059
13,277,12,0.05278941988945007
13,277,13,0.061521515250205994
13,277,14,0.05479858070611954
13,277,15,0.062398865818977356
13,277,16,0.06137149780988693
13,277,17,0.04850146546959877
13,277,18,0.06359851360321045
13,278,1,0.04823476821184158
13,278,2,0.05131431296467781
13,278,3,0.05208423361182213
13,278,4,0.05127674341201782
13,278,5,0.053488872945308685
13,278,6,0.0484294667840004
13,278,7,0.059612903743982315
13,278,8,0.05318935960531235
13,278,9,0.05997786670923233
13,278,10,0.06167061999440193
13,278,11,0.05381634458899498
13,278,12,0.049820609390735626
13,278,13,0.06015383452177048
13,278,14,0.05407975986599922
13,278,15,0.06616291403770447
13,278,16,0.06224542111158371
13,278,17,0.0480525828897953
13,278,18,0.06638944149017334
13,279,1,0.04733655974268913
13,279,2,0.051919277757406235
13,279,3,0.054212041199207306
13,279,4,0.054384373128414154
13,279,5,0.05529477819800377
13,279,6,0.04880938306450844
13,279,7,0.052982084453105927
13,279,8,0.058674462139606476
13,279,9,0.05721740424633026
13,279,10,0.06140030175447464
13,279,11,0.055742066353559494
13,279,12,0.05089021101593971
13,279,13,0.0647883415222168
13,279,14,0.05307270586490631
13,279,15,0.0626571923494339
13,279,16,0.06012457609176636
13,279,17,0.047082994133234024
13,279,18,0.06341125071048737
13,286,1,0.0503292940557003
13,286,2,0.05151024088263512
13,286,3,0.05452533811330795
13,286,4,0.05315832793712616
13,286,5,0.05625615641474724
13,286,6,0.04765082150697708
13,286,7,0.05427299439907074
13,286,8,0.05445881560444832
13,286,9,0.05687761306762695
13,286,10,0.06205741688609123
13,286,11,0.05385063588619232
13,286,12,0.0512968972325325
13,286,13,0.060649462044239044
13,286,14,0.05622869357466698
13,286,15,0.06315790861845016
13,286,16,0.059855129569768906
13,286,17,0.0491454191505909
13,286,18,0.0647188276052475
14,9,1,0.06165352091193199
14,9,2,0.05093971639871597
14,9,3,0.058182086795568466
14,9,4,0.04300564527511597
14,9,5,0.038719795644283295
14,9,6,0.04677345231175423
14,9,7,0.046704985201358795
14,9,8,0.059941112995147705
14,9,9,0.06889081001281738
14,9,10,0.07994400709867477
14,9,11,0.0642794668674469
14,9,12,0.06949048489332199
14,9,13,0.04672779515385628
14,9,14,0.04596966877579689
14,9,15,0.040272049605846405
14,9,16,0.05256954953074455
14,9,17,0.05005211383104324
14,9,18,0.07588373869657516
14,10,1,0.0580374151468277
14,10,2,0.05058097839355469
14,10,3,0.0599876306951046
14,10,4,0.044713910669088364
14,10,5,0.04925871267914772
14,10,6,0.04530730098485947
14,10,7,0.04508661478757858
14,10,8,0.05901256948709488
14,10,9,0.0687069296836853
14,10,10,0.07423551380634308
14,10,11,0.06093694642186165
14,10,12,0.06888748705387115
14,10,13,0.06258868426084518
14,10,14,0.04437677189707756
14,10,15,0.04118232801556587
14,10,16,0.050089430063962936
14,10,17,0.047400571405887604
14,10,18,0.06961023062467575
14,14,1,0.054063715040683746
14,14,2,0.0514998696744442
14,14,3,0.059210896492004395
14,14,4,0.04679395630955696
14,14,5,0.04508928582072258
14,14,6,0.053271032869815826
14,14,7,0.047438107430934906
14,14,8,0.06092754006385803
14,14,9,0.06573478877544403
14,14,10,0.07323181629180908
14,14,11,0.06027470529079437
14,14,12,0.06360548734664917
14,14,13,0.06530091166496277
14,14,14,0.046828243881464005
14,14,15,0.038557492196559906
14,14,16,0.05329054594039917
14,14,17,0.04813811928033829
14,14,18,0.06674347817897797
14,82,1,0.06129800155758858
14,82,2,0.05105721950531006
14,82,3,0.062219616025686264
14,82,4,0.046624522656202316
14,82,5,0.05191192403435707
14,82,6,0.06280528753995895
14,82,7,0.047811828553676605
14,82,8,0.05921657010912895
14,82,9,0.06496823579072952
14,82,10,0.06861699372529984
14,82,11,0.06144033744931221
14,82,12,0.06782171875238419
14,82,13,0.04931750148534775
14,82,14,0.04224533215165138
14,82,15,0.03994828090071678
14,82,16,0.04887401685118675
14,82,17,0.046990204602479935
14,82,18,0.06683241575956345
14,115,1,0.05516646429896355
14,115,2,0.053124360740184784
14,115,3,0.056357625871896744
14,115,4,0.043762966990470886
14,115,5,0.04931225627660751
14,115,6,0.058509740978479385
14,115,7,0.0472613200545311
14,115,8,0.06279478222131729
14,115,9,0.07028819620609283
14,115,10,0.07286544889211655
14,115,11,0.06348071247339249
14,115,12,0.06899183243513107
14,115,13,0.06722622364759445
14,115,14,0.03980774059891701
14,115,15,0.03888559341430664
14,115,16,0.05005214363336563
14,115,17,0.044376228004693985
14,115,18,0.057736385613679886
14,118,1,0.06152927130460739
14,118,2,0.054359082132577896
14,118,3,0.05631100758910179
14,118,4,0.04820064827799797
14,118,5,0.04492794722318649
14,118,6,0.05607093125581741
14,118,7,0.049827929586172104
14,118,8,0.06405117362737656
14,118,9,0.06520042568445206
14,118,10,0.0677439421415329
14,118,11,0.06367062777280807
14,118,12,0.06943302601575851
14,118,13,0.056256044656038284
14,118,14,0.042123544961214066
14,118,15,0.041177898645401
14,118,16,0.05168019235134125
14,118,17,0.04602707922458649
14,118,18,0.06140921637415886
14,133,1,0.06094908341765404
14,133,2,0.050098635256290436
14,133,3,0.06707442551851273
14,133,4,0.04723598062992096
14,133,5,0.039409369230270386
14,133,6,0.05405065044760704
14,133,7,0.04730522260069847
14,133,8,0.058962199836969376
14,133,9,0.0663921982049942
14,133,10,0.06723222881555557
14,133,11,0.06476423144340515
14,133,12,0.06396283954381943
14,133,13,0.0603899322450161
14,133,14,0.04412562772631645
14,133,15,0.042002297937870026
14,133,16,0.050245627760887146
14,133,17,0.04752516746520996
14,133,18,0.06827431172132492
14,138,1,0.06454785168170929
14,138,2,0.048548873513936996
14,138,3,0.057758878916502
14,138,4,0.047170206904411316
14,138,5,0.05074233189225197
14,138,6,0.057456497102975845
14,138,7,0.04655241593718529
14,138,8,0.06068059802055359
14,138,9,0.06618855893611908
14,138,10,0.06964924931526184
14,138,11,0.06115838512778282
14,138,12,0.06520815193653107
14,138,13,0.061485882848501205
14,138,14,0.04101220890879631
14,138,15,0.04101220890879631
14,138,16,0.04980342462658882
14,138,17,0.043233007192611694
14,138,18,0.06779126077890396
14,139,1,0.06340846419334412
14,139,2,0.049452874809503555
14,139,3,0.06155167520046234
14,139,4,0.045569244772195816
14,139,5,0.05324334651231766
14,139,6,0.05873391404747963
14,139,7,0.046878229826688766
14,139,8,0.06085221469402313
14,139,9,0.06694943457841873
14,139,10,0.06871721148490906
14,139,11,0.060664936900138855
14,139,12,0.06779652833938599
14,139,13,0.058594267815351486
14,139,14,0.04101789742708206
14,139,15,0.04051034152507782
14,139,16,0.048330895602703094
14,139,17,0.04286063462495804
14,139,18,0.06486784666776657
14,140,1,0.06098495423793793
14,140,2,0.0498771071434021
14,140,3,0.06532056629657745
14,140,4,0.04784354194998741
14,140,5,0.050935402512550354
14,140,6,0.06012105941772461
14,140,7,0.04436703398823738
14,140,8,0.05946779251098633
14,140,9,0.06710878759622574
14,140,10,0.06344480067491531
14,140,11,0.05950228497385979
14,140,12,0.0649627298116684
14,140,13,0.06213465705513954
14,140,14,0.04075325280427933
14,140,15,0.040199872106313705
14,140,16,0.05443930998444557
14,140,17,0.0439358651638031
14,140,18,0.06460094451904297
14,154,1,0.06685442477464676
14,154,2,0.05479903519153595
14,154,3,0.05605063959956169
14,154,4,0.043265022337436676
14,154,5,0.049627821892499924
14,154,6,0.05153551697731018
14,154,7,0.04646194353699684
14,154,8,0.06430946290493011
14,154,9,0.062188368290662766
14,154,10,0.0661451518535614
14,154,11,0.06443126499652863
14,154,12,0.0639113187789917
14,154,13,0.05853657051920891
14,154,14,0.04350864887237549
14,154,15,0.0411529503762722
14,154,16,0.05422014370560646
14,154,17,0.0462130606174469
14,154,18,0.06678866595029831
14,155,1,0.05814604461193085
14,155,2,0.05209314823150635
14,155,3,0.05658455938100815
14,155,4,0.05041651055216789
14,155,5,0.049513839185237885
14,155,6,0.05537846311926842
14,155,7,0.04908056929707527
14,155,8,0.061186231672763824
14,155,9,0.0658298134803772
14,155,10,0.07105094939470291
14,155,11,0.0609123557806015
14,155,12,0.06126844137907028
14,155,13,0.05845562368631363
14,155,14,0.045938387513160706
14,155,15,0.04005838930606842
14,155,16,0.05149253457784653
14,155,17,0.04650259390473366
14,155,18,0.06609149277210236
14,156,1,0.05816986411809921
14,156,2,0.051134590059518814
14,156,3,0.06963296234607697
14,156,4,0.04758710414171219
14,156,5,0.04678075760602951
14,156,6,0.05400889366865158
14,156,7,0.048822756856679916
14,156,8,0.061494018882513046
14,156,9,0.06857851147651672
14,156,10,0.07058720290660858
14,156,11,0.06343007832765579
14,156,12,0.06435821205377579
14,156,13,0.05646281689405441
14,156,14,0.04408615455031395
14,156,15,0.04033738002181053
14,156,16,0.04978569969534874
14,156,17,0.04720525071024895
14,156,18,0.05753780156373978
14,157,1,0.05899365618824959
14,157,2,0.05018046125769615
14,157,3,0.05927156284451485
14,157,4,0.04589105769991875
14,157,5,0.046138204634189606
14,157,6,0.045245811343193054
14,157,7,0.05248606204986572
14,157,8,0.061962708830833435
14,157,9,0.06075867637991905
14,157,10,0.0727141723036766
14,157,11,0.06303362548351288
14,157,12,0.06628181040287018
14,157,13,0.06472647190093994
14,157,14,0.04610442370176315
14,157,15,0.03728185221552849
14,157,16,0.051020488142967224
14,157,17,0.0440361313521862
14,157,18,0.07387278228998184
14,158,1,0.06050679832696915
14,158,2,0.045412328094244
14,158,3,0.057041581720113754
14,158,4,0.05263423174619675
14,158,5,0.045701511204242706
14,158,6,0.04775466024875641
14,158,7,0.04962669312953949
14,158,8,0.05655796825885773
14,158,9,0.06497873365879059
14,158,10,0.07373848557472229
14,158,11,0.0595630407333374
14,158,12,0.06602617353200912
14,158,13,0.06695550680160522
14,158,14,0.04401513934135437
14,158,15,0.04091658815741539
14,158,16,0.05990387499332428
14,158,17,0.042588092386722565
14,158,18,0.06607858091592789
14,159,1,0.055632561445236206
14,159,2,0.0477188378572464
14,159,3,0.06278681755065918
14,159,4,0.04585716500878334
14,159,5,0.04613790661096573
14,159,6,0.04895194247364998
14,159,7,0.05079023912549019
14,159,8,0.05782047286629677
14,159,9,0.06400533765554428
14,159,10,0.07512728124856949
14,159,11,0.06251049041748047
14,159,12,0.07358430325984955
14,159,13,0.06145760416984558
14,159,14,0.044751159846782684
14,159,15,0.040439173579216
14,159,16,0.050635479390621185
14,159,17,0.044218990951776505
14,159,18,0.06757423281669617
14,160,1,0.05838533863425255
14,160,2,0.05127390846610069
14,160,3,0.05930839851498604
14,160,4,0.04970244690775871
14,160,5,0.04947242885828018
14,160,6,0.049231451004743576
14,160,7,0.051941677927970886
14,160,8,0.056018561124801636
14,160,9,0.06945714354515076
14,160,10,0.06906821578741074
14,160,11,0.06332642585039139
14,160,12,0.06637059152126312
14,160,13,0.06677590310573578
14,160,14,0.04373394325375557
14,160,15,0.0386044904589653
14,160,16,0.050104498863220215
14,160,17,0.04573218151926994
14,160,18,0.0614924393594265
14,161,1,0.055598266422748566
14,161,2,0.04908926412463188
14,161,3,0.058270033448934555
14,161,4,0.04818682000041008
14,161,5,0.04686417430639267
14,161,6,0.04845816642045975
14,161,7,0.05001470446586609
14,161,8,0.05620216205716133
14,161,9,0.0646626353263855
14,161,10,0.07102017104625702
14,161,11,0.06674578785896301
14,161,12,0.07818629592657089
14,161,13,0.06506446748971939
14,161,14,0.04388531297445297
14,161,15,0.03835228458046913
14,161,16,0.051438819617033005
14,161,17,0.04575621709227562
14,161,18,0.062204428017139435
14,162,1,0.0572025366127491
14,162,2,0.051867786794900894
14,162,3,0.0578768253326416
14,162,4,0.04637494683265686
14,162,5,0.044992055743932724
14,162,6,0.056150954216718674
14,162,7,0.052000921219587326
14,162,8,0.054816752672195435
14,162,9,0.06168198958039284
14,162,10,0.07007746398448944
14,162,11,0.0647655799984932
14,162,12,0.0743970051407814
14,162,13,0.06384813785552979
14,162,14,0.04241084307432175
14,162,15,0.03890887647867203
14,162,16,0.05193113535642624
14,162,17,0.04463103041052818
14,162,18,0.06606514751911163
14,166,1,0.05329564958810806
14,166,2,0.04783810302615166
14,166,3,0.05936403200030327
14,166,4,0.044731758534908295
14,166,5,0.045904479920864105
14,166,6,0.04905032366514206
14,166,7,0.049146220088005066
14,166,8,0.05733339488506317
14,166,9,0.06438302248716354
14,166,10,0.06445379555225372
14,166,11,0.06172599643468857
14,166,12,0.06878472119569778
14,166,13,0.06823693215847015
14,166,14,0.044448718428611755
14,166,15,0.04265208914875984
14,166,16,0.05426063388586044
14,166,17,0.0490383543074131
14,166,18,0.07535181939601898
14,167,1,0.056925226002931595
14,167,2,0.048551253974437714
14,167,3,0.05848183482885361
14,167,4,0.04474935308098793
14,167,5,0.04519953206181526
14,167,6,0.051305387169122696
14,167,7,0.05017198994755745
14,167,8,0.05883807688951492
14,167,9,0.06239718943834305
14,167,10,0.06521730870008469
14,167,11,0.06720954924821854
14,167,12,0.06826377660036087
14,167,13,0.06613121926784515
14,167,14,0.04423880577087402
14,167,15,0.04144705459475517
14,167,16,0.05085643380880356
14,167,17,0.04736292362213135
14,167,18,0.07265310734510422
14,168,1,0.06078661233186722
14,168,2,0.050188980996608734
14,168,3,0.06009504571557045
14,168,4,0.04366353154182434
14,168,5,0.04877563938498497
14,168,6,0.05433019623160362
14,168,7,0.04868641123175621
14,168,8,0.061397187411785126
14,168,9,0.06433388590812683
14,168,10,0.06442032754421234
14,168,11,0.06159330531954765
14,168,12,0.06980820000171661
14,168,13,0.06339642405509949
14,168,14,0.043588973581790924
14,168,15,0.03933131694793701
14,168,16,0.05190238729119301
14,168,17,0.04582606628537178
14,168,18,0.06787551194429398
14,172,1,0.05762800946831703
14,172,2,0.05523121356964111
14,172,3,0.06128482148051262
14,172,4,0.047525182366371155
14,172,5,0.04749038815498352
14,172,6,0.05981767922639847
14,172,7,0.042187295854091644
14,172,8,0.05929785966873169
14,172,9,0.06586650013923645
14,172,10,0.06642565131187439
14,172,11,0.06286847591400146
14,172,12,0.07065904885530472
14,172,13,0.06387410312891006
14,172,14,0.040571123361587524
14,172,15,0.041756920516490936
14,172,16,0.051840610802173615
14,172,17,0.04284118488430977
14,172,18,0.06283394992351532
14,173,1,0.05976201221346855
14,173,2,0.051521215587854385
14,173,3,0.06907805800437927
14,173,4,0.04775414615869522
14,173,5,0.0488150492310524
14,173,6,0.055755335837602615
14,173,7,0.049789994955062866
14,173,8,0.05587116256356239
14,173,9,0.06709899753332138
14,173,10,0.06749021261930466
14,173,11,0.062364932149648666
14,173,12,0.06923845410346985
14,173,13,0.05804719403386116
14,173,14,0.04040985554456711
14,173,15,0.04049874469637871
14,173,16,0.047197796404361725
14,173,17,0.046251021325588226
14,173,18,0.06305580586194992
14,178,1,0.05302400141954422
14,178,2,0.05323803052306175
14,178,3,0.0605294406414032
14,178,4,0.0458996519446373
14,178,5,0.046248357743024826
14,178,6,0.04917105659842491
14,178,7,0.04435732215642929
14,178,8,0.06009506434202194
14,178,9,0.06851144134998322
14,178,10,0.06725605577230453
14,178,11,0.06257294863462448
14,178,12,0.06636405736207962
14,178,13,0.06412968039512634
14,178,14,0.045265331864356995
14,178,15,0.043287493288517
14,178,16,0.052617788314819336
14,178,17,0.04379775747656822
14,178,18,0.07363450527191162
14,181,1,0.050994791090488434
14,181,2,0.05014294385910034
14,181,3,0.056951332837343216
14,181,4,0.04170210659503937
14,181,5,0.040875546634197235
14,181,6,0.05490344017744064
14,181,7,0.05167784169316292
14,181,8,0.06248394027352333
14,181,9,0.07006630301475525
14,181,10,0.07400250434875488
14,181,11,0.06788365542888641
14,181,12,0.06517856568098068
14,181,13,0.06527609378099442
14,181,14,0.039831310510635376
14,181,15,0.040587168186903
14,181,16,0.05561847612261772
14,181,17,0.047940272837877274
14,181,18,0.06388376653194427
14,182,1,0.06835304945707321
14,182,2,0.049052894115448
14,182,3,0.0601724311709404
14,182,4,0.04765990376472473
14,182,5,0.04585646837949753
14,182,6,0.053174957633018494
14,182,7,0.0486830435693264
14,182,8,0.05931733176112175
14,182,9,0.06440309435129166
14,182,10,0.06723790615797043
14,182,11,0.06229601800441742
14,182,12,0.06496072560548782
14,182,13,0.06407130509614944
14,182,14,0.043628547340631485
14,182,15,0.03911792114377022
14,182,16,0.051169078797101974
14,182,17,0.04836319014430046
14,182,18,0.06248212978243828
14,183,1,0.0590650700032711
14,183,2,0.05200716108083725
14,183,3,0.05967747047543526
14,183,4,0.044843919575214386
14,183,5,0.050579655915498734
14,183,6,0.050480958074331284
14,183,7,0.048820436000823975
14,183,8,0.06282013654708862
14,183,9,0.06148171052336693
14,183,10,0.06404706090688705
14,183,11,0.06225486844778061
14,183,12,0.07052356004714966
14,183,13,0.06375989317893982
14,183,14,0.047876160591840744
14,183,15,0.03792868182063103
14,183,16,0.04936577007174492
14,183,17,0.048808518797159195
14,183,18,0.06565899401903152
14,193,1,0.06213139742612839
14,193,2,0.0556296780705452
14,193,3,0.06250224262475967
14,193,4,0.04126483574509621
14,193,5,0.04159863665699959
14,193,6,0.059871651232242584
14,193,7,0.052182745188474655
14,193,8,0.05778219550848007
14,193,9,0.06687017530202866
14,193,10,0.07060635089874268
14,193,11,0.07500426471233368
14,193,12,0.07287432253360748
14,193,13,0.0497748963534832
14,193,14,0.04163927957415581
14,193,15,0.035572513937950134
14,193,16,0.047751326113939285
14,193,17,0.04902714118361473
14,193,18,0.057916365563869476
14,194,1,0.05999637395143509
14,194,2,0.0533488504588604
14,194,3,0.06631676852703094
14,194,4,0.042078956961631775
14,194,5,0.0404965840280056
14,194,6,0.05393819138407707
14,194,7,0.04883628338575363
14,194,8,0.05751862749457359
14,194,9,0.06661494076251984
14,194,10,0.06799723953008652
14,194,11,0.06759998947381973
14,194,12,0.07389595359563828
14,194,13,0.05864949896931648
14,194,14,0.04226427897810936
14,194,15,0.03920275717973709
14,194,16,0.05116749182343483
14,194,17,0.04876479506492615
14,194,18,0.06131240352988243
14,195,1,0.05561017245054245
14,195,2,0.05163229629397392
14,195,3,0.06047767028212547
14,195,4,0.05114300921559334
14,195,5,0.03794136270880699
14,195,6,0.05346672981977463
14,195,7,0.047172702848911285
14,195,8,0.05803758651018143
14,195,9,0.06744404137134552
14,195,10,0.07320535182952881
14,195,11,0.06871971487998962
14,195,12,0.07001523673534393
14,195,13,0.06022626906633377
14,195,14,0.043457530438899994
14,195,15,0.038173649460077286
14,195,16,0.05170798674225807
14,195,17,0.046577610075473785
14,195,18,0.0649910718202591
14,217,1,0.05310139060020447
14,217,2,0.04744315519928932
14,217,3,0.06303108483552933
14,217,4,0.04409251734614372
14,217,5,0.047085441648960114
14,217,6,0.05197271332144737
14,217,7,0.04871073365211487
14,217,8,0.06933339685201645
14,217,9,0.07055861502885818
14,217,10,0.0657307431101799
14,217,11,0.06303734332323074
14,217,12,0.06988144665956497
14,217,13,0.060359351336956024
14,217,14,0.042351625859737396
14,217,15,0.04211447760462761
14,217,16,0.05136094242334366
14,217,17,0.04316585510969162
14,217,18,0.06666914373636246
14,218,1,0.06226041167974472
14,218,2,0.05091015249490738
14,218,3,0.061597056686878204
14,218,4,0.04436670243740082
14,218,5,0.047285787761211395
14,218,6,0.05625618249177933
14,218,7,0.04732043296098709
14,218,8,0.0632372498512268
14,218,9,0.06539187580347061
14,218,10,0.06940777599811554
14,218,11,0.061091598123311996
14,218,12,0.06775444000959396
14,218,13,0.06169959902763367
14,218,14,0.041903115808963776
14,218,15,0.04137450456619263
14,218,16,0.05177503451704979
14,218,17,0.04323326423764229
14,218,18,0.0631348118185997
14,219,1,0.06167316064238548
14,219,2,0.050706200301647186
14,219,3,0.06120442599058151
14,219,4,0.0463775135576725
14,219,5,0.050650522112846375
14,219,6,0.05812784284353256
14,219,7,0.04642282426357269
14,219,8,0.06051352620124817
14,219,9,0.06517165899276733
14,219,10,0.06931138038635254
14,219,11,0.062321167439222336
14,219,12,0.06545069813728333
14,219,13,0.062241341918706894
14,219,14,0.04185769334435463
14,219,15,0.04042157158255577
14,219,16,0.05100417509675026
14,219,17,0.04400593042373657
14,219,18,0.06253836303949356
14,220,1,0.05787922441959381
14,220,2,0.04666649550199509
14,220,3,0.05917228385806084
14,220,4,0.04681484028697014
14,220,5,0.04311732202768326
14,220,6,0.05054481700062752
14,220,7,0.04742453619837761
14,220,8,0.058240681886672974
14,220,9,0.06243357062339783
14,220,10,0.06483747810125351
14,220,11,0.06091289594769478
14,220,12,0.0671103447675705
14,220,13,0.06530414521694183
14,220,14,0.04695219546556473
14,220,15,0.04311732202768326
14,220,16,0.05459197238087654
14,220,17,0.04871540144085884
14,220,18,0.07616443186998367
14,221,1,0.05142807587981224
14,221,2,0.04398339241743088
14,221,3,0.0642365887761116
14,221,4,0.0457020029425621
14,221,5,0.05575653910636902
14,221,6,0.048816099762916565
14,221,7,0.047095220535993576
14,221,8,0.05927650257945061
14,221,9,0.05968309938907623
14,221,10,0.07281351089477539
14,221,11,0.06381506472826004
14,221,12,0.0653553158044815
14,221,13,0.06253113597631454
14,221,14,0.04767363891005516
14,221,15,0.04099703207612038
14,221,16,0.049949344247579575
14,221,17,0.04795379191637039
14,221,18,0.07293359935283661
14,222,1,0.053144894540309906
14,222,2,0.04485640674829483
14,222,3,0.05948314815759659
14,222,4,0.045473888516426086
14,222,5,0.049663640558719635
14,222,6,0.05005316063761711
14,222,7,0.04765623062849045
14,222,8,0.059446852654218674
14,222,9,0.061436932533979416
14,222,10,0.06545118987560272
14,222,11,0.06228836253285408
14,222,12,0.06709948927164078
14,222,13,0.0651284009218216
14,222,14,0.04664328694343567
14,222,15,0.04585292935371399
14,222,16,0.052970029413700104
14,222,17,0.04740095138549805
14,222,18,0.07595019787549973
14,229,1,0.06009512022137642
14,229,2,0.04829663038253784
14,229,3,0.05962017923593521
14,229,4,0.04682212695479393
14,229,5,0.04256962984800339
14,229,6,0.05151200667023659
14,229,7,0.04541481286287308
14,229,8,0.058456312865018845
14,229,9,0.06863916665315628
14,229,10,0.06557294726371765
14,229,11,0.05936237797141075
14,229,12,0.07028405368328094
14,229,13,0.06368021667003632
14,229,14,0.04374970495700836
14,229,15,0.04430866241455078
14,229,16,0.0530240498483181
14,229,17,0.04716632142663002
14,229,18,0.07142572849988937
14,230,1,0.055421385914087296
14,230,2,0.04713322967290878
14,230,3,0.059064216911792755
14,230,4,0.04413726180791855
14,230,5,0.048688799142837524
14,230,6,0.05125640705227852
14,230,7,0.0462893508374691
14,230,8,0.06495651602745056
14,230,9,0.06539209932088852
14,230,10,0.06387631595134735
14,230,11,0.0601813830435276
14,230,12,0.0673588290810585
14,230,13,0.06466379016637802
14,230,14,0.04799249768257141
14,230,15,0.04303069785237312
14,230,16,0.0512876957654953
14,230,17,0.046357207000255585
14,230,18,0.0729123130440712
14,231,1,0.05972271412611008
14,231,2,0.048344265669584274
14,231,3,0.061517998576164246
14,231,4,0.04261161759495735
14,231,5,0.04428744316101074
14,231,6,0.05666178837418556
14,231,7,0.04620932787656784
14,231,8,0.06231774762272835
14,231,9,0.06507020443677902
14,231,10,0.06377027183771133
14,231,11,0.06444768607616425
14,231,12,0.06514571607112885
14,231,13,0.06394029408693314
14,231,14,0.04564867913722992
14,231,15,0.04272620379924774
14,231,16,0.05036221817135811
14,231,17,0.0461980439722538
14,231,18,0.07101777195930481
14,255,1,0.05481526255607605
14,255,2,0.048056475818157196
14,255,3,0.061076246201992035
14,255,4,0.04791589081287384
14,255,5,0.04525523632764816
14,255,6,0.05468827858567238
14,255,7,0.04478262737393379
14,255,8,0.06223241984844208
14,255,9,0.065854012966156
14,255,10,0.06991749256849289
14,255,11,0.062143225222826004
14,255,12,0.06493402272462845
14,255,13,0.0669257789850235
14,255,14,0.04597912356257439
14,255,15,0.039385683834552765
14,255,16,0.050430428236722946
14,255,17,0.04765922203660011
14,255,18,0.0679485946893692
14,256,1,0.05808064714074135
14,256,2,0.05233395844697952
14,256,3,0.06102609261870384
14,256,4,0.04627484828233719
14,256,5,0.04561306908726692
14,256,6,0.0535096675157547
14,256,7,0.046252258121967316
14,256,8,0.05934378132224083
14,256,9,0.06461592763662338
14,256,10,0.06556941568851471
14,256,11,0.06725557893514633
14,256,12,0.0670711100101471
14,256,13,0.06144094094634056
14,256,14,0.04390852153301239
14,256,15,0.03893880173563957
14,256,16,0.05083538964390755
14,256,17,0.04672896862030029
14,256,18,0.07120099663734436
14,257,1,0.056108828634023666
14,257,2,0.04960056021809578
14,257,3,0.057798121124506
14,257,4,0.04572765901684761
14,257,5,0.05394616350531578
14,257,6,0.05612253025174141
14,257,7,0.0470641665160656
14,257,8,0.0622396282851696
14,257,9,0.06389814615249634
14,257,10,0.06564592570066452
14,257,11,0.06036154925823212
14,257,12,0.06453358381986618
14,257,13,0.06560387462377548
14,257,14,0.04904065281152725
14,257,15,0.04099000617861748
14,257,16,0.04925663769245148
14,257,17,0.04459211230278015
14,257,18,0.06746982038021088
14,264,1,0.05661133676767349
14,264,2,0.05361161753535271
14,264,3,0.06102120503783226
14,264,4,0.04866519197821617
14,264,5,0.04355934262275696
14,264,6,0.05617078021168709
14,264,7,0.04791070893406868
14,264,8,0.057055339217185974
14,264,9,0.061481036245822906
14,264,10,0.07081392407417297
14,264,11,0.06348687410354614
14,264,12,0.06879248470067978
14,264,13,0.05856544151902199
14,264,14,0.04505191743373871
14,264,15,0.03975817933678627
14,264,16,0.05041881650686264
14,264,17,0.0512753501534462
14,264,18,0.06575050950050354
