policy,analysis_id,layer,curves,accepted_curves,accepted_fraction
noapex,AutoStrainCap_1137189-5_20260707_113408,endo,12,12,1.0
noapex,AutoStrainCap_1137189-5_20260707_113408,mid,12,12,1.0
noapex,AutoStrainCap_1137189-5_20260707_114151,endo,12,12,1.0
noapex,AutoStrainCap_1137189-5_20260707_114151,mid,12,12,1.0
noapex,AutoStrainCap_1137189-5_20260707_114424,endo,12,12,1.0
noapex,AutoStrainCap_1137189-5_20260707_114424,mid,12,12,1.0
noapex,AutoStrainCap_1137189-5_20260707_114650,endo,12,12,1.0
noapex,AutoStrainCap_1137189-5_20260707_114650,mid,12,12,1.0
noapex,AutoStrainCap_1223278-1_20260705_171815,endo,12,12,1.0
noapex,AutoStrainCap_1223278-1_20260705_171815,mid,12,12,1.0
noapex,AutoStrainCap_1223278-1_20260705_172202,endo,12,12,1.0
noapex,AutoStrainCap_1223278-1_20260705_172202,mid,12,12,1.0
noapex,AutoStrainCap_1223278-1_20260705_172425,endo,12,12,1.0
noapex,AutoStrainCap_1223278-1_20260705_172425,mid,12,12,1.0
noapex,AutoStrainCap_1223278-1_20260705_172635,endo,12,12,1.0
noapex,AutoStrainCap_1223278-1_20260705_172635,mid,12,12,1.0
noapex,AutoStrainCap_1724395-7_20260707_104735,endo,12,12,1.0
noapex,AutoStrainCap_1724395-7_20260707_104735,mid,12,12,1.0
noapex,AutoStrainCap_1724395-7_20260707_105012,endo,12,12,1.0
noapex,AutoStrainCap_1724395-7_20260707_105012,mid,12,12,1.0
noapex,AutoStrainCap_1724395-7_20260707_105432,endo,12,12,1.0
noapex,AutoStrainCap_1724395-7_20260707_105432,mid,12,12,1.0
noapex,AutoStrainCap_1724395-7_20260707_105822,endo,12,12,1.0
noapex,AutoStrainCap_1724395-7_20260707_105822,mid,12,12,1.0
noapex,AutoStrainCap_1744250-0_20260703_143607,endo,12,12,1.0
noapex,AutoStrainCap_1744250-0_20260703_143607,mid,12,12,1.0
noapex,AutoStrainCap_1744250-0_20260703_143906,endo,12,12,1.0
noapex,AutoStrainCap_1744250-0_20260703_143906,mid,12,12,1.0
noapex,AutoStrainCap_1744250-0_20260703_144142,endo,12,12,1.0
noapex,AutoStrainCap_1744250-0_20260703_144142,mid,12,12,1.0
noapex,AutoStrainCap_1744250-0_20260703_144157,endo,12,12,1.0
noapex,AutoStrainCap_1744250-0_20260703_144157,mid,12,12,1.0
noapex,AutoStrainCap_2170348-3_20260707_143235,endo,12,12,1.0
noapex,AutoStrainCap_2170348-3_20260707_143235,mid,12,12,1.0
noapex,AutoStrainCap_2170348-3_20260707_143611,endo,12,12,1.0
noapex,AutoStrainCap_2170348-3_20260707_143611,mid,12,12,1.0
noapex,AutoStrainCap_2170348-3_20260707_143837,endo,12,12,1.0
noapex,AutoStrainCap_2170348-3_20260707_143837,mid,12,12,1.0
noapex,AutoStrainCap_2170348-3_20260707_144100,endo,12,12,1.0
noapex,AutoStrainCap_2170348-3_20260707_144100,mid,12,12,1.0
noapex,AutoStrainCap_2226632-4_20260707_162808,endo,12,12,1.0
noapex,AutoStrainCap_2226632-4_20260707_162808,mid,12,12,1.0
noapex,AutoStrainCap_2226632-4_20260707_163043,endo,12,12,1.0
noapex,AutoStrainCap_2226632-4_20260707_163043,mid,12,12,1.0
noapex,AutoStrainCap_2233408-0_20260619_102528,endo,12,12,1.0
noapex,AutoStrainCap_2233408-0_20260619_102528,mid,12,12,1.0
noapex,AutoStrainCap_2233408-0_20260619_102906,endo,12,12,1.0
noapex,AutoStrainCap_2233408-0_20260619_102906,mid,12,12,1.0
noapex,AutoStrainCap_2233408-0_20260619_103458,endo,12,12,1.0
noapex,AutoStrainCap_2233408-0_20260619_103458,mid,12,12,1.0
noapex,AutoStrainCap_2250834-5_20260619_095218,endo,12,12,1.0
noapex,AutoStrainCap_2250834-5_20260619_095218,mid,12,12,1.0
noapex,AutoStrainCap_2250834-5_20260619_095534,endo,12,12,1.0
noapex,AutoStrainCap_2250834-5_20260619_095534,mid,12,12,1.0
noapex,AutoStrainCap_2250834-5_20260619_095931,endo,12,12,1.0
noapex,AutoStrainCap_2250834-5_20260619_095931,mid,12,12,1.0
noapex,AutoStrainCap_2250834-5_20260619_100332,endo,12,12,1.0
noapex,AutoStrainCap_2250834-5_20260619_100332,mid,12,12,1.0
noapex,AutoStrainCap_2258762-0_20260703_110621,endo,12,12,1.0
noapex,AutoStrainCap_2258762-0_20260703_110621,mid,12,12,1.0
noapex,AutoStrainCap_2258762-0_20260703_110854,endo,12,12,1.0
noapex,AutoStrainCap_2258762-0_20260703_110854,mid,12,12,1.0
noapex,AutoStrainCap_2258762-0_20260703_111414,endo,12,12,1.0
noapex,AutoStrainCap_2258762-0_20260703_111414,mid,12,12,1.0
noapex,AutoStrainCap_2258762-0_20260703_124045,endo,12,12,1.0
noapex,AutoStrainCap_2258762-0_20260703_124045,mid,12,12,1.0
noapex,AutoStrainCap_2280496-7_20260624_202319,endo,12,12,1.0
noapex,AutoStrainCap_2280496-7_20260624_202319,mid,12,12,1.0
noapex,AutoStrainCap_2280496-7_20260624_202753,endo,12,12,1.0
noapex,AutoStrainCap_2280496-7_20260624_202753,mid,12,12,1.0
noapex,AutoStrainCap_2280496-7_20260624_203432,endo,12,12,1.0
noapex,AutoStrainCap_2280496-7_20260624_203432,mid,12,12,1.0
noapex,AutoStrainCap_2280496-7_20260624_204125,endo,12,12,1.0
noapex,AutoStrainCap_2280496-7_20260624_204125,mid,12,12,1.0
noapex,AutoStrainCap_2369825-1_20260720_123518,endo,12,12,1.0
noapex,AutoStrainCap_2369825-1_20260720_123518,mid,12,12,1.0
noapex,AutoStrainCap_2369825-1_20260720_124038,endo,12,12,1.0
noapex,AutoStrainCap_2369825-1_20260720_124038,mid,12,12,1.0
noapex,AutoStrainCap_2369825-1_20260720_124440,endo,12,12,1.0
noapex,AutoStrainCap_2369825-1_20260720_124440,mid,12,12,1.0
noapex,AutoStrainCap_2369825-1_20260720_124753,endo,12,12,1.0
noapex,AutoStrainCap_2369825-1_20260720_124753,mid,12,12,1.0
noapex,AutoStrainCap_2379344-1_20260610_154520,endo,12,12,1.0
noapex,AutoStrainCap_2379344-1_20260610_154520,mid,12,12,1.0
noapex,AutoStrainCap_2379344-1_20260610_155039,endo,12,12,1.0
noapex,AutoStrainCap_2379344-1_20260610_155039,mid,12,12,1.0
noapex,AutoStrainCap_2379344-1_20260610_155714,endo,12,12,1.0
noapex,AutoStrainCap_2379344-1_20260610_155714,mid,12,12,1.0
noapex,AutoStrainCap_2379344-1_20260610_160032,endo,12,12,1.0
noapex,AutoStrainCap_2379344-1_20260610_160032,mid,12,12,1.0
noapex,AutoStrainCap_2379344-1_20260610_162436,endo,12,12,1.0
noapex,AutoStrainCap_2379344-1_20260610_162436,mid,12,12,1.0
noapex,AutoStrainCap_2484127-2_20260624_155222,endo,12,12,1.0
noapex,AutoStrainCap_2484127-2_20260624_155222,mid,12,12,1.0
noapex,AutoStrainCap_2484127-2_20260624_160012,endo,12,12,1.0
noapex,AutoStrainCap_2484127-2_20260624_160012,mid,12,12,1.0
noapex,AutoStrainCap_2484127-2_20260624_160617,endo,12,12,1.0
noapex,AutoStrainCap_2484127-2_20260624_160617,mid,12,12,1.0
noapex,AutoStrainCap_2484127-2_20260624_160925,endo,12,12,1.0
noapex,AutoStrainCap_2484127-2_20260624_160925,mid,12,12,1.0
noapex,AutoStrainCap_2508805-5_20260619_113900,endo,12,12,1.0
noapex,AutoStrainCap_2508805-5_20260619_113900,mid,12,12,1.0
noapex,AutoStrainCap_2508805-5_20260619_114214,endo,12,12,1.0
noapex,AutoStrainCap_2508805-5_20260619_114214,mid,12,12,1.0
noapex,AutoStrainCap_2508805-5_20260619_114536,endo,12,12,1.0
noapex,AutoStrainCap_2508805-5_20260619_114536,mid,12,12,1.0
noapex,AutoStrainCap_2508805-5_20260619_114940,endo,12,12,1.0
noapex,AutoStrainCap_2508805-5_20260619_114940,mid,12,12,1.0
noapex,AutoStrainCap_2508805-5_20260625_152430,endo,12,12,1.0
noapex,AutoStrainCap_2508805-5_20260625_152430,mid,12,12,1.0
noapex,AutoStrainCap_2508805-5_20260625_152655,endo,12,12,1.0
noapex,AutoStrainCap_2508805-5_20260625_152655,mid,12,12,1.0
noapex,AutoStrainCap_2508805-5_20260625_152928,endo,12,12,1.0
noapex,AutoStrainCap_2508805-5_20260625_152928,mid,12,12,1.0
noapex,AutoStrainCap_2508805-5_20260625_153342,endo,12,12,1.0
noapex,AutoStrainCap_2508805-5_20260625_153342,mid,12,12,1.0
noapex,AutoStrainCap_2537675-7_20260705_180038,endo,12,12,1.0
noapex,AutoStrainCap_2537675-7_20260705_180038,mid,12,12,1.0
noapex,AutoStrainCap_2537675-7_20260705_180403,endo,12,12,1.0
noapex,AutoStrainCap_2537675-7_20260705_180403,mid,12,12,1.0
noapex,AutoStrainCap_2537675-7_20260705_180642,endo,12,12,1.0
noapex,AutoStrainCap_2537675-7_20260705_180642,mid,12,12,1.0
noapex,AutoStrainCap_2537675-7_20260705_180913,endo,12,12,1.0
noapex,AutoStrainCap_2537675-7_20260705_180913,mid,12,12,1.0
noapex,AutoStrainCap_2547641-7_20260703_140220,endo,12,12,1.0
noapex,AutoStrainCap_2547641-7_20260703_140220,mid,12,12,1.0
noapex,AutoStrainCap_2547641-7_20260703_140428,endo,12,12,1.0
noapex,AutoStrainCap_2547641-7_20260703_140428,mid,12,12,1.0
noapex,AutoStrainCap_2547641-7_20260703_140639,endo,12,12,1.0
noapex,AutoStrainCap_2547641-7_20260703_140639,mid,12,12,1.0
noapex,AutoStrainCap_2547641-7_20260703_140807,endo,12,12,1.0
noapex,AutoStrainCap_2547641-7_20260703_140807,mid,12,12,1.0
noapex,AutoStrainCap_2571168-0_20260719_142822,endo,12,12,1.0
noapex,AutoStrainCap_2571168-0_20260719_142822,mid,12,12,1.0
noapex,AutoStrainCap_2571168-0_20260719_143546,endo,12,12,1.0
noapex,AutoStrainCap_2571168-0_20260719_143546,mid,12,12,1.0
noapex,AutoStrainCap_2571168-0_20260720_121832,endo,12,12,1.0
noapex,AutoStrainCap_2571168-0_20260720_121832,mid,12,12,1.0
noapex,AutoStrainCap_2730888-1_20260707_144642,endo,12,12,1.0
noapex,AutoStrainCap_2730888-1_20260707_144642,mid,12,12,1.0
noapex,AutoStrainCap_2730888-1_20260707_145512,endo,12,12,1.0
noapex,AutoStrainCap_2730888-1_20260707_145512,mid,12,12,1.0
noapex,AutoStrainCap_2730888-1_20260707_145723,endo,12,12,1.0
noapex,AutoStrainCap_2730888-1_20260707_145723,mid,12,12,1.0
noapex,AutoStrainCap_2730888-1_20260707_145900,endo,12,12,1.0
noapex,AutoStrainCap_2730888-1_20260707_145900,mid,12,12,1.0
noapex,AutoStrainCap_2873723-7_20260707_152730,endo,12,12,1.0
noapex,AutoStrainCap_2873723-7_20260707_152730,mid,12,12,1.0
noapex,AutoStrainCap_2873723-7_20260707_153011,endo,12,12,1.0
noapex,AutoStrainCap_2873723-7_20260707_153011,mid,12,12,1.0
noapex,AutoStrainCap_2873723-7_20260707_153227,endo,12,12,1.0
noapex,AutoStrainCap_2873723-7_20260707_153227,mid,12,12,1.0
noapex,AutoStrainCap_2873723-7_20260707_153540,endo,12,12,1.0
noapex,AutoStrainCap_2873723-7_20260707_153540,mid,12,12,1.0
noapex,AutoStrainCap_2881847-4_20260703_113316,endo,12,12,1.0
noapex,AutoStrainCap_2881847-4_20260703_113316,mid,12,12,1.0
noapex,AutoStrainCap_2881847-4_20260703_113542,endo,12,12,1.0
noapex,AutoStrainCap_2881847-4_20260703_113542,mid,12,12,1.0
noapex,AutoStrainCap_2881847-4_20260703_114456,endo,12,12,1.0
noapex,AutoStrainCap_2881847-4_20260703_114456,mid,12,12,1.0
noapex,AutoStrainCap_2881847-4_20260703_124530,endo,12,12,1.0
noapex,AutoStrainCap_2881847-4_20260703_124530,mid,12,12,1.0
noapex,AutoStrainCap_2978314-9_20260703_135704,endo,12,12,1.0
noapex,AutoStrainCap_2978314-9_20260703_135704,mid,12,12,1.0
noapex,AutoStrainCap_2978314-9_20260703_135937,endo,12,12,1.0
noapex,AutoStrainCap_2978314-9_20260703_135937,mid,12,12,1.0
noapex,AutoStrainCap_2978314-9_20260705_133515,endo,12,12,1.0
noapex,AutoStrainCap_2978314-9_20260705_133515,mid,12,12,1.0
noapex,AutoStrainCap_2978314-9_20260705_133858,endo,12,12,1.0
noapex,AutoStrainCap_2978314-9_20260705_133858,mid,12,12,1.0
noapex,AutoStrainCap_30011875-9_20260705_165929,endo,12,12,1.0
noapex,AutoStrainCap_30011875-9_20260705_165929,mid,12,12,1.0
noapex,AutoStrainCap_30011875-9_20260705_170118,endo,12,12,1.0
noapex,AutoStrainCap_30011875-9_20260705_170118,mid,12,12,1.0
noapex,AutoStrainCap_30011875-9_20260705_170808,endo,12,12,1.0
noapex,AutoStrainCap_30011875-9_20260705_170808,mid,12,12,1.0
noapex,AutoStrainCap_30011875-9_20260705_171331,endo,12,12,1.0
noapex,AutoStrainCap_30011875-9_20260705_171331,mid,12,12,1.0
noapex,AutoStrainCap_30314808-4_20260703_131631,endo,12,12,1.0
noapex,AutoStrainCap_30314808-4_20260703_131631,mid,12,12,1.0
noapex,AutoStrainCap_30314808-4_20260703_131911,endo,12,12,1.0
noapex,AutoStrainCap_30314808-4_20260703_131911,mid,12,12,1.0
noapex,AutoStrainCap_30314808-4_20260703_132135,endo,12,12,1.0
noapex,AutoStrainCap_30314808-4_20260703_132135,mid,12,12,1.0
noapex,AutoStrainCap_30683084-5_20260720_125216,endo,12,12,1.0
noapex,AutoStrainCap_30683084-5_20260720_125216,mid,12,12,1.0
noapex,AutoStrainCap_30683084-5_20260720_142810,endo,12,12,1.0
noapex,AutoStrainCap_30683084-5_20260720_142810,mid,12,12,1.0
noapex,AutoStrainCap_30683084-5_20260720_143220,endo,12,12,1.0
noapex,AutoStrainCap_30683084-5_20260720_143220,mid,12,12,1.0
noapex,AutoStrainCap_30683084-5_20260720_143504,endo,12,12,1.0
noapex,AutoStrainCap_30683084-5_20260720_143504,mid,12,12,1.0
noapex,AutoStrainCap_30740228-9_20260705_150032,endo,12,12,1.0
noapex,AutoStrainCap_30740228-9_20260705_150032,mid,12,12,1.0
noapex,AutoStrainCap_30740228-9_20260705_150246,endo,12,12,1.0
noapex,AutoStrainCap_30740228-9_20260705_150246,mid,12,12,1.0
noapex,AutoStrainCap_30740228-9_20260705_150619,endo,12,12,1.0
noapex,AutoStrainCap_30740228-9_20260705_150619,mid,12,12,1.0
noapex,AutoStrainCap_30740228-9_20260705_151045,endo,12,12,1.0
noapex,AutoStrainCap_30740228-9_20260705_151045,mid,12,12,1.0
noapex,AutoStrainCap_30905318-9_20260703_141037,endo,12,12,1.0
noapex,AutoStrainCap_30905318-9_20260703_141037,mid,12,12,1.0
noapex,AutoStrainCap_30905318-9_20260703_141442,endo,12,12,1.0
noapex,AutoStrainCap_30905318-9_20260703_141442,mid,12,12,1.0
noapex,AutoStrainCap_30905318-9_20260703_141742,endo,12,12,1.0
noapex,AutoStrainCap_30905318-9_20260703_141742,mid,12,12,1.0
noapex,AutoStrainCap_30905318-9_20260703_142018,endo,12,12,1.0
noapex,AutoStrainCap_30905318-9_20260703_142018,mid,12,12,1.0
noapex,AutoStrainCap_30905373-4_20260719_134718,endo,12,12,1.0
noapex,AutoStrainCap_30905373-4_20260719_134718,mid,12,12,1.0
noapex,AutoStrainCap_30905373-4_20260719_135210,endo,12,12,1.0
noapex,AutoStrainCap_30905373-4_20260719_135210,mid,12,12,1.0
noapex,AutoStrainCap_30905373-4_20260719_135629,endo,12,12,1.0
noapex,AutoStrainCap_30905373-4_20260719_135629,mid,12,12,1.0
noapex,AutoStrainCap_30905373-4_20260719_135928,endo,12,12,1.0
noapex,AutoStrainCap_30905373-4_20260719_135928,mid,12,12,1.0
noapex,AutoStrainCap_31015650-0_20260624_185116,endo,12,12,1.0
noapex,AutoStrainCap_31015650-0_20260624_185116,mid,12,12,1.0
noapex,AutoStrainCap_31015650-0_20260624_190101,endo,12,12,1.0
noapex,AutoStrainCap_31015650-0_20260624_190101,mid,12,12,1.0
noapex,AutoStrainCap_31015650-0_20260624_190415,endo,12,12,1.0
noapex,AutoStrainCap_31015650-0_20260624_190415,mid,12,12,1.0
noapex,AutoStrainCap_31015650-0_20260624_190829,endo,12,12,1.0
noapex,AutoStrainCap_31015650-0_20260624_190829,mid,12,12,1.0
noapex,AutoStrainCap_31368451-6_20260616_143036,endo,12,12,1.0
noapex,AutoStrainCap_31368451-6_20260616_143036,mid,12,12,1.0
noapex,AutoStrainCap_31368451-6_20260616_143905,endo,12,12,1.0
noapex,AutoStrainCap_31368451-6_20260616_143905,mid,12,12,1.0
noapex,AutoStrainCap_31368451-6_20260616_144528,endo,12,12,1.0
noapex,AutoStrainCap_31368451-6_20260616_144528,mid,12,12,1.0
noapex,AutoStrainCap_31368451-6_20260616_145941,endo,12,12,1.0
noapex,AutoStrainCap_31368451-6_20260616_145941,mid,12,12,1.0
noapex,AutoStrainCap_31679667-1_20260629_143005,endo,12,12,1.0
noapex,AutoStrainCap_31679667-1_20260629_143005,mid,12,12,1.0
noapex,AutoStrainCap_31679667-1_20260629_143612,endo,12,12,1.0
noapex,AutoStrainCap_31679667-1_20260629_143612,mid,12,12,1.0
noapex,AutoStrainCap_31679667-1_20260629_143856,endo,12,12,1.0
noapex,AutoStrainCap_31679667-1_20260629_143856,mid,12,12,1.0
noapex,AutoStrainCap_31679667-1_20260629_144203,endo,12,12,1.0
noapex,AutoStrainCap_31679667-1_20260629_144203,mid,12,12,1.0
noapex,AutoStrainCap_31788903-8_20260705_173125,endo,12,12,1.0
noapex,AutoStrainCap_31788903-8_20260705_173125,mid,12,12,1.0
noapex,AutoStrainCap_31788903-8_20260705_173345,endo,12,12,1.0
noapex,AutoStrainCap_31788903-8_20260705_173345,mid,12,12,1.0
noapex,AutoStrainCap_31788903-8_20260705_173654,endo,12,12,1.0
noapex,AutoStrainCap_31788903-8_20260705_173654,mid,12,12,1.0
noapex,AutoStrainCap_31788903-8_20260705_174006,endo,12,12,1.0
noapex,AutoStrainCap_31788903-8_20260705_174006,mid,12,12,1.0
noapex,AutoStrainCap_32096153-5_20260703_114834,endo,12,12,1.0
noapex,AutoStrainCap_32096153-5_20260703_114834,mid,12,12,1.0
noapex,AutoStrainCap_32096153-5_20260703_115236,endo,12,12,1.0
noapex,AutoStrainCap_32096153-5_20260703_115236,mid,12,12,1.0
noapex,AutoStrainCap_32096153-5_20260703_115542,endo,12,12,1.0
noapex,AutoStrainCap_32096153-5_20260703_115542,mid,12,12,1.0
noapex,AutoStrainCap_32096153-5_20260703_124840,endo,12,12,1.0
noapex,AutoStrainCap_32096153-5_20260703_124840,mid,12,12,1.0
noapex,AutoStrainCap_32101870-7_20260707_100138,endo,12,12,1.0
noapex,AutoStrainCap_32101870-7_20260707_100138,mid,12,12,1.0
noapex,AutoStrainCap_32101870-7_20260707_102925,endo,12,12,1.0
noapex,AutoStrainCap_32101870-7_20260707_102925,mid,12,12,1.0
noapex,AutoStrainCap_32101870-7_20260707_103154,endo,12,12,1.0
noapex,AutoStrainCap_32101870-7_20260707_103154,mid,12,12,1.0
noapex,AutoStrainCap_32101870-7_20260707_103606,endo,12,12,1.0
noapex,AutoStrainCap_32101870-7_20260707_103606,mid,12,12,1.0
noapex,AutoStrainCap_32324083-8_20260707_084108,endo,12,12,1.0
noapex,AutoStrainCap_32324083-8_20260707_084108,mid,12,12,1.0
noapex,AutoStrainCap_32324083-8_20260707_084956,endo,12,12,1.0
noapex,AutoStrainCap_32324083-8_20260707_084956,mid,12,12,1.0
noapex,AutoStrainCap_32324083-8_20260707_085224,endo,12,12,1.0
noapex,AutoStrainCap_32324083-8_20260707_085224,mid,12,12,1.0
noapex,AutoStrainCap_32324083-8_20260707_085629,endo,12,12,1.0
noapex,AutoStrainCap_32324083-8_20260707_085629,mid,12,12,1.0
noapex,AutoStrainCap_32363189-5_20260703_102711,endo,12,12,1.0
noapex,AutoStrainCap_32363189-5_20260703_102711,mid,12,12,1.0
noapex,AutoStrainCap_32363189-5_20260703_103139,endo,12,12,1.0
noapex,AutoStrainCap_32363189-5_20260703_103139,mid,12,12,1.0
noapex,AutoStrainCap_32363189-5_20260703_103620,endo,12,12,1.0
noapex,AutoStrainCap_32363189-5_20260703_103620,mid,12,12,1.0
noapex,AutoStrainCap_32363189-5_20260703_123141,endo,12,12,1.0
noapex,AutoStrainCap_32363189-5_20260703_123141,mid,12,12,1.0
noapex,AutoStrainCap_32691333-2_20260629_144820,endo,12,12,1.0
noapex,AutoStrainCap_32691333-2_20260629_144820,mid,12,12,1.0
noapex,AutoStrainCap_32691333-2_20260629_145023,endo,12,12,1.0
noapex,AutoStrainCap_32691333-2_20260629_145023,mid,12,12,1.0
noapex,AutoStrainCap_32691333-2_20260629_145300,endo,12,12,1.0
noapex,AutoStrainCap_32691333-2_20260629_145300,mid,12,12,1.0
noapex,AutoStrainCap_32691333-2_20260629_145739,endo,12,12,1.0
noapex,AutoStrainCap_32691333-2_20260629_145739,mid,12,12,1.0
noapex,AutoStrainCap_33407814-4_20260707_090154,endo,12,12,1.0
noapex,AutoStrainCap_33407814-4_20260707_090154,mid,12,12,1.0
noapex,AutoStrainCap_33407814-4_20260707_090400,endo,12,12,1.0
noapex,AutoStrainCap_33407814-4_20260707_090400,mid,12,12,1.0
noapex,AutoStrainCap_33407814-4_20260707_091445,endo,12,12,1.0
noapex,AutoStrainCap_33407814-4_20260707_091445,mid,12,12,1.0
noapex,AutoStrainCap_33407814-4_20260707_091815,endo,12,12,1.0
noapex,AutoStrainCap_33407814-4_20260707_091815,mid,12,12,1.0
noapex,AutoStrainCap_33637467-3_20260624_162351,endo,12,12,1.0
noapex,AutoStrainCap_33637467-3_20260624_162351,mid,12,12,1.0
noapex,AutoStrainCap_33637467-3_20260624_163344,endo,12,12,1.0
noapex,AutoStrainCap_33637467-3_20260624_163344,mid,12,12,1.0
noapex,AutoStrainCap_33637467-3_20260624_163719,endo,12,12,1.0
noapex,AutoStrainCap_33637467-3_20260624_163719,mid,12,12,1.0
noapex,AutoStrainCap_33637467-3_20260624_171106,endo,12,12,1.0
noapex,AutoStrainCap_33637467-3_20260624_171106,mid,12,12,1.0
noapex,AutoStrainCap_3417281-7_20260619_111837,endo,12,12,1.0
noapex,AutoStrainCap_3417281-7_20260619_111837,mid,12,12,1.0
noapex,AutoStrainCap_3417281-7_20260619_112344,endo,12,12,1.0
noapex,AutoStrainCap_3417281-7_20260619_112344,mid,12,12,1.0
noapex,AutoStrainCap_3417281-7_20260619_113034,endo,12,12,1.0
noapex,AutoStrainCap_3417281-7_20260619_113034,mid,12,12,1.0
noapex,AutoStrainCap_3417281-7_20260625_150434,endo,12,12,1.0
noapex,AutoStrainCap_3417281-7_20260625_150434,mid,12,12,1.0
noapex,AutoStrainCap_3417281-7_20260625_150904,endo,12,12,1.0
noapex,AutoStrainCap_3417281-7_20260625_150904,mid,12,12,1.0
noapex,AutoStrainCap_3417281-7_20260625_151500,endo,12,12,1.0
noapex,AutoStrainCap_3417281-7_20260625_151500,mid,12,12,1.0
noapex,AutoStrainCap_3417281-7_20260625_151857,endo,12,12,1.0
noapex,AutoStrainCap_3417281-7_20260625_151857,mid,12,12,1.0
noapex,AutoStrainCap_3421947-7_20260705_191555,endo,12,12,1.0
noapex,AutoStrainCap_3421947-7_20260705_191555,mid,12,12,1.0
noapex,AutoStrainCap_3421947-7_20260705_191723,endo,12,12,1.0
noapex,AutoStrainCap_3421947-7_20260705_191723,mid,12,12,1.0
noapex,AutoStrainCap_3421947-7_20260705_192001,endo,12,12,1.0
noapex,AutoStrainCap_3421947-7_20260705_192001,mid,12,12,1.0
noapex,AutoStrainCap_3421947-7_20260705_192232,endo,12,12,1.0
noapex,AutoStrainCap_3421947-7_20260705_192232,mid,12,12,1.0
noapex,AutoStrainCap_34251979-0_20260707_092115,endo,12,12,1.0
noapex,AutoStrainCap_34251979-0_20260707_092115,mid,12,12,1.0
noapex,AutoStrainCap_34251979-0_20260707_092450,endo,12,12,1.0
noapex,AutoStrainCap_34251979-0_20260707_092450,mid,12,12,1.0
noapex,AutoStrainCap_34251979-0_20260707_092822,endo,12,12,1.0
noapex,AutoStrainCap_34251979-0_20260707_092822,mid,12,12,1.0
noapex,AutoStrainCap_34251979-0_20260707_093232,endo,12,12,1.0
noapex,AutoStrainCap_34251979-0_20260707_093232,mid,12,12,1.0
noapex,AutoStrainCap_34262029-1_20260707_093659,endo,12,12,1.0
noapex,AutoStrainCap_34262029-1_20260707_093659,mid,12,12,1.0
noapex,AutoStrainCap_34262029-1_20260707_094749,endo,12,12,1.0
noapex,AutoStrainCap_34262029-1_20260707_094749,mid,12,12,1.0
noapex,AutoStrainCap_34262029-1_20260707_095125,endo,12,12,1.0
noapex,AutoStrainCap_34262029-1_20260707_095125,mid,12,12,1.0
noapex,AutoStrainCap_34262029-1_20260707_095640,endo,12,12,1.0
noapex,AutoStrainCap_34262029-1_20260707_095640,mid,12,12,1.0
noapex,AutoStrainCap_34269230-8_20260707_130819,endo,12,12,1.0
noapex,AutoStrainCap_34269230-8_20260707_130819,mid,12,12,1.0
noapex,AutoStrainCap_34269230-8_20260707_131147,endo,12,12,1.0
noapex,AutoStrainCap_34269230-8_20260707_131147,mid,12,12,1.0
noapex,AutoStrainCap_34269230-8_20260707_131344,endo,12,12,1.0
noapex,AutoStrainCap_34269230-8_20260707_131344,mid,12,12,1.0
noapex,AutoStrainCap_34269230-8_20260707_131631,endo,12,12,1.0
noapex,AutoStrainCap_34269230-8_20260707_131631,mid,12,12,1.0
noapex,AutoStrainCap_3429839-8_20260705_190240,endo,12,12,1.0
noapex,AutoStrainCap_3429839-8_20260705_190240,mid,12,12,1.0
noapex,AutoStrainCap_3429839-8_20260705_190535,endo,12,12,1.0
noapex,AutoStrainCap_3429839-8_20260705_190535,mid,12,12,1.0
noapex,AutoStrainCap_3429839-8_20260705_190803,endo,12,12,1.0
noapex,AutoStrainCap_3429839-8_20260705_190803,mid,12,12,1.0
noapex,AutoStrainCap_3429839-8_20260705_191308,endo,12,12,1.0
noapex,AutoStrainCap_3429839-8_20260705_191308,mid,12,12,1.0
noapex,AutoStrainCap_34509875-0_20260705_160307,endo,12,12,1.0
noapex,AutoStrainCap_34509875-0_20260705_160307,mid,12,12,1.0
noapex,AutoStrainCap_34509875-0_20260705_160557,endo,12,12,1.0
noapex,AutoStrainCap_34509875-0_20260705_160557,mid,12,12,1.0
noapex,AutoStrainCap_34509875-0_20260705_161049,endo,12,12,1.0
noapex,AutoStrainCap_34509875-0_20260705_161049,mid,12,12,1.0
noapex,AutoStrainCap_34509875-0_20260705_161724,endo,12,12,1.0
noapex,AutoStrainCap_34509875-0_20260705_161724,mid,12,12,1.0
noapex,AutoStrainCap_34524423-0_20260703_111740,endo,12,12,1.0
noapex,AutoStrainCap_34524423-0_20260703_111740,mid,12,12,1.0
noapex,AutoStrainCap_34524423-0_20260703_112300,endo,12,12,1.0
noapex,AutoStrainCap_34524423-0_20260703_112300,mid,12,12,1.0
noapex,AutoStrainCap_34524423-0_20260703_112614,endo,12,12,1.0
noapex,AutoStrainCap_34524423-0_20260703_112614,mid,12,12,1.0
noapex,AutoStrainCap_34524423-0_20260703_124300,endo,12,12,1.0
noapex,AutoStrainCap_34524423-0_20260703_124300,mid,12,12,1.0
noapex,AutoStrainCap_34531409-0_20260703_125824,endo,12,12,1.0
noapex,AutoStrainCap_34531409-0_20260703_125824,mid,12,12,1.0
noapex,AutoStrainCap_34531409-0_20260703_130045,endo,12,12,1.0
noapex,AutoStrainCap_34531409-0_20260703_130045,mid,12,12,1.0
noapex,AutoStrainCap_34531409-0_20260703_130431,endo,12,12,1.0
noapex,AutoStrainCap_34531409-0_20260703_130431,mid,12,12,1.0
noapex,AutoStrainCap_34531409-0_20260703_130700,endo,12,12,1.0
noapex,AutoStrainCap_34531409-0_20260703_130700,mid,12,12,1.0
noapex,AutoStrainCap_34549119-5_20260619_100807,endo,12,12,1.0
noapex,AutoStrainCap_34549119-5_20260619_100807,mid,12,12,1.0
noapex,AutoStrainCap_34549119-5_20260619_101142,endo,12,12,1.0
noapex,AutoStrainCap_34549119-5_20260619_101142,mid,12,12,1.0
noapex,AutoStrainCap_34549119-5_20260619_101821,endo,12,12,1.0
noapex,AutoStrainCap_34549119-5_20260619_101821,mid,12,12,1.0
noapex,AutoStrainCap_34617696-9_20260624_194253,endo,12,12,1.0
noapex,AutoStrainCap_34617696-9_20260624_194253,mid,12,12,1.0
noapex,AutoStrainCap_34617696-9_20260624_194747,endo,12,12,1.0
noapex,AutoStrainCap_34617696-9_20260624_194747,mid,12,12,1.0
noapex,AutoStrainCap_34617696-9_20260624_195220,endo,12,12,1.0
noapex,AutoStrainCap_34617696-9_20260624_195220,mid,12,12,1.0
noapex,AutoStrainCap_34617696-9_20260624_195654,endo,12,12,1.0
noapex,AutoStrainCap_34617696-9_20260624_195654,mid,12,12,1.0
noapex,AutoStrainCap_3651669-8_20260624_171743,endo,12,12,1.0
noapex,AutoStrainCap_3651669-8_20260624_171743,mid,12,12,1.0
noapex,AutoStrainCap_3651669-8_20260624_172513,endo,12,12,1.0
noapex,AutoStrainCap_3651669-8_20260624_172513,mid,12,12,1.0
noapex,AutoStrainCap_3651669-8_20260624_173108,endo,12,12,1.0
noapex,AutoStrainCap_3651669-8_20260624_173108,mid,12,12,1.0
noapex,AutoStrainCap_3651669-8_20260624_173453,endo,12,12,1.0
noapex,AutoStrainCap_3651669-8_20260624_173453,mid,12,12,1.0
noapex,AutoStrainCap_3665822-7_20260703_133641,endo,12,12,1.0
noapex,AutoStrainCap_3665822-7_20260703_133641,mid,12,12,1.0
noapex,AutoStrainCap_3665822-7_20260703_134515,endo,12,12,1.0
noapex,AutoStrainCap_3665822-7_20260703_134515,mid,12,12,1.0
noapex,AutoStrainCap_3665822-7_20260705_133120,endo,12,12,1.0
noapex,AutoStrainCap_3665822-7_20260705_133120,mid,12,12,1.0
noapex,AutoStrainCap_3729069-9_20260624_200234,endo,12,12,1.0
noapex,AutoStrainCap_3729069-9_20260624_200234,mid,12,12,1.0
noapex,AutoStrainCap_3729069-9_20260624_201056,endo,12,12,1.0
noapex,AutoStrainCap_3729069-9_20260624_201056,mid,12,12,1.0
noapex,AutoStrainCap_3729069-9_20260624_201559,endo,12,12,1.0
noapex,AutoStrainCap_3729069-9_20260624_201559,mid,12,12,1.0
noapex,AutoStrainCap_3729069-9_20260624_202002,endo,12,12,1.0
noapex,AutoStrainCap_3729069-9_20260624_202002,mid,12,12,1.0
noapex,AutoStrainCap_3835047-6_20260607_083949,endo,12,12,1.0
noapex,AutoStrainCap_3835047-6_20260607_083949,mid,12,12,1.0
noapex,AutoStrainCap_3835047-6_20260720_143751,endo,12,12,1.0
noapex,AutoStrainCap_3835047-6_20260720_143751,mid,12,12,1.0
noapex,AutoStrainCap_3835047-6_20260720_144112,endo,12,12,1.0
noapex,AutoStrainCap_3835047-6_20260720_144112,mid,12,12,1.0
noapex,AutoStrainCap_3835047-6_20260720_144412,endo,12,12,1.0
noapex,AutoStrainCap_3835047-6_20260720_144412,mid,12,12,1.0
noapex,AutoStrainCap_3835047-6_20260720_144825,endo,12,12,1.0
noapex,AutoStrainCap_3835047-6_20260720_144825,mid,12,12,1.0
noapex,AutoStrainCap_3944934-3_20260707_132037,endo,12,12,1.0
noapex,AutoStrainCap_3944934-3_20260707_132037,mid,12,12,1.0
noapex,AutoStrainCap_3944934-3_20260707_132334,endo,12,12,1.0
noapex,AutoStrainCap_3944934-3_20260707_132334,mid,12,12,1.0
noapex,AutoStrainCap_3944934-3_20260707_132714,endo,12,12,1.0
noapex,AutoStrainCap_3944934-3_20260707_132714,mid,12,12,1.0
noapex,AutoStrainCap_3944934-3_20260707_133014,endo,12,12,1.0
noapex,AutoStrainCap_3944934-3_20260707_133014,mid,12,12,1.0
noapex,AutoStrainCap_4040951-8_20260703_142302,endo,12,12,1.0
noapex,AutoStrainCap_4040951-8_20260703_142302,mid,12,12,1.0
noapex,AutoStrainCap_4040951-8_20260703_142531,endo,12,12,1.0
noapex,AutoStrainCap_4040951-8_20260703_142531,mid,12,12,1.0
noapex,AutoStrainCap_4040951-8_20260703_142754,endo,12,12,1.0
noapex,AutoStrainCap_4040951-8_20260703_142754,mid,12,12,1.0
noapex,AutoStrainCap_4040951-8_20260703_142956,endo,12,12,1.0
noapex,AutoStrainCap_4040951-8_20260703_142956,mid,12,12,1.0
noapex,AutoStrainCap_426704-3_20260703_092825,endo,12,12,1.0
noapex,AutoStrainCap_426704-3_20260703_092825,mid,12,12,1.0
noapex,AutoStrainCap_426704-3_20260703_093329,endo,12,12,1.0
noapex,AutoStrainCap_426704-3_20260703_093329,mid,12,12,1.0
noapex,AutoStrainCap_426704-3_20260703_094707,endo,12,12,1.0
noapex,AutoStrainCap_426704-3_20260703_094707,mid,12,12,1.0
noapex,AutoStrainCap_426704-3_20260703_121847,endo,12,12,1.0
noapex,AutoStrainCap_426704-3_20260703_121847,mid,12,12,1.0
noapex,AutoStrainCap_4343165-9_20260720_122202,endo,12,12,1.0
noapex,AutoStrainCap_4343165-9_20260720_122202,mid,12,12,1.0
noapex,AutoStrainCap_4343165-9_20260720_122434,endo,12,12,1.0
noapex,AutoStrainCap_4343165-9_20260720_122434,mid,12,12,1.0
noapex,AutoStrainCap_4343165-9_20260720_122745,endo,12,12,1.0
noapex,AutoStrainCap_4343165-9_20260720_122745,mid,12,12,1.0
noapex,AutoStrainCap_4343165-9_20260720_123012,endo,12,12,1.0
noapex,AutoStrainCap_4343165-9_20260720_123012,mid,12,12,1.0
noapex,AutoStrainCap_4481793-0_20260705_184705,endo,12,12,1.0
noapex,AutoStrainCap_4481793-0_20260705_184705,mid,12,12,1.0
noapex,AutoStrainCap_4481793-0_20260705_184928,endo,12,12,1.0
noapex,AutoStrainCap_4481793-0_20260705_184928,mid,12,12,1.0
noapex,AutoStrainCap_4481793-0_20260705_185227,endo,12,12,1.0
noapex,AutoStrainCap_4481793-0_20260705_185227,mid,12,12,1.0
noapex,AutoStrainCap_4481793-0_20260705_185928,endo,12,12,1.0
noapex,AutoStrainCap_4481793-0_20260705_185928,mid,12,12,1.0
noapex,AutoStrainCap_459502-1_20260703_105855,endo,12,12,1.0
noapex,AutoStrainCap_459502-1_20260703_105855,mid,12,12,1.0
noapex,AutoStrainCap_459502-1_20260703_110152,endo,12,12,1.0
noapex,AutoStrainCap_459502-1_20260703_110152,mid,12,12,1.0
noapex,AutoStrainCap_459502-1_20260703_112958,endo,12,12,1.0
noapex,AutoStrainCap_459502-1_20260703_112958,mid,12,12,1.0
noapex,AutoStrainCap_459502-1_20260703_123703,endo,12,12,1.0
noapex,AutoStrainCap_459502-1_20260703_123703,mid,12,12,1.0
noapex,AutoStrainCap_5006217-3_20260619_104028,endo,12,12,1.0
noapex,AutoStrainCap_5006217-3_20260619_104028,mid,12,12,1.0
noapex,AutoStrainCap_5006217-3_20260619_104418,endo,12,12,1.0
noapex,AutoStrainCap_5006217-3_20260619_104418,mid,12,12,1.0
noapex,AutoStrainCap_5006217-3_20260619_105052,endo,12,12,1.0
noapex,AutoStrainCap_5006217-3_20260619_105052,mid,12,12,1.0
noapex,AutoStrainCap_5006217-3_20260625_144956,endo,12,12,1.0
noapex,AutoStrainCap_5006217-3_20260625_144956,mid,12,12,1.0
noapex,AutoStrainCap_5006217-3_20260625_145349,endo,12,12,1.0
noapex,AutoStrainCap_5006217-3_20260625_145349,mid,12,12,1.0
noapex,AutoStrainCap_5006217-3_20260625_145720,endo,12,12,1.0
noapex,AutoStrainCap_5006217-3_20260625_145720,mid,12,12,1.0
noapex,AutoStrainCap_5006217-3_20260625_150059,endo,12,12,1.0
noapex,AutoStrainCap_5006217-3_20260625_150059,mid,12,12,1.0
noapex,AutoStrainCap_5012984-0_20260616_135946,endo,12,12,1.0
noapex,AutoStrainCap_5012984-0_20260616_135946,mid,12,12,1.0
noapex,AutoStrainCap_5012984-0_20260616_141245,endo,12,12,1.0
noapex,AutoStrainCap_5012984-0_20260616_141245,mid,12,12,1.0
noapex,AutoStrainCap_5012984-0_20260616_141900,endo,12,12,1.0
noapex,AutoStrainCap_5012984-0_20260616_141900,mid,12,12,1.0
noapex,AutoStrainCap_5012984-0_20260616_142402,endo,12,12,1.0
noapex,AutoStrainCap_5012984-0_20260616_142402,mid,12,12,1.0
noapex,AutoStrainCap_5046692-9_20260707_154325,endo,12,12,1.0
noapex,AutoStrainCap_5046692-9_20260707_154325,mid,12,12,1.0
noapex,AutoStrainCap_5046692-9_20260707_154744,endo,12,12,1.0
noapex,AutoStrainCap_5046692-9_20260707_154744,mid,12,12,1.0
noapex,AutoStrainCap_5046692-9_20260707_155347,endo,12,12,1.0
noapex,AutoStrainCap_5046692-9_20260707_155347,mid,12,12,1.0
noapex,AutoStrainCap_5046692-9_20260707_155515,endo,12,12,1.0
noapex,AutoStrainCap_5046692-9_20260707_155515,mid,12,12,1.0
noapex,AutoStrainCap_5117429-0_20260624_173919,endo,12,12,1.0
noapex,AutoStrainCap_5117429-0_20260624_173919,mid,12,12,1.0
noapex,AutoStrainCap_5117429-0_20260624_174650,endo,12,12,1.0
noapex,AutoStrainCap_5117429-0_20260624_174650,mid,12,12,1.0
noapex,AutoStrainCap_5117429-0_20260624_175146,endo,12,12,1.0
noapex,AutoStrainCap_5117429-0_20260624_175146,mid,12,12,1.0
noapex,AutoStrainCap_5117429-0_20260624_175541,endo,12,12,1.0
noapex,AutoStrainCap_5117429-0_20260624_175541,mid,12,12,1.0
noapex,AutoStrainCap_5165064-6_20260719_140703,endo,12,12,1.0
noapex,AutoStrainCap_5165064-6_20260719_140703,mid,12,12,1.0
noapex,AutoStrainCap_5165064-6_20260719_140848,endo,12,12,1.0
noapex,AutoStrainCap_5165064-6_20260719_140848,mid,12,12,1.0
noapex,AutoStrainCap_5165064-6_20260719_141501,endo,12,12,1.0
noapex,AutoStrainCap_5165064-6_20260719_141501,mid,12,12,1.0
noapex,AutoStrainCap_5165064-6_20260719_142035,endo,12,12,1.0
noapex,AutoStrainCap_5165064-6_20260719_142035,mid,12,12,1.0
noapex,AutoStrainCap_5167707-8_20260705_183447,endo,12,12,1.0
noapex,AutoStrainCap_5167707-8_20260705_183447,mid,12,12,1.0
noapex,AutoStrainCap_5167707-8_20260705_183727,endo,12,12,1.0
noapex,AutoStrainCap_5167707-8_20260705_183727,mid,12,12,1.0
noapex,AutoStrainCap_5167707-8_20260705_184009,endo,12,12,1.0
noapex,AutoStrainCap_5167707-8_20260705_184009,mid,12,12,1.0
noapex,AutoStrainCap_5167707-8_20260705_184332,endo,12,12,1.0
noapex,AutoStrainCap_5167707-8_20260705_184332,mid,12,12,1.0
noapex,AutoStrainCap_5171618-1_20260514_134148,endo,12,12,1.0
noapex,AutoStrainCap_5171618-1_20260514_134148,mid,12,12,1.0
noapex,AutoStrainCap_5171618-1_20260610_161021,endo,12,12,1.0
noapex,AutoStrainCap_5171618-1_20260610_161021,mid,12,12,1.0
noapex,AutoStrainCap_5171618-1_20260610_162243,endo,12,12,1.0
noapex,AutoStrainCap_5171618-1_20260610_162243,mid,12,12,1.0
noapex,AutoStrainCap_5171618-1_20260610_163344,endo,12,12,1.0
noapex,AutoStrainCap_5171618-1_20260610_163344,mid,12,12,1.0
noapex,AutoStrainCap_5171618-1_20260610_164813,endo,12,12,1.0
noapex,AutoStrainCap_5171618-1_20260610_164813,mid,12,12,1.0
noapex,AutoStrainCap_5172142-1_20260703_120844,endo,12,12,1.0
noapex,AutoStrainCap_5172142-1_20260703_120844,mid,12,12,1.0
noapex,AutoStrainCap_5172142-1_20260703_121229,endo,12,12,1.0
noapex,AutoStrainCap_5172142-1_20260703_121229,mid,12,12,1.0
noapex,AutoStrainCap_5172142-1_20260703_121500,endo,12,12,1.0
noapex,AutoStrainCap_5172142-1_20260703_121500,mid,12,12,1.0
noapex,AutoStrainCap_5172142-1_20260703_125448,endo,12,12,1.0
noapex,AutoStrainCap_5172142-1_20260703_125448,mid,12,12,1.0
noapex,AutoStrainCap_5213084-6_20260705_163138,endo,12,12,1.0
noapex,AutoStrainCap_5213084-6_20260705_163138,mid,12,12,1.0
noapex,AutoStrainCap_5213084-6_20260705_163450,endo,12,12,1.0
noapex,AutoStrainCap_5213084-6_20260705_163450,mid,12,12,1.0
noapex,AutoStrainCap_5213084-6_20260705_163708,endo,12,12,1.0
noapex,AutoStrainCap_5213084-6_20260705_163708,mid,12,12,1.0
noapex,AutoStrainCap_5213084-6_20260705_163940,endo,12,12,1.0
noapex,AutoStrainCap_5213084-6_20260705_163940,mid,12,12,1.0
noapex,AutoStrainCap_5222239-5_20260705_192903,endo,12,12,1.0
noapex,AutoStrainCap_5222239-5_20260705_192903,mid,12,12,1.0
noapex,AutoStrainCap_5222239-5_20260705_193200,endo,12,12,1.0
noapex,AutoStrainCap_5222239-5_20260705_193200,mid,12,12,1.0
noapex,AutoStrainCap_5222239-5_20260705_193405,endo,12,12,1.0
noapex,AutoStrainCap_5222239-5_20260705_193405,mid,12,12,1.0
noapex,AutoStrainCap_5222239-5_20260705_193805,endo,12,12,1.0
noapex,AutoStrainCap_5222239-5_20260705_193805,mid,12,12,1.0
noapex,AutoStrainCap_530717-8_20260610_164002,endo,12,12,1.0
noapex,AutoStrainCap_530717-8_20260610_164002,mid,12,12,1.0
noapex,AutoStrainCap_530717-8_20260610_170013,endo,12,12,1.0
noapex,AutoStrainCap_530717-8_20260610_170013,mid,12,12,1.0
noapex,AutoStrainCap_530717-8_20260610_171327,endo,12,12,1.0
noapex,AutoStrainCap_530717-8_20260610_171327,mid,12,12,1.0
noapex,AutoStrainCap_530717-8_20260610_172809,endo,12,12,1.0
noapex,AutoStrainCap_530717-8_20260610_172809,mid,12,12,1.0
noapex,AutoStrainCap_5352475-7_20260705_140410,endo,12,12,1.0
noapex,AutoStrainCap_5352475-7_20260705_140410,mid,12,12,1.0
noapex,AutoStrainCap_5352475-7_20260705_140932,endo,12,12,1.0
noapex,AutoStrainCap_5352475-7_20260705_140932,mid,12,12,1.0
noapex,AutoStrainCap_5352475-7_20260705_141212,endo,12,12,1.0
noapex,AutoStrainCap_5352475-7_20260705_141212,mid,12,12,1.0
noapex,AutoStrainCap_5352475-7_20260705_141439,endo,12,12,1.0
noapex,AutoStrainCap_5352475-7_20260705_141439,mid,12,12,1.0
noapex,AutoStrainCap_5353891-4_20260707_112242,endo,12,12,1.0
noapex,AutoStrainCap_5353891-4_20260707_112242,mid,12,12,1.0
noapex,AutoStrainCap_5353891-4_20260707_112527,endo,12,12,1.0
noapex,AutoStrainCap_5353891-4_20260707_112527,mid,12,12,1.0
noapex,AutoStrainCap_5353891-4_20260707_112943,endo,12,12,1.0
noapex,AutoStrainCap_5353891-4_20260707_112943,mid,12,12,1.0
noapex,AutoStrainCap_5353891-4_20260707_113155,endo,12,12,1.0
noapex,AutoStrainCap_5353891-4_20260707_113155,mid,12,12,1.0
noapex,AutoStrainCap_5403470-7_20260703_132436,endo,12,12,1.0
noapex,AutoStrainCap_5403470-7_20260703_132436,mid,12,12,1.0
noapex,AutoStrainCap_5403470-7_20260703_132717,endo,12,12,1.0
noapex,AutoStrainCap_5403470-7_20260703_132717,mid,12,12,1.0
noapex,AutoStrainCap_5403470-7_20260703_132938,endo,12,12,1.0
noapex,AutoStrainCap_5403470-7_20260703_132938,mid,12,12,1.0
noapex,AutoStrainCap_5403470-7_20260703_133151,endo,12,12,1.0
noapex,AutoStrainCap_5403470-7_20260703_133151,mid,12,12,1.0
noapex,AutoStrainCap_5440151-8_20260707_150958,endo,12,12,1.0
noapex,AutoStrainCap_5440151-8_20260707_150958,mid,12,12,1.0
noapex,AutoStrainCap_5440151-8_20260707_151445,endo,12,12,1.0
noapex,AutoStrainCap_5440151-8_20260707_151445,mid,12,12,1.0
noapex,AutoStrainCap_5440151-8_20260707_151804,endo,12,12,1.0
noapex,AutoStrainCap_5440151-8_20260707_151804,mid,12,12,1.0
noapex,AutoStrainCap_5440151-8_20260707_152217,endo,12,12,1.0
noapex,AutoStrainCap_5440151-8_20260707_152217,mid,12,12,1.0
noapex,AutoStrainCap_5467850-3_20260703_095719,endo,12,12,1.0
noapex,AutoStrainCap_5467850-3_20260703_095719,mid,12,12,1.0
noapex,AutoStrainCap_5467850-3_20260703_100407,endo,12,12,1.0
noapex,AutoStrainCap_5467850-3_20260703_100407,mid,12,12,1.0
noapex,AutoStrainCap_5467850-3_20260703_100839,endo,12,12,1.0
noapex,AutoStrainCap_5467850-3_20260703_100839,mid,12,12,1.0
noapex,AutoStrainCap_5467850-3_20260703_122455,endo,12,12,1.0
noapex,AutoStrainCap_5467850-3_20260703_122455,mid,12,12,1.0
noapex,AutoStrainCap_5618619-0_20260705_164336,endo,12,12,1.0
noapex,AutoStrainCap_5618619-0_20260705_164336,mid,12,12,1.0
noapex,AutoStrainCap_5618619-0_20260705_164654,endo,12,12,1.0
noapex,AutoStrainCap_5618619-0_20260705_164654,mid,12,12,1.0
noapex,AutoStrainCap_5618619-0_20260705_165128,endo,12,12,1.0
noapex,AutoStrainCap_5618619-0_20260705_165128,mid,12,12,1.0
noapex,AutoStrainCap_5618619-0_20260705_165507,endo,12,12,1.0
noapex,AutoStrainCap_5618619-0_20260705_165507,mid,12,12,1.0
noapex,AutoStrainCap_5640076-5_20260514_133112,endo,12,12,1.0
noapex,AutoStrainCap_5640076-5_20260514_133112,mid,12,12,1.0
noapex,AutoStrainCap_5640076-5_20260610_153552,endo,12,12,1.0
noapex,AutoStrainCap_5640076-5_20260610_153552,mid,12,12,1.0
noapex,AutoStrainCap_5640076-5_20260610_154159,endo,12,12,1.0
noapex,AutoStrainCap_5640076-5_20260610_154159,mid,12,12,1.0
noapex,AutoStrainCap_5640076-5_20260610_154812,endo,12,12,1.0
noapex,AutoStrainCap_5640076-5_20260610_154812,mid,12,12,1.0
noapex,AutoStrainCap_5640076-5_20260610_155350,endo,12,12,1.0
noapex,AutoStrainCap_5640076-5_20260610_155350,mid,12,12,1.0
noapex,AutoStrainCap_5690549-0_20260707_141333,endo,12,12,1.0
noapex,AutoStrainCap_5690549-0_20260707_141333,mid,12,12,1.0
noapex,AutoStrainCap_5690549-0_20260707_141738,endo,12,12,1.0
noapex,AutoStrainCap_5690549-0_20260707_141738,mid,12,12,1.0
noapex,AutoStrainCap_5690549-0_20260707_141955,endo,12,12,1.0
noapex,AutoStrainCap_5690549-0_20260707_141955,mid,12,12,1.0
noapex,AutoStrainCap_5690549-0_20260707_142152,endo,12,12,1.0
noapex,AutoStrainCap_5690549-0_20260707_142152,mid,12,12,1.0
noapex,AutoStrainCap_5708581-3_20260705_151422,endo,12,12,1.0
noapex,AutoStrainCap_5708581-3_20260705_151422,mid,12,12,1.0
noapex,AutoStrainCap_5708581-3_20260705_151631,endo,12,12,1.0
noapex,AutoStrainCap_5708581-3_20260705_151631,mid,12,12,1.0
noapex,AutoStrainCap_5708581-3_20260705_152647,endo,12,12,1.0
noapex,AutoStrainCap_5708581-3_20260705_152647,mid,12,12,1.0
noapex,AutoStrainCap_5708581-3_20260705_160021,endo,12,12,1.0
noapex,AutoStrainCap_5708581-3_20260705_160021,mid,12,12,1.0
noapex,AutoStrainCap_5744774-0_20260629_140725,endo,12,12,1.0
noapex,AutoStrainCap_5744774-0_20260629_140725,mid,12,12,1.0
noapex,AutoStrainCap_5744774-0_20260629_141159,endo,12,12,1.0
noapex,AutoStrainCap_5744774-0_20260629_141159,mid,12,12,1.0
noapex,AutoStrainCap_5744774-0_20260629_141718,endo,12,12,1.0
noapex,AutoStrainCap_5744774-0_20260629_141718,mid,12,12,1.0
noapex,AutoStrainCap_5744774-0_20260629_141958,endo,12,12,1.0
noapex,AutoStrainCap_5744774-0_20260629_141958,mid,12,12,1.0
noapex,AutoStrainCap_5764622-6_20260610_173401,endo,12,12,1.0
noapex,AutoStrainCap_5764622-6_20260610_173401,mid,12,12,1.0
noapex,AutoStrainCap_5764622-6_20260615_160943,endo,12,12,1.0
noapex,AutoStrainCap_5764622-6_20260615_160943,mid,12,12,1.0
noapex,AutoStrainCap_5764622-6_20260615_161455,endo,12,12,1.0
noapex,AutoStrainCap_5764622-6_20260615_161455,mid,12,12,1.0
noapex,AutoStrainCap_5764622-6_20260615_162117,endo,12,12,1.0
noapex,AutoStrainCap_5764622-6_20260615_162117,mid,12,12,1.0
noapex,AutoStrainCap_5785662-7_20260707_160206,endo,12,12,1.0
noapex,AutoStrainCap_5785662-7_20260707_160206,mid,12,12,1.0
noapex,AutoStrainCap_5785662-7_20260707_160404,endo,12,12,1.0
noapex,AutoStrainCap_5785662-7_20260707_160404,mid,12,12,1.0
noapex,AutoStrainCap_5785662-7_20260707_160555,endo,12,12,1.0
noapex,AutoStrainCap_5785662-7_20260707_160555,mid,12,12,1.0
noapex,AutoStrainCap_5785662-7_20260707_160859,endo,12,12,1.0
noapex,AutoStrainCap_5785662-7_20260707_160859,mid,12,12,1.0
noapex,AutoStrainCap_5797996-5_20260707_133731,endo,12,12,1.0
noapex,AutoStrainCap_5797996-5_20260707_133731,mid,12,12,1.0
noapex,AutoStrainCap_5797996-5_20260707_134123,endo,12,12,1.0
noapex,AutoStrainCap_5797996-5_20260707_134123,mid,12,12,1.0
noapex,AutoStrainCap_5797996-5_20260707_140116,endo,12,12,1.0
noapex,AutoStrainCap_5797996-5_20260707_140116,mid,12,12,1.0
noapex,AutoStrainCap_5797996-5_20260707_141001,endo,12,12,1.0
noapex,AutoStrainCap_5797996-5_20260707_141001,mid,12,12,1.0
noapex,AutoStrainCap_5840856-8_20260707_125307,endo,12,12,1.0
noapex,AutoStrainCap_5840856-8_20260707_125307,mid,12,12,1.0
noapex,AutoStrainCap_5840856-8_20260707_125616,endo,12,12,1.0
noapex,AutoStrainCap_5840856-8_20260707_125616,mid,12,12,1.0
noapex,AutoStrainCap_5840856-8_20260707_125847,endo,12,12,1.0
noapex,AutoStrainCap_5840856-8_20260707_125847,mid,12,12,1.0
noapex,AutoStrainCap_5840856-8_20260707_130051,endo,12,12,1.0
noapex,AutoStrainCap_5840856-8_20260707_130051,mid,12,12,1.0
noapex,AutoStrainCap_5869265-8_20260616_150733,endo,12,12,1.0
noapex,AutoStrainCap_5869265-8_20260616_150733,mid,12,12,1.0
noapex,AutoStrainCap_5869265-8_20260616_151751,endo,12,12,1.0
noapex,AutoStrainCap_5869265-8_20260616_151751,mid,12,12,1.0
noapex,AutoStrainCap_5869265-8_20260616_152302,endo,12,12,1.0
noapex,AutoStrainCap_5869265-8_20260616_152302,mid,12,12,1.0
noapex,AutoStrainCap_5881605-9_20260629_110035,endo,12,12,1.0
noapex,AutoStrainCap_5881605-9_20260629_110035,mid,12,12,1.0
noapex,AutoStrainCap_5881605-9_20260629_110415,endo,12,12,1.0
noapex,AutoStrainCap_5881605-9_20260629_110415,mid,12,12,1.0
noapex,AutoStrainCap_5881605-9_20260629_110641,endo,12,12,1.0
noapex,AutoStrainCap_5881605-9_20260629_110641,mid,12,12,1.0
noapex,AutoStrainCap_5881605-9_20260629_140359,endo,12,12,1.0
noapex,AutoStrainCap_5881605-9_20260629_140359,mid,12,12,1.0
noapex,AutoStrainCap_5906362-8_20260705_162016,endo,12,12,1.0
noapex,AutoStrainCap_5906362-8_20260705_162016,mid,12,12,1.0
noapex,AutoStrainCap_5906362-8_20260705_162239,endo,12,12,1.0
noapex,AutoStrainCap_5906362-8_20260705_162239,mid,12,12,1.0
noapex,AutoStrainCap_5906362-8_20260705_162519,endo,12,12,1.0
noapex,AutoStrainCap_5906362-8_20260705_162519,mid,12,12,1.0
noapex,AutoStrainCap_5906362-8_20260705_162821,endo,12,12,1.0
noapex,AutoStrainCap_5906362-8_20260705_162821,mid,12,12,1.0
noapex,AutoStrainCap_6077765-3_20260624_180420,endo,12,12,1.0
noapex,AutoStrainCap_6077765-3_20260624_180420,mid,12,12,1.0
noapex,AutoStrainCap_6077765-3_20260624_181031,endo,12,12,1.0
noapex,AutoStrainCap_6077765-3_20260624_181031,mid,12,12,1.0
noapex,AutoStrainCap_6077765-3_20260624_182408,endo,12,12,1.0
noapex,AutoStrainCap_6077765-3_20260624_182408,mid,12,12,1.0
noapex,AutoStrainCap_6077765-3_20260624_184535,endo,12,12,1.0
noapex,AutoStrainCap_6077765-3_20260624_184535,mid,12,12,1.0
noapex,AutoStrainCap_6110768-6_20260615_161241,endo,12,12,1.0
noapex,AutoStrainCap_6110768-6_20260615_161241,mid,12,12,1.0
noapex,AutoStrainCap_6110768-6_20260615_162810,endo,12,12,1.0
noapex,AutoStrainCap_6110768-6_20260615_162810,mid,12,12,1.0
noapex,AutoStrainCap_6110768-6_20260615_163839,endo,12,12,1.0
noapex,AutoStrainCap_6110768-6_20260615_163839,mid,12,12,1.0
noapex,AutoStrainCap_6110768-6_20260615_164144,endo,12,12,1.0
noapex,AutoStrainCap_6110768-6_20260615_164144,mid,12,12,1.0
noapex,AutoStrainCap_626485-7_20260615_163256,endo,12,12,1.0
noapex,AutoStrainCap_626485-7_20260615_163256,mid,12,12,1.0
noapex,AutoStrainCap_626485-7_20260615_164513,endo,12,12,1.0
noapex,AutoStrainCap_626485-7_20260615_164513,mid,12,12,1.0
noapex,AutoStrainCap_626485-7_20260624_204813,endo,12,12,1.0
noapex,AutoStrainCap_626485-7_20260624_204813,mid,12,12,1.0
noapex,AutoStrainCap_626485-7_20260624_205622,endo,12,12,1.0
noapex,AutoStrainCap_626485-7_20260624_205622,mid,12,12,1.0
noapex,AutoStrainCap_638789-8_20260720_145307,endo,12,12,1.0
noapex,AutoStrainCap_638789-8_20260720_145307,mid,12,12,1.0
noapex,AutoStrainCap_638789-8_20260720_145613,endo,12,12,1.0
noapex,AutoStrainCap_638789-8_20260720_145613,mid,12,12,1.0
noapex,AutoStrainCap_638789-8_20260720_145828,endo,12,12,1.0
noapex,AutoStrainCap_638789-8_20260720_145828,mid,12,12,1.0
noapex,AutoStrainCap_638789-8_20260720_150107,endo,12,12,1.0
noapex,AutoStrainCap_638789-8_20260720_150107,mid,12,12,1.0
noapex,AutoStrainCap_649889-3_20260703_115748,endo,12,12,1.0
noapex,AutoStrainCap_649889-3_20260703_115748,mid,12,12,1.0
noapex,AutoStrainCap_649889-3_20260703_120102,endo,12,12,1.0
noapex,AutoStrainCap_649889-3_20260703_120102,mid,12,12,1.0
noapex,AutoStrainCap_649889-3_20260703_120626,endo,12,12,1.0
noapex,AutoStrainCap_649889-3_20260703_120626,mid,12,12,1.0
noapex,AutoStrainCap_649889-3_20260703_125209,endo,12,12,1.0
noapex,AutoStrainCap_649889-3_20260703_125209,mid,12,12,1.0
noapex,AutoStrainCap_6536692-4_20260705_181911,endo,12,12,1.0
noapex,AutoStrainCap_6536692-4_20260705_181911,mid,12,12,1.0
noapex,AutoStrainCap_6536692-4_20260705_182328,endo,12,12,1.0
noapex,AutoStrainCap_6536692-4_20260705_182328,mid,12,12,1.0
noapex,AutoStrainCap_6536692-4_20260705_182706,endo,12,12,1.0
noapex,AutoStrainCap_6536692-4_20260705_182706,mid,12,12,1.0
noapex,AutoStrainCap_6536692-4_20260705_183048,endo,12,12,1.0
noapex,AutoStrainCap_6536692-4_20260705_183048,mid,12,12,1.0
noapex,AutoStrainCap_6589305-9_20260707_110949,endo,12,12,1.0
noapex,AutoStrainCap_6589305-9_20260707_110949,mid,12,12,1.0
noapex,AutoStrainCap_6589305-9_20260707_111256,endo,12,12,1.0
noapex,AutoStrainCap_6589305-9_20260707_111256,mid,12,12,1.0
noapex,AutoStrainCap_6589305-9_20260707_111507,endo,12,12,1.0
noapex,AutoStrainCap_6589305-9_20260707_111507,mid,12,12,1.0
noapex,AutoStrainCap_6638188-0_20260624_191922,endo,12,12,1.0
noapex,AutoStrainCap_6638188-0_20260624_191922,mid,12,12,1.0
noapex,AutoStrainCap_6638188-0_20260624_192552,endo,12,12,1.0
noapex,AutoStrainCap_6638188-0_20260624_192552,mid,12,12,1.0
noapex,AutoStrainCap_6638188-0_20260624_193209,endo,12,12,1.0
noapex,AutoStrainCap_6638188-0_20260624_193209,mid,12,12,1.0
noapex,AutoStrainCap_6793429-9_20260705_143730,endo,12,12,1.0
noapex,AutoStrainCap_6793429-9_20260705_143730,mid,12,12,1.0
noapex,AutoStrainCap_6793429-9_20260705_144140,endo,12,12,1.0
noapex,AutoStrainCap_6793429-9_20260705_144140,mid,12,12,1.0
noapex,AutoStrainCap_6793429-9_20260705_144435,endo,12,12,1.0
noapex,AutoStrainCap_6793429-9_20260705_144435,mid,12,12,1.0
noapex,AutoStrainCap_6793429-9_20260705_145645,endo,12,12,1.0
noapex,AutoStrainCap_6793429-9_20260705_145645,mid,12,12,1.0
noapex,AutoStrainCap_684885-7_20260703_104400,endo,12,12,1.0
noapex,AutoStrainCap_684885-7_20260703_104400,mid,12,12,1.0
noapex,AutoStrainCap_684885-7_20260703_104708,endo,12,12,1.0
noapex,AutoStrainCap_684885-7_20260703_104708,mid,12,12,1.0
noapex,AutoStrainCap_684885-7_20260703_105013,endo,12,12,1.0
noapex,AutoStrainCap_684885-7_20260703_105013,mid,12,12,1.0
noapex,AutoStrainCap_684885-7_20260703_123351,endo,12,12,1.0
noapex,AutoStrainCap_684885-7_20260703_123351,mid,12,12,1.0
noapex,AutoStrainCap_6873663-6_20260625_154033,endo,12,12,1.0
noapex,AutoStrainCap_6873663-6_20260625_154033,mid,12,12,1.0
noapex,AutoStrainCap_6873663-6_20260625_154440,endo,12,12,1.0
noapex,AutoStrainCap_6873663-6_20260625_154440,mid,12,12,1.0
noapex,AutoStrainCap_6873663-6_20260625_155102,endo,12,12,1.0
noapex,AutoStrainCap_6873663-6_20260625_155102,mid,12,12,1.0
noapex,AutoStrainCap_6873663-6_20260625_155424,endo,12,12,1.0
noapex,AutoStrainCap_6873663-6_20260625_155424,mid,12,12,1.0
noapex,AutoStrainCap_6907654-5_20260616_153158,endo,12,12,1.0
noapex,AutoStrainCap_6907654-5_20260616_153158,mid,12,12,1.0
noapex,AutoStrainCap_6907654-5_20260624_153703,endo,12,12,1.0
noapex,AutoStrainCap_6907654-5_20260624_153703,mid,12,12,1.0
noapex,AutoStrainCap_6907654-5_20260624_154224,endo,12,12,1.0
noapex,AutoStrainCap_6907654-5_20260624_154224,mid,12,12,1.0
noapex,AutoStrainCap_6907654-5_20260624_154613,endo,12,12,1.0
noapex,AutoStrainCap_6907654-5_20260624_154613,mid,12,12,1.0
noapex,AutoStrainCap_6973563-7_20260705_174237,endo,12,12,1.0
noapex,AutoStrainCap_6973563-7_20260705_174237,mid,12,12,1.0
noapex,AutoStrainCap_6973563-7_20260705_174455,endo,12,12,1.0
noapex,AutoStrainCap_6973563-7_20260705_174455,mid,12,12,1.0
noapex,AutoStrainCap_6973563-7_20260705_175146,endo,12,12,1.0
noapex,AutoStrainCap_6973563-7_20260705_175146,mid,12,12,1.0
noapex,AutoStrainCap_6973563-7_20260705_175447,endo,12,12,1.0
noapex,AutoStrainCap_6973563-7_20260705_175447,mid,12,12,1.0
noapex,AutoStrainCap_716097-1_20260707_161357,endo,12,12,1.0
noapex,AutoStrainCap_716097-1_20260707_161357,mid,12,12,1.0
noapex,AutoStrainCap_716097-1_20260707_161858,endo,12,12,1.0
noapex,AutoStrainCap_716097-1_20260707_161858,mid,12,12,1.0
noapex,AutoStrainCap_716097-1_20260707_162027,endo,12,12,1.0
noapex,AutoStrainCap_716097-1_20260707_162027,mid,12,12,1.0
noapex,AutoStrainCap_716097-1_20260707_162203,endo,12,12,1.0
noapex,AutoStrainCap_716097-1_20260707_162203,mid,12,12,1.0
noapex,AutoStrainCap_723177-2_20260703_101542,endo,12,12,1.0
noapex,AutoStrainCap_723177-2_20260703_101542,mid,12,12,1.0
noapex,AutoStrainCap_723177-2_20260703_102044,endo,12,12,1.0
noapex,AutoStrainCap_723177-2_20260703_102044,mid,12,12,1.0
noapex,AutoStrainCap_723177-2_20260703_102414,endo,12,12,1.0
noapex,AutoStrainCap_723177-2_20260703_102414,mid,12,12,1.0
noapex,AutoStrainCap_723177-2_20260703_122832,endo,12,12,1.0
noapex,AutoStrainCap_723177-2_20260703_122832,mid,12,12,1.0
noapex,AutoStrainCap_762552-8_20260616_153832,endo,12,12,1.0
noapex,AutoStrainCap_762552-8_20260616_153832,mid,12,12,1.0
noapex,AutoStrainCap_762552-8_20260616_154524,endo,12,12,1.0
noapex,AutoStrainCap_762552-8_20260616_154524,mid,12,12,1.0
noapex,AutoStrainCap_762552-8_20260616_155801,endo,12,12,1.0
noapex,AutoStrainCap_762552-8_20260616_155801,mid,12,12,1.0
noapex,AutoStrainCap_762552-8_20260616_160429,endo,12,12,1.0
noapex,AutoStrainCap_762552-8_20260616_160429,mid,12,12,1.0
noapex_fixed_qc,AutoStrainCap_1137189-5_20260707_113408,endo,12,12,1.0
noapex_fixed_qc,AutoStrainCap_1137189-5_20260707_113408,mid,12,12,1.0
noapex_fixed_qc,AutoStrainCap_1137189-5_20260707_114151,endo,12,12,1.0
noapex_fixed_qc,AutoStrainCap_1137189-5_20260707_114151,mid,12,11,0.9166666666666666
noapex_fixed_qc,AutoStrainCap_1137189-5_20260707_114424,endo,12,12,1.0
noapex_fixed_qc,AutoStrainCap_1137189-5_20260707_114424,mid,12,12,1.0
noapex_fixed_qc,AutoStrainCap_1137189-5_20260707_114650,endo,12,12,1.0
noapex_fixed_qc,AutoStrainCap_1137189-5_20260707_114650,mid,12,12,1.0
noapex_fixed_qc,AutoStrainCap_1223278-1_20260705_171815,endo,12,10,0.8333333333333334
noapex_fixed_qc,AutoStrainCap_1223278-1_20260705_171815,mid,12,10,0.8333333333333334
noapex_fixed_qc,AutoStrainCap_1223278-1_20260705_172202,endo,12,11,0.9166666666666666
noapex_fixed_qc,AutoStrainCap_1223278-1_20260705_172202,mid,12,12,1.0
noapex_fixed_qc,AutoStrainCap_1223278-1_20260705_172425,endo,12,12,1.0
noapex_fixed_qc,AutoStrainCap_1223278-1_20260705_172425,mid,12,12,1.0
noapex_fixed_qc,AutoStrainCap_1223278-1_20260705_172635,endo,12,12,1.0
noapex_fixed_qc,AutoStrainCap_1223278-1_20260705_172635,mid,12,12,1.0
noapex_fixed_qc,AutoStrainCap_1724395-7_20260707_104735,endo,12,12,1.0
noapex_fixed_qc,AutoStrainCap_1724395-7_20260707_104735,mid,12,12,1.0
noapex_fixed_qc,AutoStrainCap_1724395-7_20260707_105012,endo,12,12,1.0
noapex_fixed_qc,AutoStrainCap_1724395-7_20260707_105012,mid,12,12,1.0
noapex_fixed_qc,AutoStrainCap_1724395-7_20260707_105432,endo,12,12,1.0
noapex_fixed_qc,AutoStrainCap_1724395-7_20260707_105432,mid,12,12,1.0
noapex_fixed_qc,AutoStrainCap_1724395-7_20260707_105822,endo,12,12,1.0
noapex_fixed_qc,AutoStrainCap_1724395-7_20260707_105822,mid,12,12,1.0
noapex_fixed_qc,AutoStrainCap_1744250-0_20260703_143607,endo,12,12,1.0
noapex_fixed_qc,AutoStrainCap_1744250-0_20260703_143607,mid,12,11,0.9166666666666666
noapex_fixed_qc,AutoStrainCap_1744250-0_20260703_143906,endo,12,12,1.0
noapex_fixed_qc,AutoStrainCap_1744250-0_20260703_143906,mid,12,12,1.0
noapex_fixed_qc,AutoStrainCap_1744250-0_20260703_144142,endo,12,11,0.9166666666666666
noapex_fixed_qc,AutoStrainCap_1744250-0_20260703_144142,mid,12,11,0.9166666666666666
noapex_fixed_qc,AutoStrainCap_1744250-0_20260703_144157,endo,12,11,0.9166666666666666
noapex_fixed_qc,AutoStrainCap_1744250-0_20260703_144157,mid,12,11,0.9166666666666666
noapex_fixed_qc,AutoStrainCap_2170348-3_20260707_143235,endo,12,12,1.0
noapex_fixed_qc,AutoStrainCap_2170348-3_20260707_143235,mid,12,12,1.0
noapex_fixed_qc,AutoStrainCap_2170348-3_20260707_143611,endo,12,12,1.0
noapex_fixed_qc,AutoStrainCap_2170348-3_20260707_143611,mid,12,12,1.0
noapex_fixed_qc,AutoStrainCap_2170348-3_20260707_143837,endo,12,12,1.0
noapex_fixed_qc,AutoStrainCap_2170348-3_20260707_143837,mid,12,12,1.0
noapex_fixed_qc,AutoStrainCap_2170348-3_20260707_144100,endo,12,12,1.0
noapex_fixed_qc,AutoStrainCap_2170348-3_20260707_144100,mid,12,12,1.0
noapex_fixed_qc,AutoStrainCap_2226632-4_20260707_162808,endo,12,12,1.0
noapex_fixed_qc,AutoStrainCap_2226632-4_20260707_162808,mid,12,11,0.9166666666666666
noapex_fixed_qc,AutoStrainCap_2226632-4_20260707_163043,endo,12,12,1.0
noapex_fixed_qc,AutoStrainCap_2226632-4_20260707_163043,mid,12,12,1.0
noapex_fixed_qc,AutoStrainCap_2233408-0_20260619_102528,endo,12,12,1.0
noapex_fixed_qc,AutoStrainCap_2233408-0_20260619_102528,mid,12,12,1.0
noapex_fixed_qc,AutoStrainCap_2233408-0_20260619_102906,endo,12,12,1.0
noapex_fixed_qc,AutoStrainCap_2233408-0_20260619_102906,mid,12,12,1.0
noapex_fixed_qc,AutoStrainCap_2233408-0_20260619_103458,endo,12,12,1.0
noapex_fixed_qc,AutoStrainCap_2233408-0_20260619_103458,mid,12,12,1.0
noapex_fixed_qc,AutoStrainCap_2250834-5_20260619_095218,endo,12,11,0.9166666666666666
noapex_fixed_qc,AutoStrainCap_2250834-5_20260619_095218,mid,12,10,0.8333333333333334
noapex_fixed_qc,AutoStrainCap_2250834-5_20260619_095534,endo,12,12,1.0
noapex_fixed_qc,AutoStrainCap_2250834-5_20260619_095534,mid,12,12,1.0
noapex_fixed_qc,AutoStrainCap_2250834-5_20260619_095931,endo,12,12,1.0
noapex_fixed_qc,AutoStrainCap_2250834-5_20260619_095931,mid,12,12,1.0
noapex_fixed_qc,AutoStrainCap_2250834-5_20260619_100332,endo,12,12,1.0
noapex_fixed_qc,AutoStrainCap_2250834-5_20260619_100332,mid,12,11,0.9166666666666666
noapex_fixed_qc,AutoStrainCap_2258762-0_20260703_110621,endo,12,11,0.9166666666666666
noapex_fixed_qc,AutoStrainCap_2258762-0_20260703_110621,mid,12,11,0.9166666666666666
noapex_fixed_qc,AutoStrainCap_2258762-0_20260703_110854,endo,12,12,1.0
noapex_fixed_qc,AutoStrainCap_2258762-0_20260703_110854,mid,12,12,1.0
noapex_fixed_qc,AutoStrainCap_2258762-0_20260703_111414,endo,12,12,1.0
noapex_fixed_qc,AutoStrainCap_2258762-0_20260703_111414,mid,12,12,1.0
noapex_fixed_qc,AutoStrainCap_2258762-0_20260703_124045,endo,12,12,1.0
noapex_fixed_qc,AutoStrainCap_2258762-0_20260703_124045,mid,12,12,1.0
noapex_fixed_qc,AutoStrainCap_2280496-7_20260624_202319,endo,12,12,1.0
noapex_fixed_qc,AutoStrainCap_2280496-7_20260624_202319,mid,12,12,1.0
noapex_fixed_qc,AutoStrainCap_2280496-7_20260624_202753,endo,12,12,1.0
noapex_fixed_qc,AutoStrainCap_2280496-7_20260624_202753,mid,12,12,1.0
noapex_fixed_qc,AutoStrainCap_2280496-7_20260624_203432,endo,12,12,1.0
noapex_fixed_qc,AutoStrainCap_2280496-7_20260624_203432,mid,12,12,1.0
noapex_fixed_qc,AutoStrainCap_2280496-7_20260624_204125,endo,12,12,1.0
noapex_fixed_qc,AutoStrainCap_2280496-7_20260624_204125,mid,12,12,1.0
noapex_fixed_qc,AutoStrainCap_2369825-1_20260720_123518,endo,12,12,1.0
noapex_fixed_qc,AutoStrainCap_2369825-1_20260720_123518,mid,12,12,1.0
noapex_fixed_qc,AutoStrainCap_2369825-1_20260720_124038,endo,12,12,1.0
noapex_fixed_qc,AutoStrainCap_2369825-1_20260720_124038,mid,12,12,1.0
noapex_fixed_qc,AutoStrainCap_2369825-1_20260720_124440,endo,12,12,1.0
noapex_fixed_qc,AutoStrainCap_2369825-1_20260720_124440,mid,12,11,0.9166666666666666
noapex_fixed_qc,AutoStrainCap_2369825-1_20260720_124753,endo,12,12,1.0
noapex_fixed_qc,AutoStrainCap_2369825-1_20260720_124753,mid,12,12,1.0
noapex_fixed_qc,AutoStrainCap_2379344-1_20260610_154520,endo,12,12,1.0
noapex_fixed_qc,AutoStrainCap_2379344-1_20260610_154520,mid,12,12,1.0
noapex_fixed_qc,AutoStrainCap_2379344-1_20260610_155039,endo,12,12,1.0
noapex_fixed_qc,AutoStrainCap_2379344-1_20260610_155039,mid,12,12,1.0
noapex_fixed_qc,AutoStrainCap_2379344-1_20260610_155714,endo,12,12,1.0
noapex_fixed_qc,AutoStrainCap_2379344-1_20260610_155714,mid,12,12,1.0
noapex_fixed_qc,AutoStrainCap_2379344-1_20260610_160032,endo,12,12,1.0
noapex_fixed_qc,AutoStrainCap_2379344-1_20260610_160032,mid,12,12,1.0
noapex_fixed_qc,AutoStrainCap_2379344-1_20260610_162436,endo,12,12,1.0
noapex_fixed_qc,AutoStrainCap_2379344-1_20260610_162436,mid,12,12,1.0
noapex_fixed_qc,AutoStrainCap_2484127-2_20260624_155222,endo,12,12,1.0
noapex_fixed_qc,AutoStrainCap_2484127-2_20260624_155222,mid,12,12,1.0
noapex_fixed_qc,AutoStrainCap_2484127-2_20260624_160012,endo,12,12,1.0
noapex_fixed_qc,AutoStrainCap_2484127-2_20260624_160012,mid,12,11,0.9166666666666666
noapex_fixed_qc,AutoStrainCap_2484127-2_20260624_160617,endo,12,9,0.75
noapex_fixed_qc,AutoStrainCap_2484127-2_20260624_160617,mid,12,9,0.75
noapex_fixed_qc,AutoStrainCap_2484127-2_20260624_160925,endo,12,12,1.0
noapex_fixed_qc,AutoStrainCap_2484127-2_20260624_160925,mid,12,12,1.0
noapex_fixed_qc,AutoStrainCap_2508805-5_20260619_113900,endo,12,12,1.0
noapex_fixed_qc,AutoStrainCap_2508805-5_20260619_113900,mid,12,12,1.0
noapex_fixed_qc,AutoStrainCap_2508805-5_20260619_114214,endo,12,12,1.0
noapex_fixed_qc,AutoStrainCap_2508805-5_20260619_114214,mid,12,12,1.0
noapex_fixed_qc,AutoStrainCap_2508805-5_20260619_114536,endo,12,12,1.0
noapex_fixed_qc,AutoStrainCap_2508805-5_20260619_114536,mid,12,12,1.0
noapex_fixed_qc,AutoStrainCap_2508805-5_20260619_114940,endo,12,12,1.0
noapex_fixed_qc,AutoStrainCap_2508805-5_20260619_114940,mid,12,12,1.0
noapex_fixed_qc,AutoStrainCap_2508805-5_20260625_152430,endo,12,12,1.0
noapex_fixed_qc,AutoStrainCap_2508805-5_20260625_152430,mid,12,12,1.0
noapex_fixed_qc,AutoStrainCap_2508805-5_20260625_152655,endo,12,12,1.0
noapex_fixed_qc,AutoStrainCap_2508805-5_20260625_152655,mid,12,12,1.0
noapex_fixed_qc,AutoStrainCap_2508805-5_20260625_152928,endo,12,12,1.0
noapex_fixed_qc,AutoStrainCap_2508805-5_20260625_152928,mid,12,12,1.0
noapex_fixed_qc,AutoStrainCap_2508805-5_20260625_153342,endo,12,12,1.0
noapex_fixed_qc,AutoStrainCap_2508805-5_20260625_153342,mid,12,12,1.0
noapex_fixed_qc,AutoStrainCap_2537675-7_20260705_180038,endo,12,12,1.0
noapex_fixed_qc,AutoStrainCap_2537675-7_20260705_180038,mid,12,12,1.0
noapex_fixed_qc,AutoStrainCap_2537675-7_20260705_180403,endo,12,12,1.0
noapex_fixed_qc,AutoStrainCap_2537675-7_20260705_180403,mid,12,12,1.0
noapex_fixed_qc,AutoStrainCap_2537675-7_20260705_180642,endo,12,12,1.0
noapex_fixed_qc,AutoStrainCap_2537675-7_20260705_180642,mid,12,12,1.0
noapex_fixed_qc,AutoStrainCap_2537675-7_20260705_180913,endo,12,12,1.0
noapex_fixed_qc,AutoStrainCap_2537675-7_20260705_180913,mid,12,12,1.0
noapex_fixed_qc,AutoStrainCap_2547641-7_20260703_140220,endo,12,12,1.0
noapex_fixed_qc,AutoStrainCap_2547641-7_20260703_140220,mid,12,12,1.0
noapex_fixed_qc,AutoStrainCap_2547641-7_20260703_140428,endo,12,12,1.0
noapex_fixed_qc,AutoStrainCap_2547641-7_20260703_140428,mid,12,12,1.0
noapex_fixed_qc,AutoStrainCap_2547641-7_20260703_140639,endo,12,12,1.0
noapex_fixed_qc,AutoStrainCap_2547641-7_20260703_140639,mid,12,12,1.0
noapex_fixed_qc,AutoStrainCap_2547641-7_20260703_140807,endo,12,12,1.0
noapex_fixed_qc,AutoStrainCap_2547641-7_20260703_140807,mid,12,12,1.0
noapex_fixed_qc,AutoStrainCap_2571168-0_20260719_142822,endo,12,12,1.0
noapex_fixed_qc,AutoStrainCap_2571168-0_20260719_142822,mid,12,12,1.0
noapex_fixed_qc,AutoStrainCap_2571168-0_20260719_143546,endo,12,11,0.9166666666666666
noapex_fixed_qc,AutoStrainCap_2571168-0_20260719_143546,mid,12,10,0.8333333333333334
noapex_fixed_qc,AutoStrainCap_2571168-0_20260720_121832,endo,12,12,1.0
noapex_fixed_qc,AutoStrainCap_2571168-0_20260720_121832,mid,12,12,1.0
noapex_fixed_qc,AutoStrainCap_2730888-1_20260707_144642,endo,12,12,1.0
noapex_fixed_qc,AutoStrainCap_2730888-1_20260707_144642,mid,12,12,1.0
noapex_fixed_qc,AutoStrainCap_2730888-1_20260707_145512,endo,12,12,1.0
noapex_fixed_qc,AutoStrainCap_2730888-1_20260707_145512,mid,12,12,1.0
noapex_fixed_qc,AutoStrainCap_2730888-1_20260707_145723,endo,12,12,1.0
noapex_fixed_qc,AutoStrainCap_2730888-1_20260707_145723,mid,12,12,1.0
noapex_fixed_qc,AutoStrainCap_2730888-1_20260707_145900,endo,12,12,1.0
noapex_fixed_qc,AutoStrainCap_2730888-1_20260707_145900,mid,12,12,1.0
noapex_fixed_qc,AutoStrainCap_2873723-7_20260707_152730,endo,12,12,1.0
noapex_fixed_qc,AutoStrainCap_2873723-7_20260707_152730,mid,12,12,1.0
noapex_fixed_qc,AutoStrainCap_2873723-7_20260707_153011,endo,12,12,1.0
noapex_fixed_qc,AutoStrainCap_2873723-7_20260707_153011,mid,12,12,1.0
noapex_fixed_qc,AutoStrainCap_2873723-7_20260707_153227,endo,12,12,1.0
noapex_fixed_qc,AutoStrainCap_2873723-7_20260707_153227,mid,12,12,1.0
noapex_fixed_qc,AutoStrainCap_2873723-7_20260707_153540,endo,12,12,1.0
noapex_fixed_qc,AutoStrainCap_2873723-7_20260707_153540,mid,12,12,1.0
noapex_fixed_qc,AutoStrainCap_2881847-4_20260703_113316,endo,12,11,0.9166666666666666
noapex_fixed_qc,AutoStrainCap_2881847-4_20260703_113316,mid,12,11,0.9166666666666666
noapex_fixed_qc,AutoStrainCap_2881847-4_20260703_113542,endo,12,12,1.0
noapex_fixed_qc,AutoStrainCap_2881847-4_20260703_113542,mid,12,12,1.0
noapex_fixed_qc,AutoStrainCap_2881847-4_20260703_114456,endo,12,12,1.0
noapex_fixed_qc,AutoStrainCap_2881847-4_20260703_114456,mid,12,12,1.0
noapex_fixed_qc,AutoStrainCap_2881847-4_20260703_124530,endo,12,11,0.9166666666666666
noapex_fixed_qc,AutoStrainCap_2881847-4_20260703_124530,mid,12,11,0.9166666666666666
noapex_fixed_qc,AutoStrainCap_2978314-9_20260703_135704,endo,12,12,1.0
noapex_fixed_qc,AutoStrainCap_2978314-9_20260703_135704,mid,12,12,1.0
noapex_fixed_qc,AutoStrainCap_2978314-9_20260703_135937,endo,12,12,1.0
noapex_fixed_qc,AutoStrainCap_2978314-9_20260703_135937,mid,12,12,1.0
noapex_fixed_qc,AutoStrainCap_2978314-9_20260705_133515,endo,12,12,1.0
noapex_fixed_qc,AutoStrainCap_2978314-9_20260705_133515,mid,12,11,0.9166666666666666
noapex_fixed_qc,AutoStrainCap_2978314-9_20260705_133858,endo,12,12,1.0
noapex_fixed_qc,AutoStrainCap_2978314-9_20260705_133858,mid,12,12,1.0
noapex_fixed_qc,AutoStrainCap_30011875-9_20260705_165929,endo,12,12,1.0
noapex_fixed_qc,AutoStrainCap_30011875-9_20260705_165929,mid,12,12,1.0
noapex_fixed_qc,AutoStrainCap_30011875-9_20260705_170118,endo,12,12,1.0
noapex_fixed_qc,AutoStrainCap_30011875-9_20260705_170118,mid,12,12,1.0
noapex_fixed_qc,AutoStrainCap_30011875-9_20260705_170808,endo,12,12,1.0
noapex_fixed_qc,AutoStrainCap_30011875-9_20260705_170808,mid,12,12,1.0
noapex_fixed_qc,AutoStrainCap_30011875-9_20260705_171331,endo,12,10,0.8333333333333334
noapex_fixed_qc,AutoStrainCap_30011875-9_20260705_171331,mid,12,10,0.8333333333333334
noapex_fixed_qc,AutoStrainCap_30314808-4_20260703_131631,endo,12,12,1.0
noapex_fixed_qc,AutoStrainCap_30314808-4_20260703_131631,mid,12,12,1.0
noapex_fixed_qc,AutoStrainCap_30314808-4_20260703_131911,endo,12,12,1.0
noapex_fixed_qc,AutoStrainCap_30314808-4_20260703_131911,mid,12,12,1.0
noapex_fixed_qc,AutoStrainCap_30314808-4_20260703_132135,endo,12,12,1.0
noapex_fixed_qc,AutoStrainCap_30314808-4_20260703_132135,mid,12,12,1.0
noapex_fixed_qc,AutoStrainCap_30683084-5_20260720_125216,endo,12,11,0.9166666666666666
noapex_fixed_qc,AutoStrainCap_30683084-5_20260720_125216,mid,12,11,0.9166666666666666
noapex_fixed_qc,AutoStrainCap_30683084-5_20260720_142810,endo,12,12,1.0
noapex_fixed_qc,AutoStrainCap_30683084-5_20260720_142810,mid,12,12,1.0
noapex_fixed_qc,AutoStrainCap_30683084-5_20260720_143220,endo,12,12,1.0
noapex_fixed_qc,AutoStrainCap_30683084-5_20260720_143220,mid,12,12,1.0
noapex_fixed_qc,AutoStrainCap_30683084-5_20260720_143504,endo,12,12,1.0
noapex_fixed_qc,AutoStrainCap_30683084-5_20260720_143504,mid,12,12,1.0
noapex_fixed_qc,AutoStrainCap_30740228-9_20260705_150032,endo,12,12,1.0
noapex_fixed_qc,AutoStrainCap_30740228-9_20260705_150032,mid,12,12,1.0
noapex_fixed_qc,AutoStrainCap_30740228-9_20260705_150246,endo,12,12,1.0
noapex_fixed_qc,AutoStrainCap_30740228-9_20260705_150246,mid,12,12,1.0
noapex_fixed_qc,AutoStrainCap_30740228-9_20260705_150619,endo,12,12,1.0
noapex_fixed_qc,AutoStrainCap_30740228-9_20260705_150619,mid,12,12,1.0
noapex_fixed_qc,AutoStrainCap_30740228-9_20260705_151045,endo,12,12,1.0
noapex_fixed_qc,AutoStrainCap_30740228-9_20260705_151045,mid,12,12,1.0
noapex_fixed_qc,AutoStrainCap_30905318-9_20260703_141037,endo,12,12,1.0
noapex_fixed_qc,AutoStrainCap_30905318-9_20260703_141037,mid,12,12,1.0
noapex_fixed_qc,AutoStrainCap_30905318-9_20260703_141442,endo,12,11,0.9166666666666666
noapex_fixed_qc,AutoStrainCap_30905318-9_20260703_141442,mid,12,11,0.9166666666666666
noapex_fixed_qc,AutoStrainCap_30905318-9_20260703_141742,endo,12,12,1.0
noapex_fixed_qc,AutoStrainCap_30905318-9_20260703_141742,mid,12,12,1.0
noapex_fixed_qc,AutoStrainCap_30905318-9_20260703_142018,endo,12,12,1.0
noapex_fixed_qc,AutoStrainCap_30905318-9_20260703_142018,mid,12,12,1.0
noapex_fixed_qc,AutoStrainCap_30905373-4_20260719_134718,endo,12,12,1.0
noapex_fixed_qc,AutoStrainCap_30905373-4_20260719_134718,mid,12,12,1.0
noapex_fixed_qc,AutoStrainCap_30905373-4_20260719_135210,endo,12,12,1.0
noapex_fixed_qc,AutoStrainCap_30905373-4_20260719_135210,mid,12,12,1.0
noapex_fixed_qc,AutoStrainCap_30905373-4_20260719_135629,endo,12,12,1.0
noapex_fixed_qc,AutoStrainCap_30905373-4_20260719_135629,mid,12,11,0.9166666666666666
noapex_fixed_qc,AutoStrainCap_30905373-4_20260719_135928,endo,12,11,0.9166666666666666
noapex_fixed_qc,AutoStrainCap_30905373-4_20260719_135928,mid,12,11,0.9166666666666666
noapex_fixed_qc,AutoStrainCap_31015650-0_20260624_185116,endo,12,12,1.0
noapex_fixed_qc,AutoStrainCap_31015650-0_20260624_185116,mid,12,12,1.0
noapex_fixed_qc,AutoStrainCap_31015650-0_20260624_190101,endo,12,12,1.0
noapex_fixed_qc,AutoStrainCap_31015650-0_20260624_190101,mid,12,12,1.0
noapex_fixed_qc,AutoStrainCap_31015650-0_20260624_190415,endo,12,12,1.0
noapex_fixed_qc,AutoStrainCap_31015650-0_20260624_190415,mid,12,12,1.0
noapex_fixed_qc,AutoStrainCap_31015650-0_20260624_190829,endo,12,12,1.0
noapex_fixed_qc,AutoStrainCap_31015650-0_20260624_190829,mid,12,12,1.0
noapex_fixed_qc,AutoStrainCap_31368451-6_20260616_143036,endo,12,12,1.0
noapex_fixed_qc,AutoStrainCap_31368451-6_20260616_143036,mid,12,12,1.0
noapex_fixed_qc,AutoStrainCap_31368451-6_20260616_143905,endo,12,12,1.0
noapex_fixed_qc,AutoStrainCap_31368451-6_20260616_143905,mid,12,12,1.0
noapex_fixed_qc,AutoStrainCap_31368451-6_20260616_144528,endo,12,12,1.0
noapex_fixed_qc,AutoStrainCap_31368451-6_20260616_144528,mid,12,12,1.0
noapex_fixed_qc,AutoStrainCap_31368451-6_20260616_145941,endo,12,12,1.0
noapex_fixed_qc,AutoStrainCap_31368451-6_20260616_145941,mid,12,12,1.0
noapex_fixed_qc,AutoStrainCap_31679667-1_20260629_143005,endo,12,12,1.0
noapex_fixed_qc,AutoStrainCap_31679667-1_20260629_143005,mid,12,12,1.0
noapex_fixed_qc,AutoStrainCap_31679667-1_20260629_143612,endo,12,12,1.0
noapex_fixed_qc,AutoStrainCap_31679667-1_20260629_143612,mid,12,12,1.0
noapex_fixed_qc,AutoStrainCap_31679667-1_20260629_143856,endo,12,12,1.0
noapex_fixed_qc,AutoStrainCap_31679667-1_20260629_143856,mid,12,12,1.0
noapex_fixed_qc,AutoStrainCap_31679667-1_20260629_144203,endo,12,12,1.0
noapex_fixed_qc,AutoStrainCap_31679667-1_20260629_144203,mid,12,12,1.0
noapex_fixed_qc,AutoStrainCap_31788903-8_20260705_173125,endo,12,11,0.9166666666666666
noapex_fixed_qc,AutoStrainCap_31788903-8_20260705_173125,mid,12,11,0.9166666666666666
noapex_fixed_qc,AutoStrainCap_31788903-8_20260705_173345,endo,12,12,1.0
noapex_fixed_qc,AutoStrainCap_31788903-8_20260705_173345,mid,12,12,1.0
noapex_fixed_qc,AutoStrainCap_31788903-8_20260705_173654,endo,12,12,1.0
noapex_fixed_qc,AutoStrainCap_31788903-8_20260705_173654,mid,12,12,1.0
noapex_fixed_qc,AutoStrainCap_31788903-8_20260705_174006,endo,12,12,1.0
noapex_fixed_qc,AutoStrainCap_31788903-8_20260705_174006,mid,12,12,1.0
noapex_fixed_qc,AutoStrainCap_32096153-5_20260703_114834,endo,12,12,1.0
noapex_fixed_qc,AutoStrainCap_32096153-5_20260703_114834,mid,12,12,1.0
noapex_fixed_qc,AutoStrainCap_32096153-5_20260703_115236,endo,12,12,1.0
noapex_fixed_qc,AutoStrainCap_32096153-5_20260703_115236,mid,12,12,1.0
noapex_fixed_qc,AutoStrainCap_32096153-5_20260703_115542,endo,12,12,1.0
noapex_fixed_qc,AutoStrainCap_32096153-5_20260703_115542,mid,12,12,1.0
noapex_fixed_qc,AutoStrainCap_32096153-5_20260703_124840,endo,12,12,1.0
noapex_fixed_qc,AutoStrainCap_32096153-5_20260703_124840,mid,12,12,1.0
noapex_fixed_qc,AutoStrainCap_32101870-7_20260707_100138,endo,12,12,1.0
noapex_fixed_qc,AutoStrainCap_32101870-7_20260707_100138,mid,12,11,0.9166666666666666
noapex_fixed_qc,AutoStrainCap_32101870-7_20260707_102925,endo,12,12,1.0
noapex_fixed_qc,AutoStrainCap_32101870-7_20260707_102925,mid,12,12,1.0
noapex_fixed_qc,AutoStrainCap_32101870-7_20260707_103154,endo,12,12,1.0
noapex_fixed_qc,AutoStrainCap_32101870-7_20260707_103154,mid,12,12,1.0
noapex_fixed_qc,AutoStrainCap_32101870-7_20260707_103606,endo,12,12,1.0
noapex_fixed_qc,AutoStrainCap_32101870-7_20260707_103606,mid,12,12,1.0
noapex_fixed_qc,AutoStrainCap_32324083-8_20260707_084108,endo,12,12,1.0
noapex_fixed_qc,AutoStrainCap_32324083-8_20260707_084108,mid,12,12,1.0
noapex_fixed_qc,AutoStrainCap_32324083-8_20260707_084956,endo,12,12,1.0
noapex_fixed_qc,AutoStrainCap_32324083-8_20260707_084956,mid,12,11,0.9166666666666666
noapex_fixed_qc,AutoStrainCap_32324083-8_20260707_085224,endo,12,12,1.0
noapex_fixed_qc,AutoStrainCap_32324083-8_20260707_085224,mid,12,12,1.0
noapex_fixed_qc,AutoStrainCap_32324083-8_20260707_085629,endo,12,11,0.9166666666666666
noapex_fixed_qc,AutoStrainCap_32324083-8_20260707_085629,mid,12,11,0.9166666666666666
noapex_fixed_qc,AutoStrainCap_32363189-5_20260703_102711,endo,12,12,1.0
noapex_fixed_qc,AutoStrainCap_32363189-5_20260703_102711,mid,12,12,1.0
noapex_fixed_qc,AutoStrainCap_32363189-5_20260703_103139,endo,12,12,1.0
noapex_fixed_qc,AutoStrainCap_32363189-5_20260703_103139,mid,12,12,1.0
noapex_fixed_qc,AutoStrainCap_32363189-5_20260703_103620,endo,12,12,1.0
noapex_fixed_qc,AutoStrainCap_32363189-5_20260703_103620,mid,12,12,1.0
noapex_fixed_qc,AutoStrainCap_32363189-5_20260703_123141,endo,12,12,1.0
noapex_fixed_qc,AutoStrainCap_32363189-5_20260703_123141,mid,12,12,1.0
noapex_fixed_qc,AutoStrainCap_32691333-2_20260629_144820,endo,12,12,1.0
noapex_fixed_qc,AutoStrainCap_32691333-2_20260629_144820,mid,12,12,1.0
noapex_fixed_qc,AutoStrainCap_32691333-2_20260629_145023,endo,12,12,1.0
noapex_fixed_qc,AutoStrainCap_32691333-2_20260629_145023,mid,12,12,1.0
noapex_fixed_qc,AutoStrainCap_32691333-2_20260629_145300,endo,12,12,1.0
noapex_fixed_qc,AutoStrainCap_32691333-2_20260629_145300,mid,12,12,1.0
noapex_fixed_qc,AutoStrainCap_32691333-2_20260629_145739,endo,12,12,1.0
noapex_fixed_qc,AutoStrainCap_32691333-2_20260629_145739,mid,12,12,1.0
noapex_fixed_qc,AutoStrainCap_33407814-4_20260707_090154,endo,12,12,1.0
noapex_fixed_qc,AutoStrainCap_33407814-4_20260707_090154,mid,12,12,1.0
noapex_fixed_qc,AutoStrainCap_33407814-4_20260707_090400,endo,12,12,1.0
noapex_fixed_qc,AutoStrainCap_33407814-4_20260707_090400,mid,12,12,1.0
noapex_fixed_qc,AutoStrainCap_33407814-4_20260707_091445,endo,12,12,1.0
noapex_fixed_qc,AutoStrainCap_33407814-4_20260707_091445,mid,12,12,1.0
noapex_fixed_qc,AutoStrainCap_33407814-4_20260707_091815,endo,12,12,1.0
noapex_fixed_qc,AutoStrainCap_33407814-4_20260707_091815,mid,12,12,1.0
noapex_fixed_qc,AutoStrainCap_33637467-3_20260624_162351,endo,12,12,1.0
noapex_fixed_qc,AutoStrainCap_33637467-3_20260624_162351,mid,12,12,1.0
noapex_fixed_qc,AutoStrainCap_33637467-3_20260624_163344,endo,12,12,1.0
noapex_fixed_qc,AutoStrainCap_33637467-3_20260624_163344,mid,12,12,1.0
noapex_fixed_qc,AutoStrainCap_33637467-3_20260624_163719,endo,12,12,1.0
noapex_fixed_qc,AutoStrainCap_33637467-3_20260624_163719,mid,12,12,1.0
noapex_fixed_qc,AutoStrainCap_33637467-3_20260624_171106,endo,12,12,1.0
noapex_fixed_qc,AutoStrainCap_33637467-3_20260624_171106,mid,12,12,1.0
noapex_fixed_qc,AutoStrainCap_3417281-7_20260619_111837,endo,12,12,1.0
noapex_fixed_qc,AutoStrainCap_3417281-7_20260619_111837,mid,12,12,1.0
noapex_fixed_qc,AutoStrainCap_3417281-7_20260619_112344,endo,12,11,0.9166666666666666
noapex_fixed_qc,AutoStrainCap_3417281-7_20260619_112344,mid,12,11,0.9166666666666666
noapex_fixed_qc,AutoStrainCap_3417281-7_20260619_113034,endo,12,12,1.0
noapex_fixed_qc,AutoStrainCap_3417281-7_20260619_113034,mid,12,12,1.0
noapex_fixed_qc,AutoStrainCap_3417281-7_20260625_150434,endo,12,12,1.0
noapex_fixed_qc,AutoStrainCap_3417281-7_20260625_150434,mid,12,12,1.0
noapex_fixed_qc,AutoStrainCap_3417281-7_20260625_150904,endo,12,12,1.0
noapex_fixed_qc,AutoStrainCap_3417281-7_20260625_150904,mid,12,12,1.0
noapex_fixed_qc,AutoStrainCap_3417281-7_20260625_151500,endo,12,12,1.0
noapex_fixed_qc,AutoStrainCap_3417281-7_20260625_151500,mid,12,12,1.0
noapex_fixed_qc,AutoStrainCap_3417281-7_20260625_151857,endo,12,12,1.0
noapex_fixed_qc,AutoStrainCap_3417281-7_20260625_151857,mid,12,12,1.0
noapex_fixed_qc,AutoStrainCap_3421947-7_20260705_191555,endo,12,12,1.0
noapex_fixed_qc,AutoStrainCap_3421947-7_20260705_191555,mid,12,12,1.0
noapex_fixed_qc,AutoStrainCap_3421947-7_20260705_191723,endo,12,12,1.0
noapex_fixed_qc,AutoStrainCap_3421947-7_20260705_191723,mid,12,12,1.0
noapex_fixed_qc,AutoStrainCap_3421947-7_20260705_192001,endo,12,12,1.0
noapex_fixed_qc,AutoStrainCap_3421947-7_20260705_192001,mid,12,12,1.0
noapex_fixed_qc,AutoStrainCap_3421947-7_20260705_192232,endo,12,12,1.0
noapex_fixed_qc,AutoStrainCap_3421947-7_20260705_192232,mid,12,12,1.0
noapex_fixed_qc,AutoStrainCap_34251979-0_20260707_092115,endo,12,12,1.0
noapex_fixed_qc,AutoStrainCap_34251979-0_20260707_092115,mid,12,12,1.0
noapex_fixed_qc,AutoStrainCap_34251979-0_20260707_092450,endo,12,12,1.0
noapex_fixed_qc,AutoStrainCap_34251979-0_20260707_092450,mid,12,12,1.0
noapex_fixed_qc,AutoStrainCap_34251979-0_20260707_092822,endo,12,12,1.0
noapex_fixed_qc,AutoStrainCap_34251979-0_20260707_092822,mid,12,12,1.0
noapex_fixed_qc,AutoStrainCap_34251979-0_20260707_093232,endo,12,11,0.9166666666666666
noapex_fixed_qc,AutoStrainCap_34251979-0_20260707_093232,mid,12,11,0.9166666666666666
noapex_fixed_qc,AutoStrainCap_34262029-1_20260707_093659,endo,12,12,1.0
noapex_fixed_qc,AutoStrainCap_34262029-1_20260707_093659,mid,12,12,1.0
noapex_fixed_qc,AutoStrainCap_34262029-1_20260707_094749,endo,12,12,1.0
noapex_fixed_qc,AutoStrainCap_34262029-1_20260707_094749,mid,12,12,1.0
noapex_fixed_qc,AutoStrainCap_34262029-1_20260707_095125,endo,12,11,0.9166666666666666
noapex_fixed_qc,AutoStrainCap_34262029-1_20260707_095125,mid,12,11,0.9166666666666666
noapex_fixed_qc,AutoStrainCap_34262029-1_20260707_095640,endo,12,12,1.0
noapex_fixed_qc,AutoStrainCap_34262029-1_20260707_095640,mid,12,12,1.0
noapex_fixed_qc,AutoStrainCap_34269230-8_20260707_130819,endo,12,12,1.0
noapex_fixed_qc,AutoStrainCap_34269230-8_20260707_130819,mid,12,12,1.0
noapex_fixed_qc,AutoStrainCap_34269230-8_20260707_131147,endo,12,12,1.0
noapex_fixed_qc,AutoStrainCap_34269230-8_20260707_131147,mid,12,12,1.0
noapex_fixed_qc,AutoStrainCap_34269230-8_20260707_131344,endo,12,12,1.0
noapex_fixed_qc,AutoStrainCap_34269230-8_20260707_131344,mid,12,12,1.0
noapex_fixed_qc,AutoStrainCap_34269230-8_20260707_131631,endo,12,12,1.0
noapex_fixed_qc,AutoStrainCap_34269230-8_20260707_131631,mid,12,12,1.0
noapex_fixed_qc,AutoStrainCap_3429839-8_20260705_190240,endo,12,12,1.0
noapex_fixed_qc,AutoStrainCap_3429839-8_20260705_190240,mid,12,12,1.0
noapex_fixed_qc,AutoStrainCap_3429839-8_20260705_190535,endo,12,12,1.0
noapex_fixed_qc,AutoStrainCap_3429839-8_20260705_190535,mid,12,12,1.0
noapex_fixed_qc,AutoStrainCap_3429839-8_20260705_190803,endo,12,12,1.0
noapex_fixed_qc,AutoStrainCap_3429839-8_20260705_190803,mid,12,12,1.0
noapex_fixed_qc,AutoStrainCap_3429839-8_20260705_191308,endo,12,12,1.0
noapex_fixed_qc,AutoStrainCap_3429839-8_20260705_191308,mid,12,12,1.0
noapex_fixed_qc,AutoStrainCap_34509875-0_20260705_160307,endo,12,12,1.0
noapex_fixed_qc,AutoStrainCap_34509875-0_20260705_160307,mid,12,12,1.0
noapex_fixed_qc,AutoStrainCap_34509875-0_20260705_160557,endo,12,12,1.0
noapex_fixed_qc,AutoStrainCap_34509875-0_20260705_160557,mid,12,11,0.9166666666666666
noapex_fixed_qc,AutoStrainCap_34509875-0_20260705_161049,endo,12,12,1.0
noapex_fixed_qc,AutoStrainCap_34509875-0_20260705_161049,mid,12,12,1.0
noapex_fixed_qc,AutoStrainCap_34509875-0_20260705_161724,endo,12,12,1.0
noapex_fixed_qc,AutoStrainCap_34509875-0_20260705_161724,mid,12,12,1.0
noapex_fixed_qc,AutoStrainCap_34524423-0_20260703_111740,endo,12,12,1.0
noapex_fixed_qc,AutoStrainCap_34524423-0_20260703_111740,mid,12,12,1.0
noapex_fixed_qc,AutoStrainCap_34524423-0_20260703_112300,endo,12,12,1.0
noapex_fixed_qc,AutoStrainCap_34524423-0_20260703_112300,mid,12,12,1.0
noapex_fixed_qc,AutoStrainCap_34524423-0_20260703_112614,endo,12,12,1.0
noapex_fixed_qc,AutoStrainCap_34524423-0_20260703_112614,mid,12,12,1.0
noapex_fixed_qc,AutoStrainCap_34524423-0_20260703_124300,endo,12,12,1.0
noapex_fixed_qc,AutoStrainCap_34524423-0_20260703_124300,mid,12,12,1.0
noapex_fixed_qc,AutoStrainCap_34531409-0_20260703_125824,endo,12,12,1.0
noapex_fixed_qc,AutoStrainCap_34531409-0_20260703_125824,mid,12,12,1.0
noapex_fixed_qc,AutoStrainCap_34531409-0_20260703_130045,endo,12,12,1.0
noapex_fixed_qc,AutoStrainCap_34531409-0_20260703_130045,mid,12,12,1.0
noapex_fixed_qc,AutoStrainCap_34531409-0_20260703_130431,endo,12,12,1.0
noapex_fixed_qc,AutoStrainCap_34531409-0_20260703_130431,mid,12,12,1.0
noapex_fixed_qc,AutoStrainCap_34531409-0_20260703_130700,endo,12,12,1.0
noapex_fixed_qc,AutoStrainCap_34531409-0_20260703_130700,mid,12,12,1.0
noapex_fixed_qc,AutoStrainCap_34549119-5_20260619_100807,endo,12,12,1.0
noapex_fixed_qc,AutoStrainCap_34549119-5_20260619_100807,mid,12,12,1.0
noapex_fixed_qc,AutoStrainCap_34549119-5_20260619_101142,endo,12,12,1.0
noapex_fixed_qc,AutoStrainCap_34549119-5_20260619_101142,mid,12,12,1.0
noapex_fixed_qc,AutoStrainCap_34549119-5_20260619_101821,endo,12,12,1.0
noapex_fixed_qc,AutoStrainCap_34549119-5_20260619_101821,mid,12,12,1.0
noapex_fixed_qc,AutoStrainCap_34617696-9_20260624_194253,endo,12,12,1.0
noapex_fixed_qc,AutoStrainCap_34617696-9_20260624_194253,mid,12,12,1.0
noapex_fixed_qc,AutoStrainCap_34617696-9_20260624_194747,endo,12,12,1.0
noapex_fixed_qc,AutoStrainCap_34617696-9_20260624_194747,mid,12,12,1.0
noapex_fixed_qc,AutoStrainCap_34617696-9_20260624_195220,endo,12,12,1.0
noapex_fixed_qc,AutoStrainCap_34617696-9_20260624_195220,mid,12,12,1.0
noapex_fixed_qc,AutoStrainCap_34617696-9_20260624_195654,endo,12,12,1.0
noapex_fixed_qc,AutoStrainCap_34617696-9_20260624_195654,mid,12,11,0.9166666666666666
noapex_fixed_qc,AutoStrainCap_3651669-8_20260624_171743,endo,12,12,1.0
noapex_fixed_qc,AutoStrainCap_3651669-8_20260624_171743,mid,12,12,1.0
noapex_fixed_qc,AutoStrainCap_3651669-8_20260624_172513,endo,12,12,1.0
noapex_fixed_qc,AutoStrainCap_3651669-8_20260624_172513,mid,12,12,1.0
noapex_fixed_qc,AutoStrainCap_3651669-8_20260624_173108,endo,12,12,1.0
noapex_fixed_qc,AutoStrainCap_3651669-8_20260624_173108,mid,12,11,0.9166666666666666
noapex_fixed_qc,AutoStrainCap_3651669-8_20260624_173453,endo,12,12,1.0
noapex_fixed_qc,AutoStrainCap_3651669-8_20260624_173453,mid,12,12,1.0
noapex_fixed_qc,AutoStrainCap_3665822-7_20260703_133641,endo,12,12,1.0
noapex_fixed_qc,AutoStrainCap_3665822-7_20260703_133641,mid,12,12,1.0
noapex_fixed_qc,AutoStrainCap_3665822-7_20260703_134515,endo,12,11,0.9166666666666666
noapex_fixed_qc,AutoStrainCap_3665822-7_20260703_134515,mid,12,11,0.9166666666666666
noapex_fixed_qc,AutoStrainCap_3665822-7_20260705_133120,endo,12,12,1.0
noapex_fixed_qc,AutoStrainCap_3665822-7_20260705_133120,mid,12,12,1.0
noapex_fixed_qc,AutoStrainCap_3729069-9_20260624_200234,endo,12,12,1.0
noapex_fixed_qc,AutoStrainCap_3729069-9_20260624_200234,mid,12,11,0.9166666666666666
noapex_fixed_qc,AutoStrainCap_3729069-9_20260624_201056,endo,12,12,1.0
noapex_fixed_qc,AutoStrainCap_3729069-9_20260624_201056,mid,12,12,1.0
noapex_fixed_qc,AutoStrainCap_3729069-9_20260624_201559,endo,12,12,1.0
noapex_fixed_qc,AutoStrainCap_3729069-9_20260624_201559,mid,12,12,1.0
noapex_fixed_qc,AutoStrainCap_3729069-9_20260624_202002,endo,12,12,1.0
noapex_fixed_qc,AutoStrainCap_3729069-9_20260624_202002,mid,12,12,1.0
noapex_fixed_qc,AutoStrainCap_3835047-6_20260607_083949,endo,12,12,1.0
noapex_fixed_qc,AutoStrainCap_3835047-6_20260607_083949,mid,12,12,1.0
noapex_fixed_qc,AutoStrainCap_3835047-6_20260720_143751,endo,12,12,1.0
noapex_fixed_qc,AutoStrainCap_3835047-6_20260720_143751,mid,12,12,1.0
noapex_fixed_qc,AutoStrainCap_3835047-6_20260720_144112,endo,12,12,1.0
noapex_fixed_qc,AutoStrainCap_3835047-6_20260720_144112,mid,12,12,1.0
noapex_fixed_qc,AutoStrainCap_3835047-6_20260720_144412,endo,12,12,1.0
noapex_fixed_qc,AutoStrainCap_3835047-6_20260720_144412,mid,12,12,1.0
noapex_fixed_qc,AutoStrainCap_3835047-6_20260720_144825,endo,12,12,1.0
noapex_fixed_qc,AutoStrainCap_3835047-6_20260720_144825,mid,12,12,1.0
noapex_fixed_qc,AutoStrainCap_3944934-3_20260707_132037,endo,12,12,1.0
noapex_fixed_qc,AutoStrainCap_3944934-3_20260707_132037,mid,12,12,1.0
noapex_fixed_qc,AutoStrainCap_3944934-3_20260707_132334,endo,12,12,1.0
noapex_fixed_qc,AutoStrainCap_3944934-3_20260707_132334,mid,12,12,1.0
noapex_fixed_qc,AutoStrainCap_3944934-3_20260707_132714,endo,12,12,1.0
noapex_fixed_qc,AutoStrainCap_3944934-3_20260707_132714,mid,12,12,1.0
noapex_fixed_qc,AutoStrainCap_3944934-3_20260707_133014,endo,12,11,0.9166666666666666
noapex_fixed_qc,AutoStrainCap_3944934-3_20260707_133014,mid,12,11,0.9166666666666666
noapex_fixed_qc,AutoStrainCap_4040951-8_20260703_142302,endo,12,12,1.0
noapex_fixed_qc,AutoStrainCap_4040951-8_20260703_142302,mid,12,12,1.0
noapex_fixed_qc,AutoStrainCap_4040951-8_20260703_142531,endo,12,12,1.0
noapex_fixed_qc,AutoStrainCap_4040951-8_20260703_142531,mid,12,12,1.0
noapex_fixed_qc,AutoStrainCap_4040951-8_20260703_142754,endo,12,12,1.0
noapex_fixed_qc,AutoStrainCap_4040951-8_20260703_142754,mid,12,11,0.9166666666666666
noapex_fixed_qc,AutoStrainCap_4040951-8_20260703_142956,endo,12,12,1.0
noapex_fixed_qc,AutoStrainCap_4040951-8_20260703_142956,mid,12,12,1.0
noapex_fixed_qc,AutoStrainCap_426704-3_20260703_092825,endo,12,12,1.0
noapex_fixed_qc,AutoStrainCap_426704-3_20260703_092825,mid,12,12,1.0
noapex_fixed_qc,AutoStrainCap_426704-3_20260703_093329,endo,12,12,1.0
noapex_fixed_qc,AutoStrainCap_426704-3_20260703_093329,mid,12,12,1.0
noapex_fixed_qc,AutoStrainCap_426704-3_20260703_094707,endo,12,12,1.0
noapex_fixed_qc,AutoStrainCap_426704-3_20260703_094707,mid,12,12,1.0
noapex_fixed_qc,AutoStrainCap_426704-3_20260703_121847,endo,12,12,1.0
noapex_fixed_qc,AutoStrainCap_426704-3_20260703_121847,mid,12,12,1.0
noapex_fixed_qc,AutoStrainCap_4343165-9_20260720_122202,endo,12,12,1.0
noapex_fixed_qc,AutoStrainCap_4343165-9_20260720_122202,mid,12,12,1.0
noapex_fixed_qc,AutoStrainCap_4343165-9_20260720_122434,endo,12,12,1.0
noapex_fixed_qc,AutoStrainCap_4343165-9_20260720_122434,mid,12,12,1.0
noapex_fixed_qc,AutoStrainCap_4343165-9_20260720_122745,endo,12,12,1.0
noapex_fixed_qc,AutoStrainCap_4343165-9_20260720_122745,mid,12,11,0.9166666666666666
noapex_fixed_qc,AutoStrainCap_4343165-9_20260720_123012,endo,12,12,1.0
noapex_fixed_qc,AutoStrainCap_4343165-9_20260720_123012,mid,12,12,1.0
noapex_fixed_qc,AutoStrainCap_4481793-0_20260705_184705,endo,12,12,1.0
noapex_fixed_qc,AutoStrainCap_4481793-0_20260705_184705,mid,12,12,1.0
noapex_fixed_qc,AutoStrainCap_4481793-0_20260705_184928,endo,12,12,1.0
noapex_fixed_qc,AutoStrainCap_4481793-0_20260705_184928,mid,12,12,1.0
noapex_fixed_qc,AutoStrainCap_4481793-0_20260705_185227,endo,12,12,1.0
noapex_fixed_qc,AutoStrainCap_4481793-0_20260705_185227,mid,12,12,1.0
noapex_fixed_qc,AutoStrainCap_4481793-0_20260705_185928,endo,12,12,1.0
noapex_fixed_qc,AutoStrainCap_4481793-0_20260705_185928,mid,12,12,1.0
noapex_fixed_qc,AutoStrainCap_459502-1_20260703_105855,endo,12,12,1.0
noapex_fixed_qc,AutoStrainCap_459502-1_20260703_105855,mid,12,12,1.0
noapex_fixed_qc,AutoStrainCap_459502-1_20260703_110152,endo,12,12,1.0
noapex_fixed_qc,AutoStrainCap_459502-1_20260703_110152,mid,12,12,1.0
noapex_fixed_qc,AutoStrainCap_459502-1_20260703_112958,endo,12,12,1.0
noapex_fixed_qc,AutoStrainCap_459502-1_20260703_112958,mid,12,12,1.0
noapex_fixed_qc,AutoStrainCap_459502-1_20260703_123703,endo,12,12,1.0
noapex_fixed_qc,AutoStrainCap_459502-1_20260703_123703,mid,12,12,1.0
noapex_fixed_qc,AutoStrainCap_5006217-3_20260619_104028,endo,12,12,1.0
noapex_fixed_qc,AutoStrainCap_5006217-3_20260619_104028,mid,12,12,1.0
noapex_fixed_qc,AutoStrainCap_5006217-3_20260619_104418,endo,12,12,1.0
noapex_fixed_qc,AutoStrainCap_5006217-3_20260619_104418,mid,12,12,1.0
noapex_fixed_qc,AutoStrainCap_5006217-3_20260619_105052,endo,12,12,1.0
noapex_fixed_qc,AutoStrainCap_5006217-3_20260619_105052,mid,12,12,1.0
noapex_fixed_qc,AutoStrainCap_5006217-3_20260625_144956,endo,12,12,1.0
noapex_fixed_qc,AutoStrainCap_5006217-3_20260625_144956,mid,12,12,1.0
noapex_fixed_qc,AutoStrainCap_5006217-3_20260625_145349,endo,12,12,1.0
noapex_fixed_qc,AutoStrainCap_5006217-3_20260625_145349,mid,12,12,1.0
noapex_fixed_qc,AutoStrainCap_5006217-3_20260625_145720,endo,12,12,1.0
noapex_fixed_qc,AutoStrainCap_5006217-3_20260625_145720,mid,12,12,1.0
noapex_fixed_qc,AutoStrainCap_5006217-3_20260625_150059,endo,12,12,1.0
noapex_fixed_qc,AutoStrainCap_5006217-3_20260625_150059,mid,12,12,1.0
noapex_fixed_qc,AutoStrainCap_5012984-0_20260616_135946,endo,12,12,1.0
noapex_fixed_qc,AutoStrainCap_5012984-0_20260616_135946,mid,12,12,1.0
noapex_fixed_qc,AutoStrainCap_5012984-0_20260616_141245,endo,12,12,1.0
noapex_fixed_qc,AutoStrainCap_5012984-0_20260616_141245,mid,12,12,1.0
noapex_fixed_qc,AutoStrainCap_5012984-0_20260616_141900,endo,12,12,1.0
noapex_fixed_qc,AutoStrainCap_5012984-0_20260616_141900,mid,12,12,1.0
noapex_fixed_qc,AutoStrainCap_5012984-0_20260616_142402,endo,12,12,1.0
noapex_fixed_qc,AutoStrainCap_5012984-0_20260616_142402,mid,12,12,1.0
noapex_fixed_qc,AutoStrainCap_5046692-9_20260707_154325,endo,12,11,0.9166666666666666
noapex_fixed_qc,AutoStrainCap_5046692-9_20260707_154325,mid,12,11,0.9166666666666666
noapex_fixed_qc,AutoStrainCap_5046692-9_20260707_154744,endo,12,11,0.9166666666666666
noapex_fixed_qc,AutoStrainCap_5046692-9_20260707_154744,mid,12,11,0.9166666666666666
noapex_fixed_qc,AutoStrainCap_5046692-9_20260707_155347,endo,12,11,0.9166666666666666
noapex_fixed_qc,AutoStrainCap_5046692-9_20260707_155347,mid,12,11,0.9166666666666666
noapex_fixed_qc,AutoStrainCap_5046692-9_20260707_155515,endo,12,12,1.0
noapex_fixed_qc,AutoStrainCap_5046692-9_20260707_155515,mid,12,12,1.0
noapex_fixed_qc,AutoStrainCap_5117429-0_20260624_173919,endo,12,12,1.0
noapex_fixed_qc,AutoStrainCap_5117429-0_20260624_173919,mid,12,12,1.0
noapex_fixed_qc,AutoStrainCap_5117429-0_20260624_174650,endo,12,11,0.9166666666666666
noapex_fixed_qc,AutoStrainCap_5117429-0_20260624_174650,mid,12,11,0.9166666666666666
noapex_fixed_qc,AutoStrainCap_5117429-0_20260624_175146,endo,12,12,1.0
noapex_fixed_qc,AutoStrainCap_5117429-0_20260624_175146,mid,12,12,1.0
noapex_fixed_qc,AutoStrainCap_5117429-0_20260624_175541,endo,12,12,1.0
noapex_fixed_qc,AutoStrainCap_5117429-0_20260624_175541,mid,12,12,1.0
noapex_fixed_qc,AutoStrainCap_5165064-6_20260719_140703,endo,12,12,1.0
noapex_fixed_qc,AutoStrainCap_5165064-6_20260719_140703,mid,12,12,1.0
noapex_fixed_qc,AutoStrainCap_5165064-6_20260719_140848,endo,12,12,1.0
noapex_fixed_qc,AutoStrainCap_5165064-6_20260719_140848,mid,12,12,1.0
noapex_fixed_qc,AutoStrainCap_5165064-6_20260719_141501,endo,12,12,1.0
noapex_fixed_qc,AutoStrainCap_5165064-6_20260719_141501,mid,12,12,1.0
noapex_fixed_qc,AutoStrainCap_5165064-6_20260719_142035,endo,12,12,1.0
noapex_fixed_qc,AutoStrainCap_5165064-6_20260719_142035,mid,12,12,1.0
noapex_fixed_qc,AutoStrainCap_5167707-8_20260705_183447,endo,12,12,1.0
noapex_fixed_qc,AutoStrainCap_5167707-8_20260705_183447,mid,12,12,1.0
noapex_fixed_qc,AutoStrainCap_5167707-8_20260705_183727,endo,12,12,1.0
noapex_fixed_qc,AutoStrainCap_5167707-8_20260705_183727,mid,12,12,1.0
noapex_fixed_qc,AutoStrainCap_5167707-8_20260705_184009,endo,12,12,1.0
noapex_fixed_qc,AutoStrainCap_5167707-8_20260705_184009,mid,12,12,1.0
noapex_fixed_qc,AutoStrainCap_5167707-8_20260705_184332,endo,12,12,1.0
noapex_fixed_qc,AutoStrainCap_5167707-8_20260705_184332,mid,12,12,1.0
noapex_fixed_qc,AutoStrainCap_5171618-1_20260514_134148,endo,12,10,0.8333333333333334
noapex_fixed_qc,AutoStrainCap_5171618-1_20260514_134148,mid,12,9,0.75
noapex_fixed_qc,AutoStrainCap_5171618-1_20260610_161021,endo,12,11,0.9166666666666666
noapex_fixed_qc,AutoStrainCap_5171618-1_20260610_161021,mid,12,11,0.9166666666666666
noapex_fixed_qc,AutoStrainCap_5171618-1_20260610_162243,endo,12,10,0.8333333333333334
noapex_fixed_qc,AutoStrainCap_5171618-1_20260610_162243,mid,12,10,0.8333333333333334
noapex_fixed_qc,AutoStrainCap_5171618-1_20260610_163344,endo,12,12,1.0
noapex_fixed_qc,AutoStrainCap_5171618-1_20260610_163344,mid,12,12,1.0
noapex_fixed_qc,AutoStrainCap_5171618-1_20260610_164813,endo,12,11,0.9166666666666666
noapex_fixed_qc,AutoStrainCap_5171618-1_20260610_164813,mid,12,11,0.9166666666666666
noapex_fixed_qc,AutoStrainCap_5172142-1_20260703_120844,endo,12,12,1.0
noapex_fixed_qc,AutoStrainCap_5172142-1_20260703_120844,mid,12,12,1.0
noapex_fixed_qc,AutoStrainCap_5172142-1_20260703_121229,endo,12,12,1.0
noapex_fixed_qc,AutoStrainCap_5172142-1_20260703_121229,mid,12,12,1.0
noapex_fixed_qc,AutoStrainCap_5172142-1_20260703_121500,endo,12,12,1.0
noapex_fixed_qc,AutoStrainCap_5172142-1_20260703_121500,mid,12,12,1.0
noapex_fixed_qc,AutoStrainCap_5172142-1_20260703_125448,endo,12,12,1.0
noapex_fixed_qc,AutoStrainCap_5172142-1_20260703_125448,mid,12,12,1.0
noapex_fixed_qc,AutoStrainCap_5213084-6_20260705_163138,endo,12,11,0.9166666666666666
noapex_fixed_qc,AutoStrainCap_5213084-6_20260705_163138,mid,12,11,0.9166666666666666
noapex_fixed_qc,AutoStrainCap_5213084-6_20260705_163450,endo,12,12,1.0
noapex_fixed_qc,AutoStrainCap_5213084-6_20260705_163450,mid,12,12,1.0
noapex_fixed_qc,AutoStrainCap_5213084-6_20260705_163708,endo,12,12,1.0
noapex_fixed_qc,AutoStrainCap_5213084-6_20260705_163708,mid,12,12,1.0
noapex_fixed_qc,AutoStrainCap_5213084-6_20260705_163940,endo,12,12,1.0
noapex_fixed_qc,AutoStrainCap_5213084-6_20260705_163940,mid,12,12,1.0
noapex_fixed_qc,AutoStrainCap_5222239-5_20260705_192903,endo,12,12,1.0
noapex_fixed_qc,AutoStrainCap_5222239-5_20260705_192903,mid,12,12,1.0
noapex_fixed_qc,AutoStrainCap_5222239-5_20260705_193200,endo,12,12,1.0
noapex_fixed_qc,AutoStrainCap_5222239-5_20260705_193200,mid,12,12,1.0
noapex_fixed_qc,AutoStrainCap_5222239-5_20260705_193405,endo,12,12,1.0
noapex_fixed_qc,AutoStrainCap_5222239-5_20260705_193405,mid,12,12,1.0
noapex_fixed_qc,AutoStrainCap_5222239-5_20260705_193805,endo,12,12,1.0
noapex_fixed_qc,AutoStrainCap_5222239-5_20260705_193805,mid,12,12,1.0
noapex_fixed_qc,AutoStrainCap_530717-8_20260610_164002,endo,12,12,1.0
noapex_fixed_qc,AutoStrainCap_530717-8_20260610_164002,mid,12,12,1.0
noapex_fixed_qc,AutoStrainCap_530717-8_20260610_170013,endo,12,12,1.0
noapex_fixed_qc,AutoStrainCap_530717-8_20260610_170013,mid,12,12,1.0
noapex_fixed_qc,AutoStrainCap_530717-8_20260610_171327,endo,12,12,1.0
noapex_fixed_qc,AutoStrainCap_530717-8_20260610_171327,mid,12,12,1.0
noapex_fixed_qc,AutoStrainCap_530717-8_20260610_172809,endo,12,12,1.0
noapex_fixed_qc,AutoStrainCap_530717-8_20260610_172809,mid,12,12,1.0
noapex_fixed_qc,AutoStrainCap_5352475-7_20260705_140410,endo,12,12,1.0
noapex_fixed_qc,AutoStrainCap_5352475-7_20260705_140410,mid,12,12,1.0
noapex_fixed_qc,AutoStrainCap_5352475-7_20260705_140932,endo,12,12,1.0
noapex_fixed_qc,AutoStrainCap_5352475-7_20260705_140932,mid,12,11,0.9166666666666666
noapex_fixed_qc,AutoStrainCap_5352475-7_20260705_141212,endo,12,12,1.0
noapex_fixed_qc,AutoStrainCap_5352475-7_20260705_141212,mid,12,12,1.0
noapex_fixed_qc,AutoStrainCap_5352475-7_20260705_141439,endo,12,12,1.0
noapex_fixed_qc,AutoStrainCap_5352475-7_20260705_141439,mid,12,12,1.0
noapex_fixed_qc,AutoStrainCap_5353891-4_20260707_112242,endo,12,12,1.0
noapex_fixed_qc,AutoStrainCap_5353891-4_20260707_112242,mid,12,12,1.0
noapex_fixed_qc,AutoStrainCap_5353891-4_20260707_112527,endo,12,12,1.0
noapex_fixed_qc,AutoStrainCap_5353891-4_20260707_112527,mid,12,12,1.0
noapex_fixed_qc,AutoStrainCap_5353891-4_20260707_112943,endo,12,11,0.9166666666666666
noapex_fixed_qc,AutoStrainCap_5353891-4_20260707_112943,mid,12,11,0.9166666666666666
noapex_fixed_qc,AutoStrainCap_5353891-4_20260707_113155,endo,12,12,1.0
noapex_fixed_qc,AutoStrainCap_5353891-4_20260707_113155,mid,12,12,1.0
noapex_fixed_qc,AutoStrainCap_5403470-7_20260703_132436,endo,12,12,1.0
noapex_fixed_qc,AutoStrainCap_5403470-7_20260703_132436,mid,12,12,1.0
noapex_fixed_qc,AutoStrainCap_5403470-7_20260703_132717,endo,12,12,1.0
noapex_fixed_qc,AutoStrainCap_5403470-7_20260703_132717,mid,12,12,1.0
noapex_fixed_qc,AutoStrainCap_5403470-7_20260703_132938,endo,12,12,1.0
noapex_fixed_qc,AutoStrainCap_5403470-7_20260703_132938,mid,12,12,1.0
noapex_fixed_qc,AutoStrainCap_5403470-7_20260703_133151,endo,12,12,1.0
noapex_fixed_qc,AutoStrainCap_5403470-7_20260703_133151,mid,12,12,1.0
noapex_fixed_qc,AutoStrainCap_5440151-8_20260707_150958,endo,12,11,0.9166666666666666
noapex_fixed_qc,AutoStrainCap_5440151-8_20260707_150958,mid,12,11,0.9166666666666666
noapex_fixed_qc,AutoStrainCap_5440151-8_20260707_151445,endo,12,12,1.0
noapex_fixed_qc,AutoStrainCap_5440151-8_20260707_151445,mid,12,12,1.0
noapex_fixed_qc,AutoStrainCap_5440151-8_20260707_151804,endo,12,12,1.0
noapex_fixed_qc,AutoStrainCap_5440151-8_20260707_151804,mid,12,12,1.0
noapex_fixed_qc,AutoStrainCap_5440151-8_20260707_152217,endo,12,12,1.0
noapex_fixed_qc,AutoStrainCap_5440151-8_20260707_152217,mid,12,12,1.0
noapex_fixed_qc,AutoStrainCap_5467850-3_20260703_095719,endo,12,12,1.0
noapex_fixed_qc,AutoStrainCap_5467850-3_20260703_095719,mid,12,12,1.0
noapex_fixed_qc,AutoStrainCap_5467850-3_20260703_100407,endo,12,11,0.9166666666666666
noapex_fixed_qc,AutoStrainCap_5467850-3_20260703_100407,mid,12,10,0.8333333333333334
noapex_fixed_qc,AutoStrainCap_5467850-3_20260703_100839,endo,12,11,0.9166666666666666
noapex_fixed_qc,AutoStrainCap_5467850-3_20260703_100839,mid,12,10,0.8333333333333334
noapex_fixed_qc,AutoStrainCap_5467850-3_20260703_122455,endo,12,12,1.0
noapex_fixed_qc,AutoStrainCap_5467850-3_20260703_122455,mid,12,12,1.0
noapex_fixed_qc,AutoStrainCap_5618619-0_20260705_164336,endo,12,12,1.0
noapex_fixed_qc,AutoStrainCap_5618619-0_20260705_164336,mid,12,12,1.0
noapex_fixed_qc,AutoStrainCap_5618619-0_20260705_164654,endo,12,12,1.0
noapex_fixed_qc,AutoStrainCap_5618619-0_20260705_164654,mid,12,12,1.0
noapex_fixed_qc,AutoStrainCap_5618619-0_20260705_165128,endo,12,12,1.0
noapex_fixed_qc,AutoStrainCap_5618619-0_20260705_165128,mid,12,12,1.0
noapex_fixed_qc,AutoStrainCap_5618619-0_20260705_165507,endo,12,12,1.0
noapex_fixed_qc,AutoStrainCap_5618619-0_20260705_165507,mid,12,12,1.0
noapex_fixed_qc,AutoStrainCap_5640076-5_20260514_133112,endo,12,12,1.0
noapex_fixed_qc,AutoStrainCap_5640076-5_20260514_133112,mid,12,12,1.0
noapex_fixed_qc,AutoStrainCap_5640076-5_20260610_153552,endo,12,12,1.0
noapex_fixed_qc,AutoStrainCap_5640076-5_20260610_153552,mid,12,12,1.0
noapex_fixed_qc,AutoStrainCap_5640076-5_20260610_154159,endo,12,12,1.0
noapex_fixed_qc,AutoStrainCap_5640076-5_20260610_154159,mid,12,12,1.0
noapex_fixed_qc,AutoStrainCap_5640076-5_20260610_154812,endo,12,12,1.0
noapex_fixed_qc,AutoStrainCap_5640076-5_20260610_154812,mid,12,12,1.0
noapex_fixed_qc,AutoStrainCap_5640076-5_20260610_155350,endo,12,12,1.0
noapex_fixed_qc,AutoStrainCap_5640076-5_20260610_155350,mid,12,12,1.0
noapex_fixed_qc,AutoStrainCap_5690549-0_20260707_141333,endo,12,11,0.9166666666666666
noapex_fixed_qc,AutoStrainCap_5690549-0_20260707_141333,mid,12,12,1.0
noapex_fixed_qc,AutoStrainCap_5690549-0_20260707_141738,endo,12,12,1.0
noapex_fixed_qc,AutoStrainCap_5690549-0_20260707_141738,mid,12,12,1.0
noapex_fixed_qc,AutoStrainCap_5690549-0_20260707_141955,endo,12,12,1.0
noapex_fixed_qc,AutoStrainCap_5690549-0_20260707_141955,mid,12,12,1.0
noapex_fixed_qc,AutoStrainCap_5690549-0_20260707_142152,endo,12,12,1.0
noapex_fixed_qc,AutoStrainCap_5690549-0_20260707_142152,mid,12,12,1.0
noapex_fixed_qc,AutoStrainCap_5708581-3_20260705_151422,endo,12,12,1.0
noapex_fixed_qc,AutoStrainCap_5708581-3_20260705_151422,mid,12,12,1.0
noapex_fixed_qc,AutoStrainCap_5708581-3_20260705_151631,endo,12,12,1.0
noapex_fixed_qc,AutoStrainCap_5708581-3_20260705_151631,mid,12,12,1.0
noapex_fixed_qc,AutoStrainCap_5708581-3_20260705_152647,endo,12,12,1.0
noapex_fixed_qc,AutoStrainCap_5708581-3_20260705_152647,mid,12,12,1.0
noapex_fixed_qc,AutoStrainCap_5708581-3_20260705_160021,endo,12,12,1.0
noapex_fixed_qc,AutoStrainCap_5708581-3_20260705_160021,mid,12,12,1.0
noapex_fixed_qc,AutoStrainCap_5744774-0_20260629_140725,endo,12,12,1.0
noapex_fixed_qc,AutoStrainCap_5744774-0_20260629_140725,mid,12,12,1.0
noapex_fixed_qc,AutoStrainCap_5744774-0_20260629_141159,endo,12,12,1.0
noapex_fixed_qc,AutoStrainCap_5744774-0_20260629_141159,mid,12,12,1.0
noapex_fixed_qc,AutoStrainCap_5744774-0_20260629_141718,endo,12,12,1.0
noapex_fixed_qc,AutoStrainCap_5744774-0_20260629_141718,mid,12,12,1.0
noapex_fixed_qc,AutoStrainCap_5744774-0_20260629_141958,endo,12,11,0.9166666666666666
noapex_fixed_qc,AutoStrainCap_5744774-0_20260629_141958,mid,12,12,1.0
noapex_fixed_qc,AutoStrainCap_5764622-6_20260610_173401,endo,12,12,1.0
noapex_fixed_qc,AutoStrainCap_5764622-6_20260610_173401,mid,12,12,1.0
noapex_fixed_qc,AutoStrainCap_5764622-6_20260615_160943,endo,12,12,1.0
noapex_fixed_qc,AutoStrainCap_5764622-6_20260615_160943,mid,12,12,1.0
noapex_fixed_qc,AutoStrainCap_5764622-6_20260615_161455,endo,12,12,1.0
noapex_fixed_qc,AutoStrainCap_5764622-6_20260615_161455,mid,12,12,1.0
noapex_fixed_qc,AutoStrainCap_5764622-6_20260615_162117,endo,12,12,1.0
noapex_fixed_qc,AutoStrainCap_5764622-6_20260615_162117,mid,12,12,1.0
noapex_fixed_qc,AutoStrainCap_5785662-7_20260707_160206,endo,12,12,1.0
noapex_fixed_qc,AutoStrainCap_5785662-7_20260707_160206,mid,12,12,1.0
noapex_fixed_qc,AutoStrainCap_5785662-7_20260707_160404,endo,12,12,1.0
noapex_fixed_qc,AutoStrainCap_5785662-7_20260707_160404,mid,12,12,1.0
noapex_fixed_qc,AutoStrainCap_5785662-7_20260707_160555,endo,12,12,1.0
noapex_fixed_qc,AutoStrainCap_5785662-7_20260707_160555,mid,12,12,1.0
noapex_fixed_qc,AutoStrainCap_5785662-7_20260707_160859,endo,12,12,1.0
noapex_fixed_qc,AutoStrainCap_5785662-7_20260707_160859,mid,12,12,1.0
noapex_fixed_qc,AutoStrainCap_5797996-5_20260707_133731,endo,12,12,1.0
noapex_fixed_qc,AutoStrainCap_5797996-5_20260707_133731,mid,12,12,1.0
noapex_fixed_qc,AutoStrainCap_5797996-5_20260707_134123,endo,12,12,1.0
noapex_fixed_qc,AutoStrainCap_5797996-5_20260707_134123,mid,12,12,1.0
noapex_fixed_qc,AutoStrainCap_5797996-5_20260707_140116,endo,12,12,1.0
noapex_fixed_qc,AutoStrainCap_5797996-5_20260707_140116,mid,12,12,1.0
noapex_fixed_qc,AutoStrainCap_5797996-5_20260707_141001,endo,12,11,0.9166666666666666
noapex_fixed_qc,AutoStrainCap_5797996-5_20260707_141001,mid,12,11,0.9166666666666666
noapex_fixed_qc,AutoStrainCap_5840856-8_20260707_125307,endo,12,12,1.0
noapex_fixed_qc,AutoStrainCap_5840856-8_20260707_125307,mid,12,12,1.0
noapex_fixed_qc,AutoStrainCap_5840856-8_20260707_125616,endo,12,12,1.0
noapex_fixed_qc,AutoStrainCap_5840856-8_20260707_125616,mid,12,12,1.0
noapex_fixed_qc,AutoStrainCap_5840856-8_20260707_125847,endo,12,12,1.0
noapex_fixed_qc,AutoStrainCap_5840856-8_20260707_125847,mid,12,12,1.0
noapex_fixed_qc,AutoStrainCap_5840856-8_20260707_130051,endo,12,11,0.9166666666666666
noapex_fixed_qc,AutoStrainCap_5840856-8_20260707_130051,mid,12,11,0.9166666666666666
noapex_fixed_qc,AutoStrainCap_5869265-8_20260616_150733,endo,12,12,1.0
noapex_fixed_qc,AutoStrainCap_5869265-8_20260616_150733,mid,12,12,1.0
noapex_fixed_qc,AutoStrainCap_5869265-8_20260616_151751,endo,12,12,1.0
noapex_fixed_qc,AutoStrainCap_5869265-8_20260616_151751,mid,12,12,1.0
noapex_fixed_qc,AutoStrainCap_5869265-8_20260616_152302,endo,12,12,1.0
noapex_fixed_qc,AutoStrainCap_5869265-8_20260616_152302,mid,12,12,1.0
noapex_fixed_qc,AutoStrainCap_5881605-9_20260629_110035,endo,12,12,1.0
noapex_fixed_qc,AutoStrainCap_5881605-9_20260629_110035,mid,12,12,1.0
noapex_fixed_qc,AutoStrainCap_5881605-9_20260629_110415,endo,12,12,1.0
noapex_fixed_qc,AutoStrainCap_5881605-9_20260629_110415,mid,12,12,1.0
noapex_fixed_qc,AutoStrainCap_5881605-9_20260629_110641,endo,12,12,1.0
noapex_fixed_qc,AutoStrainCap_5881605-9_20260629_110641,mid,12,12,1.0
noapex_fixed_qc,AutoStrainCap_5881605-9_20260629_140359,endo,12,12,1.0
noapex_fixed_qc,AutoStrainCap_5881605-9_20260629_140359,mid,12,12,1.0
noapex_fixed_qc,AutoStrainCap_5906362-8_20260705_162016,endo,12,12,1.0
noapex_fixed_qc,AutoStrainCap_5906362-8_20260705_162016,mid,12,12,1.0
noapex_fixed_qc,AutoStrainCap_5906362-8_20260705_162239,endo,12,12,1.0
noapex_fixed_qc,AutoStrainCap_5906362-8_20260705_162239,mid,12,12,1.0
noapex_fixed_qc,AutoStrainCap_5906362-8_20260705_162519,endo,12,12,1.0
noapex_fixed_qc,AutoStrainCap_5906362-8_20260705_162519,mid,12,12,1.0
noapex_fixed_qc,AutoStrainCap_5906362-8_20260705_162821,endo,12,12,1.0
noapex_fixed_qc,AutoStrainCap_5906362-8_20260705_162821,mid,12,11,0.9166666666666666
noapex_fixed_qc,AutoStrainCap_6077765-3_20260624_180420,endo,12,12,1.0
noapex_fixed_qc,AutoStrainCap_6077765-3_20260624_180420,mid,12,12,1.0
noapex_fixed_qc,AutoStrainCap_6077765-3_20260624_181031,endo,12,12,1.0
noapex_fixed_qc,AutoStrainCap_6077765-3_20260624_181031,mid,12,12,1.0
noapex_fixed_qc,AutoStrainCap_6077765-3_20260624_182408,endo,12,12,1.0
noapex_fixed_qc,AutoStrainCap_6077765-3_20260624_182408,mid,12,12,1.0
noapex_fixed_qc,AutoStrainCap_6077765-3_20260624_184535,endo,12,12,1.0
noapex_fixed_qc,AutoStrainCap_6077765-3_20260624_184535,mid,12,12,1.0
noapex_fixed_qc,AutoStrainCap_6110768-6_20260615_161241,endo,12,12,1.0
noapex_fixed_qc,AutoStrainCap_6110768-6_20260615_161241,mid,12,12,1.0
noapex_fixed_qc,AutoStrainCap_6110768-6_20260615_162810,endo,12,12,1.0
noapex_fixed_qc,AutoStrainCap_6110768-6_20260615_162810,mid,12,12,1.0
noapex_fixed_qc,AutoStrainCap_6110768-6_20260615_163839,endo,12,12,1.0
noapex_fixed_qc,AutoStrainCap_6110768-6_20260615_163839,mid,12,12,1.0
noapex_fixed_qc,AutoStrainCap_6110768-6_20260615_164144,endo,12,12,1.0
noapex_fixed_qc,AutoStrainCap_6110768-6_20260615_164144,mid,12,12,1.0
noapex_fixed_qc,AutoStrainCap_626485-7_20260615_163256,endo,12,12,1.0
noapex_fixed_qc,AutoStrainCap_626485-7_20260615_163256,mid,12,12,1.0
noapex_fixed_qc,AutoStrainCap_626485-7_20260615_164513,endo,12,12,1.0
noapex_fixed_qc,AutoStrainCap_626485-7_20260615_164513,mid,12,12,1.0
noapex_fixed_qc,AutoStrainCap_626485-7_20260624_204813,endo,12,12,1.0
noapex_fixed_qc,AutoStrainCap_626485-7_20260624_204813,mid,12,12,1.0
noapex_fixed_qc,AutoStrainCap_626485-7_20260624_205622,endo,12,12,1.0
noapex_fixed_qc,AutoStrainCap_626485-7_20260624_205622,mid,12,10,0.8333333333333334
noapex_fixed_qc,AutoStrainCap_638789-8_20260720_145307,endo,12,12,1.0
noapex_fixed_qc,AutoStrainCap_638789-8_20260720_145307,mid,12,12,1.0
noapex_fixed_qc,AutoStrainCap_638789-8_20260720_145613,endo,12,12,1.0
noapex_fixed_qc,AutoStrainCap_638789-8_20260720_145613,mid,12,12,1.0
noapex_fixed_qc,AutoStrainCap_638789-8_20260720_145828,endo,12,12,1.0
noapex_fixed_qc,AutoStrainCap_638789-8_20260720_145828,mid,12,12,1.0
noapex_fixed_qc,AutoStrainCap_638789-8_20260720_150107,endo,12,12,1.0
noapex_fixed_qc,AutoStrainCap_638789-8_20260720_150107,mid,12,12,1.0
noapex_fixed_qc,AutoStrainCap_649889-3_20260703_115748,endo,12,12,1.0
noapex_fixed_qc,AutoStrainCap_649889-3_20260703_115748,mid,12,12,1.0
noapex_fixed_qc,AutoStrainCap_649889-3_20260703_120102,endo,12,12,1.0
noapex_fixed_qc,AutoStrainCap_649889-3_20260703_120102,mid,12,12,1.0
noapex_fixed_qc,AutoStrainCap_649889-3_20260703_120626,endo,12,12,1.0
noapex_fixed_qc,AutoStrainCap_649889-3_20260703_120626,mid,12,11,0.9166666666666666
noapex_fixed_qc,AutoStrainCap_649889-3_20260703_125209,endo,12,12,1.0
noapex_fixed_qc,AutoStrainCap_649889-3_20260703_125209,mid,12,11,0.9166666666666666
noapex_fixed_qc,AutoStrainCap_6536692-4_20260705_181911,endo,12,12,1.0
noapex_fixed_qc,AutoStrainCap_6536692-4_20260705_181911,mid,12,12,1.0
noapex_fixed_qc,AutoStrainCap_6536692-4_20260705_182328,endo,12,12,1.0
noapex_fixed_qc,AutoStrainCap_6536692-4_20260705_182328,mid,12,12,1.0
noapex_fixed_qc,AutoStrainCap_6536692-4_20260705_182706,endo,12,12,1.0
noapex_fixed_qc,AutoStrainCap_6536692-4_20260705_182706,mid,12,12,1.0
noapex_fixed_qc,AutoStrainCap_6536692-4_20260705_183048,endo,12,12,1.0
noapex_fixed_qc,AutoStrainCap_6536692-4_20260705_183048,mid,12,12,1.0
noapex_fixed_qc,AutoStrainCap_6589305-9_20260707_110949,endo,12,10,0.8333333333333334
noapex_fixed_qc,AutoStrainCap_6589305-9_20260707_110949,mid,12,9,0.75
noapex_fixed_qc,AutoStrainCap_6589305-9_20260707_111256,endo,12,11,0.9166666666666666
noapex_fixed_qc,AutoStrainCap_6589305-9_20260707_111256,mid,12,11,0.9166666666666666
noapex_fixed_qc,AutoStrainCap_6589305-9_20260707_111507,endo,12,12,1.0
noapex_fixed_qc,AutoStrainCap_6589305-9_20260707_111507,mid,12,9,0.75
noapex_fixed_qc,AutoStrainCap_6638188-0_20260624_191922,endo,12,12,1.0
noapex_fixed_qc,AutoStrainCap_6638188-0_20260624_191922,mid,12,12,1.0
noapex_fixed_qc,AutoStrainCap_6638188-0_20260624_192552,endo,12,12,1.0
noapex_fixed_qc,AutoStrainCap_6638188-0_20260624_192552,mid,12,12,1.0
noapex_fixed_qc,AutoStrainCap_6638188-0_20260624_193209,endo,12,12,1.0
noapex_fixed_qc,AutoStrainCap_6638188-0_20260624_193209,mid,12,11,0.9166666666666666
noapex_fixed_qc,AutoStrainCap_6793429-9_20260705_143730,endo,12,12,1.0
noapex_fixed_qc,AutoStrainCap_6793429-9_20260705_143730,mid,12,12,1.0
noapex_fixed_qc,AutoStrainCap_6793429-9_20260705_144140,endo,12,12,1.0
noapex_fixed_qc,AutoStrainCap_6793429-9_20260705_144140,mid,12,12,1.0
noapex_fixed_qc,AutoStrainCap_6793429-9_20260705_144435,endo,12,12,1.0
noapex_fixed_qc,AutoStrainCap_6793429-9_20260705_144435,mid,12,12,1.0
noapex_fixed_qc,AutoStrainCap_6793429-9_20260705_145645,endo,12,12,1.0
noapex_fixed_qc,AutoStrainCap_6793429-9_20260705_145645,mid,12,12,1.0
noapex_fixed_qc,AutoStrainCap_684885-7_20260703_104400,endo,12,12,1.0
noapex_fixed_qc,AutoStrainCap_684885-7_20260703_104400,mid,12,11,0.9166666666666666
noapex_fixed_qc,AutoStrainCap_684885-7_20260703_104708,endo,12,12,1.0
noapex_fixed_qc,AutoStrainCap_684885-7_20260703_104708,mid,12,12,1.0
noapex_fixed_qc,AutoStrainCap_684885-7_20260703_105013,endo,12,12,1.0
noapex_fixed_qc,AutoStrainCap_684885-7_20260703_105013,mid,12,12,1.0
noapex_fixed_qc,AutoStrainCap_684885-7_20260703_123351,endo,12,12,1.0
noapex_fixed_qc,AutoStrainCap_684885-7_20260703_123351,mid,12,12,1.0
noapex_fixed_qc,AutoStrainCap_6873663-6_20260625_154033,endo,12,12,1.0
noapex_fixed_qc,AutoStrainCap_6873663-6_20260625_154033,mid,12,12,1.0
noapex_fixed_qc,AutoStrainCap_6873663-6_20260625_154440,endo,12,12,1.0
noapex_fixed_qc,AutoStrainCap_6873663-6_20260625_154440,mid,12,12,1.0
noapex_fixed_qc,AutoStrainCap_6873663-6_20260625_155102,endo,12,12,1.0
noapex_fixed_qc,AutoStrainCap_6873663-6_20260625_155102,mid,12,12,1.0
noapex_fixed_qc,AutoStrainCap_6873663-6_20260625_155424,endo,12,12,1.0
noapex_fixed_qc,AutoStrainCap_6873663-6_20260625_155424,mid,12,12,1.0
noapex_fixed_qc,AutoStrainCap_6907654-5_20260616_153158,endo,12,12,1.0
noapex_fixed_qc,AutoStrainCap_6907654-5_20260616_153158,mid,12,12,1.0
noapex_fixed_qc,AutoStrainCap_6907654-5_20260624_153703,endo,12,12,1.0
noapex_fixed_qc,AutoStrainCap_6907654-5_20260624_153703,mid,12,12,1.0
noapex_fixed_qc,AutoStrainCap_6907654-5_20260624_154224,endo,12,12,1.0
noapex_fixed_qc,AutoStrainCap_6907654-5_20260624_154224,mid,12,12,1.0
noapex_fixed_qc,AutoStrainCap_6907654-5_20260624_154613,endo,12,12,1.0
noapex_fixed_qc,AutoStrainCap_6907654-5_20260624_154613,mid,12,11,0.9166666666666666
noapex_fixed_qc,AutoStrainCap_6973563-7_20260705_174237,endo,12,12,1.0
noapex_fixed_qc,AutoStrainCap_6973563-7_20260705_174237,mid,12,12,1.0
noapex_fixed_qc,AutoStrainCap_6973563-7_20260705_174455,endo,12,12,1.0
noapex_fixed_qc,AutoStrainCap_6973563-7_20260705_174455,mid,12,12,1.0
noapex_fixed_qc,AutoStrainCap_6973563-7_20260705_175146,endo,12,12,1.0
noapex_fixed_qc,AutoStrainCap_6973563-7_20260705_175146,mid,12,12,1.0
noapex_fixed_qc,AutoStrainCap_6973563-7_20260705_175447,endo,12,12,1.0
noapex_fixed_qc,AutoStrainCap_6973563-7_20260705_175447,mid,12,12,1.0
noapex_fixed_qc,AutoStrainCap_716097-1_20260707_161357,endo,12,12,1.0
noapex_fixed_qc,AutoStrainCap_716097-1_20260707_161357,mid,12,12,1.0
noapex_fixed_qc,AutoStrainCap_716097-1_20260707_161858,endo,12,12,1.0
noapex_fixed_qc,AutoStrainCap_716097-1_20260707_161858,mid,12,12,1.0
noapex_fixed_qc,AutoStrainCap_716097-1_20260707_162027,endo,12,12,1.0
noapex_fixed_qc,AutoStrainCap_716097-1_20260707_162027,mid,12,12,1.0
noapex_fixed_qc,AutoStrainCap_716097-1_20260707_162203,endo,12,12,1.0
noapex_fixed_qc,AutoStrainCap_716097-1_20260707_162203,mid,12,12,1.0
noapex_fixed_qc,AutoStrainCap_723177-2_20260703_101542,endo,12,12,1.0
noapex_fixed_qc,AutoStrainCap_723177-2_20260703_101542,mid,12,12,1.0
noapex_fixed_qc,AutoStrainCap_723177-2_20260703_102044,endo,12,11,0.9166666666666666
noapex_fixed_qc,AutoStrainCap_723177-2_20260703_102044,mid,12,12,1.0
noapex_fixed_qc,AutoStrainCap_723177-2_20260703_102414,endo,12,12,1.0
noapex_fixed_qc,AutoStrainCap_723177-2_20260703_102414,mid,12,12,1.0
noapex_fixed_qc,AutoStrainCap_723177-2_20260703_122832,endo,12,12,1.0
noapex_fixed_qc,AutoStrainCap_723177-2_20260703_122832,mid,12,12,1.0
noapex_fixed_qc,AutoStrainCap_762552-8_20260616_153832,endo,12,12,1.0
noapex_fixed_qc,AutoStrainCap_762552-8_20260616_153832,mid,12,12,1.0
noapex_fixed_qc,AutoStrainCap_762552-8_20260616_154524,endo,12,12,1.0
noapex_fixed_qc,AutoStrainCap_762552-8_20260616_154524,mid,12,12,1.0
noapex_fixed_qc,AutoStrainCap_762552-8_20260616_155801,endo,12,12,1.0
noapex_fixed_qc,AutoStrainCap_762552-8_20260616_155801,mid,12,11,0.9166666666666666
noapex_fixed_qc,AutoStrainCap_762552-8_20260616_160429,endo,12,12,1.0
noapex_fixed_qc,AutoStrainCap_762552-8_20260616_160429,mid,12,11,0.9166666666666666
noapex_shape_qc,AutoStrainCap_1137189-5_20260707_113408,endo,12,12,1.0
noapex_shape_qc,AutoStrainCap_1137189-5_20260707_113408,mid,12,12,1.0
noapex_shape_qc,AutoStrainCap_1137189-5_20260707_114151,endo,12,11,0.9166666666666666
noapex_shape_qc,AutoStrainCap_1137189-5_20260707_114151,mid,12,9,0.75
noapex_shape_qc,AutoStrainCap_1137189-5_20260707_114424,endo,12,12,1.0
noapex_shape_qc,AutoStrainCap_1137189-5_20260707_114424,mid,12,12,1.0
noapex_shape_qc,AutoStrainCap_1137189-5_20260707_114650,endo,12,12,1.0
noapex_shape_qc,AutoStrainCap_1137189-5_20260707_114650,mid,12,12,1.0
noapex_shape_qc,AutoStrainCap_1223278-1_20260705_171815,endo,12,10,0.8333333333333334
noapex_shape_qc,AutoStrainCap_1223278-1_20260705_171815,mid,12,8,0.6666666666666666
noapex_shape_qc,AutoStrainCap_1223278-1_20260705_172202,endo,12,11,0.9166666666666666
noapex_shape_qc,AutoStrainCap_1223278-1_20260705_172202,mid,12,11,0.9166666666666666
noapex_shape_qc,AutoStrainCap_1223278-1_20260705_172425,endo,12,11,0.9166666666666666
noapex_shape_qc,AutoStrainCap_1223278-1_20260705_172425,mid,12,11,0.9166666666666666
noapex_shape_qc,AutoStrainCap_1223278-1_20260705_172635,endo,12,12,1.0
noapex_shape_qc,AutoStrainCap_1223278-1_20260705_172635,mid,12,12,1.0
noapex_shape_qc,AutoStrainCap_1724395-7_20260707_104735,endo,12,11,0.9166666666666666
noapex_shape_qc,AutoStrainCap_1724395-7_20260707_104735,mid,12,11,0.9166666666666666
noapex_shape_qc,AutoStrainCap_1724395-7_20260707_105012,endo,12,12,1.0
noapex_shape_qc,AutoStrainCap_1724395-7_20260707_105012,mid,12,12,1.0
noapex_shape_qc,AutoStrainCap_1724395-7_20260707_105432,endo,12,12,1.0
noapex_shape_qc,AutoStrainCap_1724395-7_20260707_105432,mid,12,12,1.0
noapex_shape_qc,AutoStrainCap_1724395-7_20260707_105822,endo,12,8,0.6666666666666666
noapex_shape_qc,AutoStrainCap_1724395-7_20260707_105822,mid,12,8,0.6666666666666666
noapex_shape_qc,AutoStrainCap_1744250-0_20260703_143607,endo,12,11,0.9166666666666666
noapex_shape_qc,AutoStrainCap_1744250-0_20260703_143607,mid,12,10,0.8333333333333334
noapex_shape_qc,AutoStrainCap_1744250-0_20260703_143906,endo,12,12,1.0
noapex_shape_qc,AutoStrainCap_1744250-0_20260703_143906,mid,12,12,1.0
noapex_shape_qc,AutoStrainCap_1744250-0_20260703_144142,endo,12,10,0.8333333333333334
noapex_shape_qc,AutoStrainCap_1744250-0_20260703_144142,mid,12,10,0.8333333333333334
noapex_shape_qc,AutoStrainCap_1744250-0_20260703_144157,endo,12,10,0.8333333333333334
noapex_shape_qc,AutoStrainCap_1744250-0_20260703_144157,mid,12,10,0.8333333333333334
noapex_shape_qc,AutoStrainCap_2170348-3_20260707_143235,endo,12,12,1.0
noapex_shape_qc,AutoStrainCap_2170348-3_20260707_143235,mid,12,12,1.0
noapex_shape_qc,AutoStrainCap_2170348-3_20260707_143611,endo,12,11,0.9166666666666666
noapex_shape_qc,AutoStrainCap_2170348-3_20260707_143611,mid,12,11,0.9166666666666666
noapex_shape_qc,AutoStrainCap_2170348-3_20260707_143837,endo,12,12,1.0
noapex_shape_qc,AutoStrainCap_2170348-3_20260707_143837,mid,12,12,1.0
noapex_shape_qc,AutoStrainCap_2170348-3_20260707_144100,endo,12,11,0.9166666666666666
noapex_shape_qc,AutoStrainCap_2170348-3_20260707_144100,mid,12,10,0.8333333333333334
noapex_shape_qc,AutoStrainCap_2226632-4_20260707_162808,endo,12,11,0.9166666666666666
noapex_shape_qc,AutoStrainCap_2226632-4_20260707_162808,mid,12,11,0.9166666666666666
noapex_shape_qc,AutoStrainCap_2226632-4_20260707_163043,endo,12,11,0.9166666666666666
noapex_shape_qc,AutoStrainCap_2226632-4_20260707_163043,mid,12,11,0.9166666666666666
noapex_shape_qc,AutoStrainCap_2233408-0_20260619_102528,endo,12,11,0.9166666666666666
noapex_shape_qc,AutoStrainCap_2233408-0_20260619_102528,mid,12,11,0.9166666666666666
noapex_shape_qc,AutoStrainCap_2233408-0_20260619_102906,endo,12,12,1.0
noapex_shape_qc,AutoStrainCap_2233408-0_20260619_102906,mid,12,12,1.0
noapex_shape_qc,AutoStrainCap_2233408-0_20260619_103458,endo,12,10,0.8333333333333334
noapex_shape_qc,AutoStrainCap_2233408-0_20260619_103458,mid,12,9,0.75
noapex_shape_qc,AutoStrainCap_2250834-5_20260619_095218,endo,12,8,0.6666666666666666
noapex_shape_qc,AutoStrainCap_2250834-5_20260619_095218,mid,12,8,0.6666666666666666
noapex_shape_qc,AutoStrainCap_2250834-5_20260619_095534,endo,12,11,0.9166666666666666
noapex_shape_qc,AutoStrainCap_2250834-5_20260619_095534,mid,12,11,0.9166666666666666
noapex_shape_qc,AutoStrainCap_2250834-5_20260619_095931,endo,12,10,0.8333333333333334
noapex_shape_qc,AutoStrainCap_2250834-5_20260619_095931,mid,12,9,0.75
noapex_shape_qc,AutoStrainCap_2250834-5_20260619_100332,endo,12,11,0.9166666666666666
noapex_shape_qc,AutoStrainCap_2250834-5_20260619_100332,mid,12,10,0.8333333333333334
noapex_shape_qc,AutoStrainCap_2258762-0_20260703_110621,endo,12,9,0.75
noapex_shape_qc,AutoStrainCap_2258762-0_20260703_110621,mid,12,9,0.75
noapex_shape_qc,AutoStrainCap_2258762-0_20260703_110854,endo,12,10,0.8333333333333334
noapex_shape_qc,AutoStrainCap_2258762-0_20260703_110854,mid,12,10,0.8333333333333334
noapex_shape_qc,AutoStrainCap_2258762-0_20260703_111414,endo,12,10,0.8333333333333334
noapex_shape_qc,AutoStrainCap_2258762-0_20260703_111414,mid,12,10,0.8333333333333334
noapex_shape_qc,AutoStrainCap_2258762-0_20260703_124045,endo,12,11,0.9166666666666666
noapex_shape_qc,AutoStrainCap_2258762-0_20260703_124045,mid,12,10,0.8333333333333334
noapex_shape_qc,AutoStrainCap_2280496-7_20260624_202319,endo,12,12,1.0
noapex_shape_qc,AutoStrainCap_2280496-7_20260624_202319,mid,12,12,1.0
noapex_shape_qc,AutoStrainCap_2280496-7_20260624_202753,endo,12,10,0.8333333333333334
noapex_shape_qc,AutoStrainCap_2280496-7_20260624_202753,mid,12,9,0.75
noapex_shape_qc,AutoStrainCap_2280496-7_20260624_203432,endo,12,12,1.0
noapex_shape_qc,AutoStrainCap_2280496-7_20260624_203432,mid,12,12,1.0
noapex_shape_qc,AutoStrainCap_2280496-7_20260624_204125,endo,12,12,1.0
noapex_shape_qc,AutoStrainCap_2280496-7_20260624_204125,mid,12,11,0.9166666666666666
noapex_shape_qc,AutoStrainCap_2369825-1_20260720_123518,endo,12,12,1.0
noapex_shape_qc,AutoStrainCap_2369825-1_20260720_123518,mid,12,11,0.9166666666666666
noapex_shape_qc,AutoStrainCap_2369825-1_20260720_124038,endo,12,12,1.0
noapex_shape_qc,AutoStrainCap_2369825-1_20260720_124038,mid,12,12,1.0
noapex_shape_qc,AutoStrainCap_2369825-1_20260720_124440,endo,12,12,1.0
noapex_shape_qc,AutoStrainCap_2369825-1_20260720_124440,mid,12,11,0.9166666666666666
noapex_shape_qc,AutoStrainCap_2369825-1_20260720_124753,endo,12,8,0.6666666666666666
noapex_shape_qc,AutoStrainCap_2369825-1_20260720_124753,mid,12,8,0.6666666666666666
noapex_shape_qc,AutoStrainCap_2379344-1_20260610_154520,endo,12,12,1.0
noapex_shape_qc,AutoStrainCap_2379344-1_20260610_154520,mid,12,11,0.9166666666666666
noapex_shape_qc,AutoStrainCap_2379344-1_20260610_155039,endo,12,11,0.9166666666666666
noapex_shape_qc,AutoStrainCap_2379344-1_20260610_155039,mid,12,10,0.8333333333333334
noapex_shape_qc,AutoStrainCap_2379344-1_20260610_155714,endo,12,10,0.8333333333333334
noapex_shape_qc,AutoStrainCap_2379344-1_20260610_155714,mid,12,9,0.75
noapex_shape_qc,AutoStrainCap_2379344-1_20260610_160032,endo,12,10,0.8333333333333334
noapex_shape_qc,AutoStrainCap_2379344-1_20260610_160032,mid,12,10,0.8333333333333334
noapex_shape_qc,AutoStrainCap_2379344-1_20260610_162436,endo,12,12,1.0
noapex_shape_qc,AutoStrainCap_2379344-1_20260610_162436,mid,12,12,1.0
noapex_shape_qc,AutoStrainCap_2484127-2_20260624_155222,endo,12,11,0.9166666666666666
noapex_shape_qc,AutoStrainCap_2484127-2_20260624_155222,mid,12,10,0.8333333333333334
noapex_shape_qc,AutoStrainCap_2484127-2_20260624_160012,endo,12,9,0.75
noapex_shape_qc,AutoStrainCap_2484127-2_20260624_160012,mid,12,9,0.75
noapex_shape_qc,AutoStrainCap_2484127-2_20260624_160617,endo,12,7,0.5833333333333334
noapex_shape_qc,AutoStrainCap_2484127-2_20260624_160617,mid,12,5,0.4166666666666667
noapex_shape_qc,AutoStrainCap_2484127-2_20260624_160925,endo,12,12,1.0
noapex_shape_qc,AutoStrainCap_2484127-2_20260624_160925,mid,12,10,0.8333333333333334
noapex_shape_qc,AutoStrainCap_2508805-5_20260619_113900,endo,12,11,0.9166666666666666
noapex_shape_qc,AutoStrainCap_2508805-5_20260619_113900,mid,12,10,0.8333333333333334
noapex_shape_qc,AutoStrainCap_2508805-5_20260619_114214,endo,12,12,1.0
noapex_shape_qc,AutoStrainCap_2508805-5_20260619_114214,mid,12,12,1.0
noapex_shape_qc,AutoStrainCap_2508805-5_20260619_114536,endo,12,12,1.0
noapex_shape_qc,AutoStrainCap_2508805-5_20260619_114536,mid,12,12,1.0
noapex_shape_qc,AutoStrainCap_2508805-5_20260619_114940,endo,12,12,1.0
noapex_shape_qc,AutoStrainCap_2508805-5_20260619_114940,mid,12,12,1.0
noapex_shape_qc,AutoStrainCap_2508805-5_20260625_152430,endo,12,12,1.0
noapex_shape_qc,AutoStrainCap_2508805-5_20260625_152430,mid,12,12,1.0
noapex_shape_qc,AutoStrainCap_2508805-5_20260625_152655,endo,12,12,1.0
noapex_shape_qc,AutoStrainCap_2508805-5_20260625_152655,mid,12,12,1.0
noapex_shape_qc,AutoStrainCap_2508805-5_20260625_152928,endo,12,12,1.0
noapex_shape_qc,AutoStrainCap_2508805-5_20260625_152928,mid,12,12,1.0
noapex_shape_qc,AutoStrainCap_2508805-5_20260625_153342,endo,12,12,1.0
noapex_shape_qc,AutoStrainCap_2508805-5_20260625_153342,mid,12,12,1.0
noapex_shape_qc,AutoStrainCap_2537675-7_20260705_180038,endo,12,12,1.0
noapex_shape_qc,AutoStrainCap_2537675-7_20260705_180038,mid,12,11,0.9166666666666666
noapex_shape_qc,AutoStrainCap_2537675-7_20260705_180403,endo,12,12,1.0
noapex_shape_qc,AutoStrainCap_2537675-7_20260705_180403,mid,12,11,0.9166666666666666
noapex_shape_qc,AutoStrainCap_2537675-7_20260705_180642,endo,12,12,1.0
noapex_shape_qc,AutoStrainCap_2537675-7_20260705_180642,mid,12,12,1.0
noapex_shape_qc,AutoStrainCap_2537675-7_20260705_180913,endo,12,12,1.0
noapex_shape_qc,AutoStrainCap_2537675-7_20260705_180913,mid,12,12,1.0
noapex_shape_qc,AutoStrainCap_2547641-7_20260703_140220,endo,12,12,1.0
noapex_shape_qc,AutoStrainCap_2547641-7_20260703_140220,mid,12,12,1.0
noapex_shape_qc,AutoStrainCap_2547641-7_20260703_140428,endo,12,10,0.8333333333333334
noapex_shape_qc,AutoStrainCap_2547641-7_20260703_140428,mid,12,9,0.75
noapex_shape_qc,AutoStrainCap_2547641-7_20260703_140639,endo,12,12,1.0
noapex_shape_qc,AutoStrainCap_2547641-7_20260703_140639,mid,12,11,0.9166666666666666
noapex_shape_qc,AutoStrainCap_2547641-7_20260703_140807,endo,12,11,0.9166666666666666
noapex_shape_qc,AutoStrainCap_2547641-7_20260703_140807,mid,12,11,0.9166666666666666
noapex_shape_qc,AutoStrainCap_2571168-0_20260719_142822,endo,12,12,1.0
noapex_shape_qc,AutoStrainCap_2571168-0_20260719_142822,mid,12,12,1.0
noapex_shape_qc,AutoStrainCap_2571168-0_20260719_143546,endo,12,11,0.9166666666666666
noapex_shape_qc,AutoStrainCap_2571168-0_20260719_143546,mid,12,10,0.8333333333333334
noapex_shape_qc,AutoStrainCap_2571168-0_20260720_121832,endo,12,12,1.0
noapex_shape_qc,AutoStrainCap_2571168-0_20260720_121832,mid,12,11,0.9166666666666666
noapex_shape_qc,AutoStrainCap_2730888-1_20260707_144642,endo,12,12,1.0
noapex_shape_qc,AutoStrainCap_2730888-1_20260707_144642,mid,12,12,1.0
noapex_shape_qc,AutoStrainCap_2730888-1_20260707_145512,endo,12,12,1.0
noapex_shape_qc,AutoStrainCap_2730888-1_20260707_145512,mid,12,12,1.0
noapex_shape_qc,AutoStrainCap_2730888-1_20260707_145723,endo,12,11,0.9166666666666666
noapex_shape_qc,AutoStrainCap_2730888-1_20260707_145723,mid,12,11,0.9166666666666666
noapex_shape_qc,AutoStrainCap_2730888-1_20260707_145900,endo,12,11,0.9166666666666666
noapex_shape_qc,AutoStrainCap_2730888-1_20260707_145900,mid,12,11,0.9166666666666666
noapex_shape_qc,AutoStrainCap_2873723-7_20260707_152730,endo,12,11,0.9166666666666666
noapex_shape_qc,AutoStrainCap_2873723-7_20260707_152730,mid,12,9,0.75
noapex_shape_qc,AutoStrainCap_2873723-7_20260707_153011,endo,12,12,1.0
noapex_shape_qc,AutoStrainCap_2873723-7_20260707_153011,mid,12,11,0.9166666666666666
noapex_shape_qc,AutoStrainCap_2873723-7_20260707_153227,endo,12,11,0.9166666666666666
noapex_shape_qc,AutoStrainCap_2873723-7_20260707_153227,mid,12,11,0.9166666666666666
noapex_shape_qc,AutoStrainCap_2873723-7_20260707_153540,endo,12,11,0.9166666666666666
noapex_shape_qc,AutoStrainCap_2873723-7_20260707_153540,mid,12,11,0.9166666666666666
noapex_shape_qc,AutoStrainCap_2881847-4_20260703_113316,endo,12,10,0.8333333333333334
noapex_shape_qc,AutoStrainCap_2881847-4_20260703_113316,mid,12,10,0.8333333333333334
noapex_shape_qc,AutoStrainCap_2881847-4_20260703_113542,endo,12,12,1.0
noapex_shape_qc,AutoStrainCap_2881847-4_20260703_113542,mid,12,12,1.0
noapex_shape_qc,AutoStrainCap_2881847-4_20260703_114456,endo,12,10,0.8333333333333334
noapex_shape_qc,AutoStrainCap_2881847-4_20260703_114456,mid,12,10,0.8333333333333334
noapex_shape_qc,AutoStrainCap_2881847-4_20260703_124530,endo,12,10,0.8333333333333334
noapex_shape_qc,AutoStrainCap_2881847-4_20260703_124530,mid,12,10,0.8333333333333334
noapex_shape_qc,AutoStrainCap_2978314-9_20260703_135704,endo,12,11,0.9166666666666666
noapex_shape_qc,AutoStrainCap_2978314-9_20260703_135704,mid,12,11,0.9166666666666666
noapex_shape_qc,AutoStrainCap_2978314-9_20260703_135937,endo,12,12,1.0
noapex_shape_qc,AutoStrainCap_2978314-9_20260703_135937,mid,12,12,1.0
noapex_shape_qc,AutoStrainCap_2978314-9_20260705_133515,endo,12,11,0.9166666666666666
noapex_shape_qc,AutoStrainCap_2978314-9_20260705_133515,mid,12,11,0.9166666666666666
noapex_shape_qc,AutoStrainCap_2978314-9_20260705_133858,endo,12,12,1.0
noapex_shape_qc,AutoStrainCap_2978314-9_20260705_133858,mid,12,11,0.9166666666666666
noapex_shape_qc,AutoStrainCap_30011875-9_20260705_165929,endo,12,11,0.9166666666666666
noapex_shape_qc,AutoStrainCap_30011875-9_20260705_165929,mid,12,11,0.9166666666666666
noapex_shape_qc,AutoStrainCap_30011875-9_20260705_170118,endo,12,11,0.9166666666666666
noapex_shape_qc,AutoStrainCap_30011875-9_20260705_170118,mid,12,10,0.8333333333333334
noapex_shape_qc,AutoStrainCap_30011875-9_20260705_170808,endo,12,12,1.0
noapex_shape_qc,AutoStrainCap_30011875-9_20260705_170808,mid,12,11,0.9166666666666666
noapex_shape_qc,AutoStrainCap_30011875-9_20260705_171331,endo,12,10,0.8333333333333334
noapex_shape_qc,AutoStrainCap_30011875-9_20260705_171331,mid,12,10,0.8333333333333334
noapex_shape_qc,AutoStrainCap_30314808-4_20260703_131631,endo,12,11,0.9166666666666666
noapex_shape_qc,AutoStrainCap_30314808-4_20260703_131631,mid,12,11,0.9166666666666666
noapex_shape_qc,AutoStrainCap_30314808-4_20260703_131911,endo,12,11,0.9166666666666666
noapex_shape_qc,AutoStrainCap_30314808-4_20260703_131911,mid,12,11,0.9166666666666666
noapex_shape_qc,AutoStrainCap_30314808-4_20260703_132135,endo,12,11,0.9166666666666666
noapex_shape_qc,AutoStrainCap_30314808-4_20260703_132135,mid,12,11,0.9166666666666666
noapex_shape_qc,AutoStrainCap_30683084-5_20260720_125216,endo,12,11,0.9166666666666666
noapex_shape_qc,AutoStrainCap_30683084-5_20260720_125216,mid,12,11,0.9166666666666666
noapex_shape_qc,AutoStrainCap_30683084-5_20260720_142810,endo,12,9,0.75
noapex_shape_qc,AutoStrainCap_30683084-5_20260720_142810,mid,12,9,0.75
noapex_shape_qc,AutoStrainCap_30683084-5_20260720_143220,endo,12,12,1.0
noapex_shape_qc,AutoStrainCap_30683084-5_20260720_143220,mid,12,12,1.0
noapex_shape_qc,AutoStrainCap_30683084-5_20260720_143504,endo,12,9,0.75
noapex_shape_qc,AutoStrainCap_30683084-5_20260720_143504,mid,12,10,0.8333333333333334
noapex_shape_qc,AutoStrainCap_30740228-9_20260705_150032,endo,12,12,1.0
noapex_shape_qc,AutoStrainCap_30740228-9_20260705_150032,mid,12,12,1.0
noapex_shape_qc,AutoStrainCap_30740228-9_20260705_150246,endo,12,12,1.0
noapex_shape_qc,AutoStrainCap_30740228-9_20260705_150246,mid,12,12,1.0
noapex_shape_qc,AutoStrainCap_30740228-9_20260705_150619,endo,12,12,1.0
noapex_shape_qc,AutoStrainCap_30740228-9_20260705_150619,mid,12,12,1.0
noapex_shape_qc,AutoStrainCap_30740228-9_20260705_151045,endo,12,8,0.6666666666666666
noapex_shape_qc,AutoStrainCap_30740228-9_20260705_151045,mid,12,8,0.6666666666666666
noapex_shape_qc,AutoStrainCap_30905318-9_20260703_141037,endo,12,12,1.0
noapex_shape_qc,AutoStrainCap_30905318-9_20260703_141037,mid,12,12,1.0
noapex_shape_qc,AutoStrainCap_30905318-9_20260703_141442,endo,12,9,0.75
noapex_shape_qc,AutoStrainCap_30905318-9_20260703_141442,mid,12,9,0.75
noapex_shape_qc,AutoStrainCap_30905318-9_20260703_141742,endo,12,12,1.0
noapex_shape_qc,AutoStrainCap_30905318-9_20260703_141742,mid,12,12,1.0
noapex_shape_qc,AutoStrainCap_30905318-9_20260703_142018,endo,12,12,1.0
noapex_shape_qc,AutoStrainCap_30905318-9_20260703_142018,mid,12,11,0.9166666666666666
noapex_shape_qc,AutoStrainCap_30905373-4_20260719_134718,endo,12,11,0.9166666666666666
noapex_shape_qc,AutoStrainCap_30905373-4_20260719_134718,mid,12,11,0.9166666666666666
noapex_shape_qc,AutoStrainCap_30905373-4_20260719_135210,endo,12,12,1.0
noapex_shape_qc,AutoStrainCap_30905373-4_20260719_135210,mid,12,12,1.0
noapex_shape_qc,AutoStrainCap_30905373-4_20260719_135629,endo,12,12,1.0
noapex_shape_qc,AutoStrainCap_30905373-4_20260719_135629,mid,12,11,0.9166666666666666
noapex_shape_qc,AutoStrainCap_30905373-4_20260719_135928,endo,12,11,0.9166666666666666
noapex_shape_qc,AutoStrainCap_30905373-4_20260719_135928,mid,12,11,0.9166666666666666
noapex_shape_qc,AutoStrainCap_31015650-0_20260624_185116,endo,12,11,0.9166666666666666
noapex_shape_qc,AutoStrainCap_31015650-0_20260624_185116,mid,12,11,0.9166666666666666
noapex_shape_qc,AutoStrainCap_31015650-0_20260624_190101,endo,12,11,0.9166666666666666
noapex_shape_qc,AutoStrainCap_31015650-0_20260624_190101,mid,12,9,0.75
noapex_shape_qc,AutoStrainCap_31015650-0_20260624_190415,endo,12,12,1.0
noapex_shape_qc,AutoStrainCap_31015650-0_20260624_190415,mid,12,12,1.0
noapex_shape_qc,AutoStrainCap_31015650-0_20260624_190829,endo,12,11,0.9166666666666666
noapex_shape_qc,AutoStrainCap_31015650-0_20260624_190829,mid,12,11,0.9166666666666666
noapex_shape_qc,AutoStrainCap_31368451-6_20260616_143036,endo,12,12,1.0
noapex_shape_qc,AutoStrainCap_31368451-6_20260616_143036,mid,12,11,0.9166666666666666
noapex_shape_qc,AutoStrainCap_31368451-6_20260616_143905,endo,12,12,1.0
noapex_shape_qc,AutoStrainCap_31368451-6_20260616_143905,mid,12,12,1.0
noapex_shape_qc,AutoStrainCap_31368451-6_20260616_144528,endo,12,11,0.9166666666666666
noapex_shape_qc,AutoStrainCap_31368451-6_20260616_144528,mid,12,11,0.9166666666666666
noapex_shape_qc,AutoStrainCap_31368451-6_20260616_145941,endo,12,11,0.9166666666666666
noapex_shape_qc,AutoStrainCap_31368451-6_20260616_145941,mid,12,11,0.9166666666666666
noapex_shape_qc,AutoStrainCap_31679667-1_20260629_143005,endo,12,12,1.0
noapex_shape_qc,AutoStrainCap_31679667-1_20260629_143005,mid,12,12,1.0
noapex_shape_qc,AutoStrainCap_31679667-1_20260629_143612,endo,12,11,0.9166666666666666
noapex_shape_qc,AutoStrainCap_31679667-1_20260629_143612,mid,12,9,0.75
noapex_shape_qc,AutoStrainCap_31679667-1_20260629_143856,endo,12,11,0.9166666666666666
noapex_shape_qc,AutoStrainCap_31679667-1_20260629_143856,mid,12,11,0.9166666666666666
noapex_shape_qc,AutoStrainCap_31679667-1_20260629_144203,endo,12,12,1.0
noapex_shape_qc,AutoStrainCap_31679667-1_20260629_144203,mid,12,12,1.0
noapex_shape_qc,AutoStrainCap_31788903-8_20260705_173125,endo,12,11,0.9166666666666666
noapex_shape_qc,AutoStrainCap_31788903-8_20260705_173125,mid,12,10,0.8333333333333334
noapex_shape_qc,AutoStrainCap_31788903-8_20260705_173345,endo,12,12,1.0
noapex_shape_qc,AutoStrainCap_31788903-8_20260705_173345,mid,12,12,1.0
noapex_shape_qc,AutoStrainCap_31788903-8_20260705_173654,endo,12,12,1.0
noapex_shape_qc,AutoStrainCap_31788903-8_20260705_173654,mid,12,11,0.9166666666666666
noapex_shape_qc,AutoStrainCap_31788903-8_20260705_174006,endo,12,12,1.0
noapex_shape_qc,AutoStrainCap_31788903-8_20260705_174006,mid,12,12,1.0
noapex_shape_qc,AutoStrainCap_32096153-5_20260703_114834,endo,12,11,0.9166666666666666
noapex_shape_qc,AutoStrainCap_32096153-5_20260703_114834,mid,12,11,0.9166666666666666
noapex_shape_qc,AutoStrainCap_32096153-5_20260703_115236,endo,12,12,1.0
noapex_shape_qc,AutoStrainCap_32096153-5_20260703_115236,mid,12,12,1.0
noapex_shape_qc,AutoStrainCap_32096153-5_20260703_115542,endo,12,11,0.9166666666666666
noapex_shape_qc,AutoStrainCap_32096153-5_20260703_115542,mid,12,11,0.9166666666666666
noapex_shape_qc,AutoStrainCap_32096153-5_20260703_124840,endo,12,11,0.9166666666666666
noapex_shape_qc,AutoStrainCap_32096153-5_20260703_124840,mid,12,11,0.9166666666666666
noapex_shape_qc,AutoStrainCap_32101870-7_20260707_100138,endo,12,11,0.9166666666666666
noapex_shape_qc,AutoStrainCap_32101870-7_20260707_100138,mid,12,11,0.9166666666666666
noapex_shape_qc,AutoStrainCap_32101870-7_20260707_102925,endo,12,11,0.9166666666666666
noapex_shape_qc,AutoStrainCap_32101870-7_20260707_102925,mid,12,11,0.9166666666666666
noapex_shape_qc,AutoStrainCap_32101870-7_20260707_103154,endo,12,12,1.0
noapex_shape_qc,AutoStrainCap_32101870-7_20260707_103154,mid,12,12,1.0
noapex_shape_qc,AutoStrainCap_32101870-7_20260707_103606,endo,12,12,1.0
noapex_shape_qc,AutoStrainCap_32101870-7_20260707_103606,mid,12,12,1.0
noapex_shape_qc,AutoStrainCap_32324083-8_20260707_084108,endo,12,12,1.0
noapex_shape_qc,AutoStrainCap_32324083-8_20260707_084108,mid,12,12,1.0
noapex_shape_qc,AutoStrainCap_32324083-8_20260707_084956,endo,12,11,0.9166666666666666
noapex_shape_qc,AutoStrainCap_32324083-8_20260707_084956,mid,12,11,0.9166666666666666
noapex_shape_qc,AutoStrainCap_32324083-8_20260707_085224,endo,12,10,0.8333333333333334
noapex_shape_qc,AutoStrainCap_32324083-8_20260707_085224,mid,12,10,0.8333333333333334
noapex_shape_qc,AutoStrainCap_32324083-8_20260707_085629,endo,12,11,0.9166666666666666
noapex_shape_qc,AutoStrainCap_32324083-8_20260707_085629,mid,12,10,0.8333333333333334
noapex_shape_qc,AutoStrainCap_32363189-5_20260703_102711,endo,12,11,0.9166666666666666
noapex_shape_qc,AutoStrainCap_32363189-5_20260703_102711,mid,12,11,0.9166666666666666
noapex_shape_qc,AutoStrainCap_32363189-5_20260703_103139,endo,12,12,1.0
noapex_shape_qc,AutoStrainCap_32363189-5_20260703_103139,mid,12,11,0.9166666666666666
noapex_shape_qc,AutoStrainCap_32363189-5_20260703_103620,endo,12,12,1.0
noapex_shape_qc,AutoStrainCap_32363189-5_20260703_103620,mid,12,12,1.0
noapex_shape_qc,AutoStrainCap_32363189-5_20260703_123141,endo,12,12,1.0
noapex_shape_qc,AutoStrainCap_32363189-5_20260703_123141,mid,12,12,1.0
noapex_shape_qc,AutoStrainCap_32691333-2_20260629_144820,endo,12,11,0.9166666666666666
noapex_shape_qc,AutoStrainCap_32691333-2_20260629_144820,mid,12,11,0.9166666666666666
noapex_shape_qc,AutoStrainCap_32691333-2_20260629_145023,endo,12,12,1.0
noapex_shape_qc,AutoStrainCap_32691333-2_20260629_145023,mid,12,11,0.9166666666666666
noapex_shape_qc,AutoStrainCap_32691333-2_20260629_145300,endo,12,11,0.9166666666666666
noapex_shape_qc,AutoStrainCap_32691333-2_20260629_145300,mid,12,10,0.8333333333333334
noapex_shape_qc,AutoStrainCap_32691333-2_20260629_145739,endo,12,10,0.8333333333333334
noapex_shape_qc,AutoStrainCap_32691333-2_20260629_145739,mid,12,10,0.8333333333333334
noapex_shape_qc,AutoStrainCap_33407814-4_20260707_090154,endo,12,9,0.75
noapex_shape_qc,AutoStrainCap_33407814-4_20260707_090154,mid,12,9,0.75
noapex_shape_qc,AutoStrainCap_33407814-4_20260707_090400,endo,12,10,0.8333333333333334
noapex_shape_qc,AutoStrainCap_33407814-4_20260707_090400,mid,12,9,0.75
noapex_shape_qc,AutoStrainCap_33407814-4_20260707_091445,endo,12,11,0.9166666666666666
noapex_shape_qc,AutoStrainCap_33407814-4_20260707_091445,mid,12,10,0.8333333333333334
noapex_shape_qc,AutoStrainCap_33407814-4_20260707_091815,endo,12,9,0.75
noapex_shape_qc,AutoStrainCap_33407814-4_20260707_091815,mid,12,8,0.6666666666666666
noapex_shape_qc,AutoStrainCap_33637467-3_20260624_162351,endo,12,12,1.0
noapex_shape_qc,AutoStrainCap_33637467-3_20260624_162351,mid,12,11,0.9166666666666666
noapex_shape_qc,AutoStrainCap_33637467-3_20260624_163344,endo,12,11,0.9166666666666666
noapex_shape_qc,AutoStrainCap_33637467-3_20260624_163344,mid,12,9,0.75
noapex_shape_qc,AutoStrainCap_33637467-3_20260624_163719,endo,12,11,0.9166666666666666
noapex_shape_qc,AutoStrainCap_33637467-3_20260624_163719,mid,12,11,0.9166666666666666
noapex_shape_qc,AutoStrainCap_33637467-3_20260624_171106,endo,12,12,1.0
noapex_shape_qc,AutoStrainCap_33637467-3_20260624_171106,mid,12,12,1.0
noapex_shape_qc,AutoStrainCap_3417281-7_20260619_111837,endo,12,12,1.0
noapex_shape_qc,AutoStrainCap_3417281-7_20260619_111837,mid,12,12,1.0
noapex_shape_qc,AutoStrainCap_3417281-7_20260619_112344,endo,12,11,0.9166666666666666
noapex_shape_qc,AutoStrainCap_3417281-7_20260619_112344,mid,12,11,0.9166666666666666
noapex_shape_qc,AutoStrainCap_3417281-7_20260619_113034,endo,12,12,1.0
noapex_shape_qc,AutoStrainCap_3417281-7_20260619_113034,mid,12,11,0.9166666666666666
noapex_shape_qc,AutoStrainCap_3417281-7_20260625_150434,endo,12,11,0.9166666666666666
noapex_shape_qc,AutoStrainCap_3417281-7_20260625_150434,mid,12,10,0.8333333333333334
noapex_shape_qc,AutoStrainCap_3417281-7_20260625_150904,endo,12,12,1.0
noapex_shape_qc,AutoStrainCap_3417281-7_20260625_150904,mid,12,12,1.0
noapex_shape_qc,AutoStrainCap_3417281-7_20260625_151500,endo,12,11,0.9166666666666666
noapex_shape_qc,AutoStrainCap_3417281-7_20260625_151500,mid,12,10,0.8333333333333334
noapex_shape_qc,AutoStrainCap_3417281-7_20260625_151857,endo,12,12,1.0
noapex_shape_qc,AutoStrainCap_3417281-7_20260625_151857,mid,12,12,1.0
noapex_shape_qc,AutoStrainCap_3421947-7_20260705_191555,endo,12,12,1.0
noapex_shape_qc,AutoStrainCap_3421947-7_20260705_191555,mid,12,11,0.9166666666666666
noapex_shape_qc,AutoStrainCap_3421947-7_20260705_191723,endo,12,11,0.9166666666666666
noapex_shape_qc,AutoStrainCap_3421947-7_20260705_191723,mid,12,11,0.9166666666666666
noapex_shape_qc,AutoStrainCap_3421947-7_20260705_192001,endo,12,12,1.0
noapex_shape_qc,AutoStrainCap_3421947-7_20260705_192001,mid,12,12,1.0
noapex_shape_qc,AutoStrainCap_3421947-7_20260705_192232,endo,12,12,1.0
noapex_shape_qc,AutoStrainCap_3421947-7_20260705_192232,mid,12,12,1.0
noapex_shape_qc,AutoStrainCap_34251979-0_20260707_092115,endo,12,12,1.0
noapex_shape_qc,AutoStrainCap_34251979-0_20260707_092115,mid,12,12,1.0
noapex_shape_qc,AutoStrainCap_34251979-0_20260707_092450,endo,12,12,1.0
noapex_shape_qc,AutoStrainCap_34251979-0_20260707_092450,mid,12,12,1.0
noapex_shape_qc,AutoStrainCap_34251979-0_20260707_092822,endo,12,12,1.0
noapex_shape_qc,AutoStrainCap_34251979-0_20260707_092822,mid,12,12,1.0
noapex_shape_qc,AutoStrainCap_34251979-0_20260707_093232,endo,12,11,0.9166666666666666
noapex_shape_qc,AutoStrainCap_34251979-0_20260707_093232,mid,12,10,0.8333333333333334
noapex_shape_qc,AutoStrainCap_34262029-1_20260707_093659,endo,12,11,0.9166666666666666
noapex_shape_qc,AutoStrainCap_34262029-1_20260707_093659,mid,12,11,0.9166666666666666
noapex_shape_qc,AutoStrainCap_34262029-1_20260707_094749,endo,12,10,0.8333333333333334
noapex_shape_qc,AutoStrainCap_34262029-1_20260707_094749,mid,12,9,0.75
noapex_shape_qc,AutoStrainCap_34262029-1_20260707_095125,endo,12,10,0.8333333333333334
noapex_shape_qc,AutoStrainCap_34262029-1_20260707_095125,mid,12,10,0.8333333333333334
noapex_shape_qc,AutoStrainCap_34262029-1_20260707_095640,endo,12,12,1.0
noapex_shape_qc,AutoStrainCap_34262029-1_20260707_095640,mid,12,12,1.0
noapex_shape_qc,AutoStrainCap_34269230-8_20260707_130819,endo,12,10,0.8333333333333334
noapex_shape_qc,AutoStrainCap_34269230-8_20260707_130819,mid,12,10,0.8333333333333334
noapex_shape_qc,AutoStrainCap_34269230-8_20260707_131147,endo,12,11,0.9166666666666666
noapex_shape_qc,AutoStrainCap_34269230-8_20260707_131147,mid,12,11,0.9166666666666666
noapex_shape_qc,AutoStrainCap_34269230-8_20260707_131344,endo,12,11,0.9166666666666666
noapex_shape_qc,AutoStrainCap_34269230-8_20260707_131344,mid,12,10,0.8333333333333334
noapex_shape_qc,AutoStrainCap_34269230-8_20260707_131631,endo,12,11,0.9166666666666666
noapex_shape_qc,AutoStrainCap_34269230-8_20260707_131631,mid,12,11,0.9166666666666666
noapex_shape_qc,AutoStrainCap_3429839-8_20260705_190240,endo,12,12,1.0
noapex_shape_qc,AutoStrainCap_3429839-8_20260705_190240,mid,12,12,1.0
noapex_shape_qc,AutoStrainCap_3429839-8_20260705_190535,endo,12,12,1.0
noapex_shape_qc,AutoStrainCap_3429839-8_20260705_190535,mid,12,11,0.9166666666666666
noapex_shape_qc,AutoStrainCap_3429839-8_20260705_190803,endo,12,10,0.8333333333333334
noapex_shape_qc,AutoStrainCap_3429839-8_20260705_190803,mid,12,9,0.75
noapex_shape_qc,AutoStrainCap_3429839-8_20260705_191308,endo,12,12,1.0
noapex_shape_qc,AutoStrainCap_3429839-8_20260705_191308,mid,12,12,1.0
noapex_shape_qc,AutoStrainCap_34509875-0_20260705_160307,endo,12,12,1.0
noapex_shape_qc,AutoStrainCap_34509875-0_20260705_160307,mid,12,12,1.0
noapex_shape_qc,AutoStrainCap_34509875-0_20260705_160557,endo,12,10,0.8333333333333334
noapex_shape_qc,AutoStrainCap_34509875-0_20260705_160557,mid,12,10,0.8333333333333334
noapex_shape_qc,AutoStrainCap_34509875-0_20260705_161049,endo,12,11,0.9166666666666666
noapex_shape_qc,AutoStrainCap_34509875-0_20260705_161049,mid,12,11,0.9166666666666666
noapex_shape_qc,AutoStrainCap_34509875-0_20260705_161724,endo,12,12,1.0
noapex_shape_qc,AutoStrainCap_34509875-0_20260705_161724,mid,12,12,1.0
noapex_shape_qc,AutoStrainCap_34524423-0_20260703_111740,endo,12,12,1.0
noapex_shape_qc,AutoStrainCap_34524423-0_20260703_111740,mid,12,12,1.0
noapex_shape_qc,AutoStrainCap_34524423-0_20260703_112300,endo,12,12,1.0
noapex_shape_qc,AutoStrainCap_34524423-0_20260703_112300,mid,12,12,1.0
noapex_shape_qc,AutoStrainCap_34524423-0_20260703_112614,endo,12,12,1.0
noapex_shape_qc,AutoStrainCap_34524423-0_20260703_112614,mid,12,12,1.0
noapex_shape_qc,AutoStrainCap_34524423-0_20260703_124300,endo,12,12,1.0
noapex_shape_qc,AutoStrainCap_34524423-0_20260703_124300,mid,12,12,1.0
noapex_shape_qc,AutoStrainCap_34531409-0_20260703_125824,endo,12,9,0.75
noapex_shape_qc,AutoStrainCap_34531409-0_20260703_125824,mid,12,7,0.5833333333333334
noapex_shape_qc,AutoStrainCap_34531409-0_20260703_130045,endo,12,10,0.8333333333333334
noapex_shape_qc,AutoStrainCap_34531409-0_20260703_130045,mid,12,10,0.8333333333333334
noapex_shape_qc,AutoStrainCap_34531409-0_20260703_130431,endo,12,10,0.8333333333333334
noapex_shape_qc,AutoStrainCap_34531409-0_20260703_130431,mid,12,9,0.75
noapex_shape_qc,AutoStrainCap_34531409-0_20260703_130700,endo,12,9,0.75
noapex_shape_qc,AutoStrainCap_34531409-0_20260703_130700,mid,12,9,0.75
noapex_shape_qc,AutoStrainCap_34549119-5_20260619_100807,endo,12,12,1.0
noapex_shape_qc,AutoStrainCap_34549119-5_20260619_100807,mid,12,12,1.0
noapex_shape_qc,AutoStrainCap_34549119-5_20260619_101142,endo,12,12,1.0
noapex_shape_qc,AutoStrainCap_34549119-5_20260619_101142,mid,12,11,0.9166666666666666
noapex_shape_qc,AutoStrainCap_34549119-5_20260619_101821,endo,12,12,1.0
noapex_shape_qc,AutoStrainCap_34549119-5_20260619_101821,mid,12,12,1.0
noapex_shape_qc,AutoStrainCap_34617696-9_20260624_194253,endo,12,10,0.8333333333333334
noapex_shape_qc,AutoStrainCap_34617696-9_20260624_194253,mid,12,10,0.8333333333333334
noapex_shape_qc,AutoStrainCap_34617696-9_20260624_194747,endo,12,12,1.0
noapex_shape_qc,AutoStrainCap_34617696-9_20260624_194747,mid,12,12,1.0
noapex_shape_qc,AutoStrainCap_34617696-9_20260624_195220,endo,12,10,0.8333333333333334
noapex_shape_qc,AutoStrainCap_34617696-9_20260624_195220,mid,12,10,0.8333333333333334
noapex_shape_qc,AutoStrainCap_34617696-9_20260624_195654,endo,12,11,0.9166666666666666
noapex_shape_qc,AutoStrainCap_34617696-9_20260624_195654,mid,12,11,0.9166666666666666
noapex_shape_qc,AutoStrainCap_3651669-8_20260624_171743,endo,12,12,1.0
noapex_shape_qc,AutoStrainCap_3651669-8_20260624_171743,mid,12,12,1.0
noapex_shape_qc,AutoStrainCap_3651669-8_20260624_172513,endo,12,12,1.0
noapex_shape_qc,AutoStrainCap_3651669-8_20260624_172513,mid,12,12,1.0
noapex_shape_qc,AutoStrainCap_3651669-8_20260624_173108,endo,12,11,0.9166666666666666
noapex_shape_qc,AutoStrainCap_3651669-8_20260624_173108,mid,12,10,0.8333333333333334
noapex_shape_qc,AutoStrainCap_3651669-8_20260624_173453,endo,12,10,0.8333333333333334
noapex_shape_qc,AutoStrainCap_3651669-8_20260624_173453,mid,12,9,0.75
noapex_shape_qc,AutoStrainCap_3665822-7_20260703_133641,endo,12,9,0.75
noapex_shape_qc,AutoStrainCap_3665822-7_20260703_133641,mid,12,9,0.75
noapex_shape_qc,AutoStrainCap_3665822-7_20260703_134515,endo,12,11,0.9166666666666666
noapex_shape_qc,AutoStrainCap_3665822-7_20260703_134515,mid,12,10,0.8333333333333334
noapex_shape_qc,AutoStrainCap_3665822-7_20260705_133120,endo,12,10,0.8333333333333334
noapex_shape_qc,AutoStrainCap_3665822-7_20260705_133120,mid,12,9,0.75
noapex_shape_qc,AutoStrainCap_3729069-9_20260624_200234,endo,12,10,0.8333333333333334
noapex_shape_qc,AutoStrainCap_3729069-9_20260624_200234,mid,12,10,0.8333333333333334
noapex_shape_qc,AutoStrainCap_3729069-9_20260624_201056,endo,12,11,0.9166666666666666
noapex_shape_qc,AutoStrainCap_3729069-9_20260624_201056,mid,12,11,0.9166666666666666
noapex_shape_qc,AutoStrainCap_3729069-9_20260624_201559,endo,12,10,0.8333333333333334
noapex_shape_qc,AutoStrainCap_3729069-9_20260624_201559,mid,12,9,0.75
noapex_shape_qc,AutoStrainCap_3729069-9_20260624_202002,endo,12,11,0.9166666666666666
noapex_shape_qc,AutoStrainCap_3729069-9_20260624_202002,mid,12,11,0.9166666666666666
noapex_shape_qc,AutoStrainCap_3835047-6_20260607_083949,endo,12,11,0.9166666666666666
noapex_shape_qc,AutoStrainCap_3835047-6_20260607_083949,mid,12,10,0.8333333333333334
noapex_shape_qc,AutoStrainCap_3835047-6_20260720_143751,endo,12,11,0.9166666666666666
noapex_shape_qc,AutoStrainCap_3835047-6_20260720_143751,mid,12,11,0.9166666666666666
noapex_shape_qc,AutoStrainCap_3835047-6_20260720_144112,endo,12,12,1.0
noapex_shape_qc,AutoStrainCap_3835047-6_20260720_144112,mid,12,12,1.0
noapex_shape_qc,AutoStrainCap_3835047-6_20260720_144412,endo,12,12,1.0
noapex_shape_qc,AutoStrainCap_3835047-6_20260720_144412,mid,12,12,1.0
noapex_shape_qc,AutoStrainCap_3835047-6_20260720_144825,endo,12,10,0.8333333333333334
noapex_shape_qc,AutoStrainCap_3835047-6_20260720_144825,mid,12,10,0.8333333333333334
noapex_shape_qc,AutoStrainCap_3944934-3_20260707_132037,endo,12,11,0.9166666666666666
noapex_shape_qc,AutoStrainCap_3944934-3_20260707_132037,mid,12,10,0.8333333333333334
noapex_shape_qc,AutoStrainCap_3944934-3_20260707_132334,endo,12,12,1.0
noapex_shape_qc,AutoStrainCap_3944934-3_20260707_132334,mid,12,11,0.9166666666666666
noapex_shape_qc,AutoStrainCap_3944934-3_20260707_132714,endo,12,12,1.0
noapex_shape_qc,AutoStrainCap_3944934-3_20260707_132714,mid,12,12,1.0
noapex_shape_qc,AutoStrainCap_3944934-3_20260707_133014,endo,12,10,0.8333333333333334
noapex_shape_qc,AutoStrainCap_3944934-3_20260707_133014,mid,12,10,0.8333333333333334
noapex_shape_qc,AutoStrainCap_4040951-8_20260703_142302,endo,12,12,1.0
noapex_shape_qc,AutoStrainCap_4040951-8_20260703_142302,mid,12,12,1.0
noapex_shape_qc,AutoStrainCap_4040951-8_20260703_142531,endo,12,12,1.0
noapex_shape_qc,AutoStrainCap_4040951-8_20260703_142531,mid,12,11,0.9166666666666666
noapex_shape_qc,AutoStrainCap_4040951-8_20260703_142754,endo,12,11,0.9166666666666666
noapex_shape_qc,AutoStrainCap_4040951-8_20260703_142754,mid,12,9,0.75
noapex_shape_qc,AutoStrainCap_4040951-8_20260703_142956,endo,12,12,1.0
noapex_shape_qc,AutoStrainCap_4040951-8_20260703_142956,mid,12,12,1.0
noapex_shape_qc,AutoStrainCap_426704-3_20260703_092825,endo,12,11,0.9166666666666666
noapex_shape_qc,AutoStrainCap_426704-3_20260703_092825,mid,12,10,0.8333333333333334
noapex_shape_qc,AutoStrainCap_426704-3_20260703_093329,endo,12,8,0.6666666666666666
noapex_shape_qc,AutoStrainCap_426704-3_20260703_093329,mid,12,7,0.5833333333333334
noapex_shape_qc,AutoStrainCap_426704-3_20260703_094707,endo,12,9,0.75
noapex_shape_qc,AutoStrainCap_426704-3_20260703_094707,mid,12,8,0.6666666666666666
noapex_shape_qc,AutoStrainCap_426704-3_20260703_121847,endo,12,7,0.5833333333333334
noapex_shape_qc,AutoStrainCap_426704-3_20260703_121847,mid,12,7,0.5833333333333334
noapex_shape_qc,AutoStrainCap_4343165-9_20260720_122202,endo,12,12,1.0
noapex_shape_qc,AutoStrainCap_4343165-9_20260720_122202,mid,12,11,0.9166666666666666
noapex_shape_qc,AutoStrainCap_4343165-9_20260720_122434,endo,12,9,0.75
noapex_shape_qc,AutoStrainCap_4343165-9_20260720_122434,mid,12,8,0.6666666666666666
noapex_shape_qc,AutoStrainCap_4343165-9_20260720_122745,endo,12,10,0.8333333333333334
noapex_shape_qc,AutoStrainCap_4343165-9_20260720_122745,mid,12,10,0.8333333333333334
noapex_shape_qc,AutoStrainCap_4343165-9_20260720_123012,endo,12,12,1.0
noapex_shape_qc,AutoStrainCap_4343165-9_20260720_123012,mid,12,12,1.0
noapex_shape_qc,AutoStrainCap_4481793-0_20260705_184705,endo,12,11,0.9166666666666666
noapex_shape_qc,AutoStrainCap_4481793-0_20260705_184705,mid,12,11,0.9166666666666666
noapex_shape_qc,AutoStrainCap_4481793-0_20260705_184928,endo,12,11,0.9166666666666666
noapex_shape_qc,AutoStrainCap_4481793-0_20260705_184928,mid,12,11,0.9166666666666666
noapex_shape_qc,AutoStrainCap_4481793-0_20260705_185227,endo,12,12,1.0
noapex_shape_qc,AutoStrainCap_4481793-0_20260705_185227,mid,12,12,1.0
noapex_shape_qc,AutoStrainCap_4481793-0_20260705_185928,endo,12,12,1.0
noapex_shape_qc,AutoStrainCap_4481793-0_20260705_185928,mid,12,11,0.9166666666666666
noapex_shape_qc,AutoStrainCap_459502-1_20260703_105855,endo,12,11,0.9166666666666666
noapex_shape_qc,AutoStrainCap_459502-1_20260703_105855,mid,12,11,0.9166666666666666
noapex_shape_qc,AutoStrainCap_459502-1_20260703_110152,endo,12,11,0.9166666666666666
noapex_shape_qc,AutoStrainCap_459502-1_20260703_110152,mid,12,9,0.75
noapex_shape_qc,AutoStrainCap_459502-1_20260703_112958,endo,12,12,1.0
noapex_shape_qc,AutoStrainCap_459502-1_20260703_112958,mid,12,11,0.9166666666666666
noapex_shape_qc,AutoStrainCap_459502-1_20260703_123703,endo,12,12,1.0
noapex_shape_qc,AutoStrainCap_459502-1_20260703_123703,mid,12,11,0.9166666666666666
noapex_shape_qc,AutoStrainCap_5006217-3_20260619_104028,endo,12,12,1.0
noapex_shape_qc,AutoStrainCap_5006217-3_20260619_104028,mid,12,11,0.9166666666666666
noapex_shape_qc,AutoStrainCap_5006217-3_20260619_104418,endo,12,10,0.8333333333333334
noapex_shape_qc,AutoStrainCap_5006217-3_20260619_104418,mid,12,10,0.8333333333333334
noapex_shape_qc,AutoStrainCap_5006217-3_20260619_105052,endo,12,11,0.9166666666666666
noapex_shape_qc,AutoStrainCap_5006217-3_20260619_105052,mid,12,11,0.9166666666666666
noapex_shape_qc,AutoStrainCap_5006217-3_20260625_144956,endo,12,12,1.0
noapex_shape_qc,AutoStrainCap_5006217-3_20260625_144956,mid,12,12,1.0
noapex_shape_qc,AutoStrainCap_5006217-3_20260625_145349,endo,12,11,0.9166666666666666
noapex_shape_qc,AutoStrainCap_5006217-3_20260625_145349,mid,12,11,0.9166666666666666
noapex_shape_qc,AutoStrainCap_5006217-3_20260625_145720,endo,12,12,1.0
noapex_shape_qc,AutoStrainCap_5006217-3_20260625_145720,mid,12,11,0.9166666666666666
noapex_shape_qc,AutoStrainCap_5006217-3_20260625_150059,endo,12,11,0.9166666666666666
noapex_shape_qc,AutoStrainCap_5006217-3_20260625_150059,mid,12,11,0.9166666666666666
noapex_shape_qc,AutoStrainCap_5012984-0_20260616_135946,endo,12,10,0.8333333333333334
noapex_shape_qc,AutoStrainCap_5012984-0_20260616_135946,mid,12,10,0.8333333333333334
noapex_shape_qc,AutoStrainCap_5012984-0_20260616_141245,endo,12,11,0.9166666666666666
noapex_shape_qc,AutoStrainCap_5012984-0_20260616_141245,mid,12,10,0.8333333333333334
noapex_shape_qc,AutoStrainCap_5012984-0_20260616_141900,endo,12,11,0.9166666666666666
noapex_shape_qc,AutoStrainCap_5012984-0_20260616_141900,mid,12,10,0.8333333333333334
noapex_shape_qc,AutoStrainCap_5012984-0_20260616_142402,endo,12,11,0.9166666666666666
noapex_shape_qc,AutoStrainCap_5012984-0_20260616_142402,mid,12,11,0.9166666666666666
noapex_shape_qc,AutoStrainCap_5046692-9_20260707_154325,endo,12,11,0.9166666666666666
noapex_shape_qc,AutoStrainCap_5046692-9_20260707_154325,mid,12,11,0.9166666666666666
noapex_shape_qc,AutoStrainCap_5046692-9_20260707_154744,endo,12,10,0.8333333333333334
noapex_shape_qc,AutoStrainCap_5046692-9_20260707_154744,mid,12,10,0.8333333333333334
noapex_shape_qc,AutoStrainCap_5046692-9_20260707_155347,endo,12,11,0.9166666666666666
noapex_shape_qc,AutoStrainCap_5046692-9_20260707_155347,mid,12,11,0.9166666666666666
noapex_shape_qc,AutoStrainCap_5046692-9_20260707_155515,endo,12,11,0.9166666666666666
noapex_shape_qc,AutoStrainCap_5046692-9_20260707_155515,mid,12,11,0.9166666666666666
noapex_shape_qc,AutoStrainCap_5117429-0_20260624_173919,endo,12,12,1.0
noapex_shape_qc,AutoStrainCap_5117429-0_20260624_173919,mid,12,11,0.9166666666666666
noapex_shape_qc,AutoStrainCap_5117429-0_20260624_174650,endo,12,7,0.5833333333333334
noapex_shape_qc,AutoStrainCap_5117429-0_20260624_174650,mid,12,7,0.5833333333333334
noapex_shape_qc,AutoStrainCap_5117429-0_20260624_175146,endo,12,11,0.9166666666666666
noapex_shape_qc,AutoStrainCap_5117429-0_20260624_175146,mid,12,11,0.9166666666666666
noapex_shape_qc,AutoStrainCap_5117429-0_20260624_175541,endo,12,10,0.8333333333333334
noapex_shape_qc,AutoStrainCap_5117429-0_20260624_175541,mid,12,10,0.8333333333333334
noapex_shape_qc,AutoStrainCap_5165064-6_20260719_140703,endo,12,12,1.0
noapex_shape_qc,AutoStrainCap_5165064-6_20260719_140703,mid,12,11,0.9166666666666666
noapex_shape_qc,AutoStrainCap_5165064-6_20260719_140848,endo,12,12,1.0
noapex_shape_qc,AutoStrainCap_5165064-6_20260719_140848,mid,12,11,0.9166666666666666
noapex_shape_qc,AutoStrainCap_5165064-6_20260719_141501,endo,12,11,0.9166666666666666
noapex_shape_qc,AutoStrainCap_5165064-6_20260719_141501,mid,12,11,0.9166666666666666
noapex_shape_qc,AutoStrainCap_5165064-6_20260719_142035,endo,12,11,0.9166666666666666
noapex_shape_qc,AutoStrainCap_5165064-6_20260719_142035,mid,12,10,0.8333333333333334
noapex_shape_qc,AutoStrainCap_5167707-8_20260705_183447,endo,12,12,1.0
noapex_shape_qc,AutoStrainCap_5167707-8_20260705_183447,mid,12,11,0.9166666666666666
noapex_shape_qc,AutoStrainCap_5167707-8_20260705_183727,endo,12,12,1.0
noapex_shape_qc,AutoStrainCap_5167707-8_20260705_183727,mid,12,12,1.0
noapex_shape_qc,AutoStrainCap_5167707-8_20260705_184009,endo,12,12,1.0
noapex_shape_qc,AutoStrainCap_5167707-8_20260705_184009,mid,12,11,0.9166666666666666
noapex_shape_qc,AutoStrainCap_5167707-8_20260705_184332,endo,12,11,0.9166666666666666
noapex_shape_qc,AutoStrainCap_5167707-8_20260705_184332,mid,12,10,0.8333333333333334
noapex_shape_qc,AutoStrainCap_5171618-1_20260514_134148,endo,12,9,0.75
noapex_shape_qc,AutoStrainCap_5171618-1_20260514_134148,mid,12,8,0.6666666666666666
noapex_shape_qc,AutoStrainCap_5171618-1_20260610_161021,endo,12,11,0.9166666666666666
noapex_shape_qc,AutoStrainCap_5171618-1_20260610_161021,mid,12,10,0.8333333333333334
noapex_shape_qc,AutoStrainCap_5171618-1_20260610_162243,endo,12,8,0.6666666666666666
noapex_shape_qc,AutoStrainCap_5171618-1_20260610_162243,mid,12,8,0.6666666666666666
noapex_shape_qc,AutoStrainCap_5171618-1_20260610_163344,endo,12,12,1.0
noapex_shape_qc,AutoStrainCap_5171618-1_20260610_163344,mid,12,12,1.0
noapex_shape_qc,AutoStrainCap_5171618-1_20260610_164813,endo,12,11,0.9166666666666666
noapex_shape_qc,AutoStrainCap_5171618-1_20260610_164813,mid,12,11,0.9166666666666666
noapex_shape_qc,AutoStrainCap_5172142-1_20260703_120844,endo,12,12,1.0
noapex_shape_qc,AutoStrainCap_5172142-1_20260703_120844,mid,12,12,1.0
noapex_shape_qc,AutoStrainCap_5172142-1_20260703_121229,endo,12,12,1.0
noapex_shape_qc,AutoStrainCap_5172142-1_20260703_121229,mid,12,12,1.0
noapex_shape_qc,AutoStrainCap_5172142-1_20260703_121500,endo,12,12,1.0
noapex_shape_qc,AutoStrainCap_5172142-1_20260703_121500,mid,12,12,1.0
noapex_shape_qc,AutoStrainCap_5172142-1_20260703_125448,endo,12,12,1.0
noapex_shape_qc,AutoStrainCap_5172142-1_20260703_125448,mid,12,11,0.9166666666666666
noapex_shape_qc,AutoStrainCap_5213084-6_20260705_163138,endo,12,11,0.9166666666666666
noapex_shape_qc,AutoStrainCap_5213084-6_20260705_163138,mid,12,10,0.8333333333333334
noapex_shape_qc,AutoStrainCap_5213084-6_20260705_163450,endo,12,12,1.0
noapex_shape_qc,AutoStrainCap_5213084-6_20260705_163450,mid,12,12,1.0
noapex_shape_qc,AutoStrainCap_5213084-6_20260705_163708,endo,12,11,0.9166666666666666
noapex_shape_qc,AutoStrainCap_5213084-6_20260705_163708,mid,12,10,0.8333333333333334
noapex_shape_qc,AutoStrainCap_5213084-6_20260705_163940,endo,12,12,1.0
noapex_shape_qc,AutoStrainCap_5213084-6_20260705_163940,mid,12,12,1.0
noapex_shape_qc,AutoStrainCap_5222239-5_20260705_192903,endo,12,11,0.9166666666666666
noapex_shape_qc,AutoStrainCap_5222239-5_20260705_192903,mid,12,11,0.9166666666666666
noapex_shape_qc,AutoStrainCap_5222239-5_20260705_193200,endo,12,11,0.9166666666666666
noapex_shape_qc,AutoStrainCap_5222239-5_20260705_193200,mid,12,8,0.6666666666666666
noapex_shape_qc,AutoStrainCap_5222239-5_20260705_193405,endo,12,11,0.9166666666666666
noapex_shape_qc,AutoStrainCap_5222239-5_20260705_193405,mid,12,10,0.8333333333333334
noapex_shape_qc,AutoStrainCap_5222239-5_20260705_193805,endo,12,11,0.9166666666666666
noapex_shape_qc,AutoStrainCap_5222239-5_20260705_193805,mid,12,10,0.8333333333333334
noapex_shape_qc,AutoStrainCap_530717-8_20260610_164002,endo,12,7,0.5833333333333334
noapex_shape_qc,AutoStrainCap_530717-8_20260610_164002,mid,12,7,0.5833333333333334
noapex_shape_qc,AutoStrainCap_530717-8_20260610_170013,endo,12,10,0.8333333333333334
noapex_shape_qc,AutoStrainCap_530717-8_20260610_170013,mid,12,9,0.75
noapex_shape_qc,AutoStrainCap_530717-8_20260610_171327,endo,12,11,0.9166666666666666
noapex_shape_qc,AutoStrainCap_530717-8_20260610_171327,mid,12,11,0.9166666666666666
noapex_shape_qc,AutoStrainCap_530717-8_20260610_172809,endo,12,12,1.0
noapex_shape_qc,AutoStrainCap_530717-8_20260610_172809,mid,12,12,1.0
noapex_shape_qc,AutoStrainCap_5352475-7_20260705_140410,endo,12,12,1.0
noapex_shape_qc,AutoStrainCap_5352475-7_20260705_140410,mid,12,11,0.9166666666666666
noapex_shape_qc,AutoStrainCap_5352475-7_20260705_140932,endo,12,8,0.6666666666666666
noapex_shape_qc,AutoStrainCap_5352475-7_20260705_140932,mid,12,7,0.5833333333333334
noapex_shape_qc,AutoStrainCap_5352475-7_20260705_141212,endo,12,11,0.9166666666666666
noapex_shape_qc,AutoStrainCap_5352475-7_20260705_141212,mid,12,11,0.9166666666666666
noapex_shape_qc,AutoStrainCap_5352475-7_20260705_141439,endo,12,12,1.0
noapex_shape_qc,AutoStrainCap_5352475-7_20260705_141439,mid,12,12,1.0
noapex_shape_qc,AutoStrainCap_5353891-4_20260707_112242,endo,12,12,1.0
noapex_shape_qc,AutoStrainCap_5353891-4_20260707_112242,mid,12,12,1.0
noapex_shape_qc,AutoStrainCap_5353891-4_20260707_112527,endo,12,10,0.8333333333333334
noapex_shape_qc,AutoStrainCap_5353891-4_20260707_112527,mid,12,10,0.8333333333333334
noapex_shape_qc,AutoStrainCap_5353891-4_20260707_112943,endo,12,11,0.9166666666666666
noapex_shape_qc,AutoStrainCap_5353891-4_20260707_112943,mid,12,11,0.9166666666666666
noapex_shape_qc,AutoStrainCap_5353891-4_20260707_113155,endo,12,12,1.0
noapex_shape_qc,AutoStrainCap_5353891-4_20260707_113155,mid,12,12,1.0
noapex_shape_qc,AutoStrainCap_5403470-7_20260703_132436,endo,12,11,0.9166666666666666
noapex_shape_qc,AutoStrainCap_5403470-7_20260703_132436,mid,12,11,0.9166666666666666
noapex_shape_qc,AutoStrainCap_5403470-7_20260703_132717,endo,12,10,0.8333333333333334
noapex_shape_qc,AutoStrainCap_5403470-7_20260703_132717,mid,12,9,0.75
noapex_shape_qc,AutoStrainCap_5403470-7_20260703_132938,endo,12,12,1.0
noapex_shape_qc,AutoStrainCap_5403470-7_20260703_132938,mid,12,12,1.0
noapex_shape_qc,AutoStrainCap_5403470-7_20260703_133151,endo,12,11,0.9166666666666666
noapex_shape_qc,AutoStrainCap_5403470-7_20260703_133151,mid,12,9,0.75
noapex_shape_qc,AutoStrainCap_5440151-8_20260707_150958,endo,12,11,0.9166666666666666
noapex_shape_qc,AutoStrainCap_5440151-8_20260707_150958,mid,12,11,0.9166666666666666
noapex_shape_qc,AutoStrainCap_5440151-8_20260707_151445,endo,12,12,1.0
noapex_shape_qc,AutoStrainCap_5440151-8_20260707_151445,mid,12,12,1.0
noapex_shape_qc,AutoStrainCap_5440151-8_20260707_151804,endo,12,12,1.0
noapex_shape_qc,AutoStrainCap_5440151-8_20260707_151804,mid,12,12,1.0
noapex_shape_qc,AutoStrainCap_5440151-8_20260707_152217,endo,12,12,1.0
noapex_shape_qc,AutoStrainCap_5440151-8_20260707_152217,mid,12,12,1.0
noapex_shape_qc,AutoStrainCap_5467850-3_20260703_095719,endo,12,10,0.8333333333333334
noapex_shape_qc,AutoStrainCap_5467850-3_20260703_095719,mid,12,9,0.75
noapex_shape_qc,AutoStrainCap_5467850-3_20260703_100407,endo,12,9,0.75
noapex_shape_qc,AutoStrainCap_5467850-3_20260703_100407,mid,12,9,0.75
noapex_shape_qc,AutoStrainCap_5467850-3_20260703_100839,endo,12,7,0.5833333333333334
noapex_shape_qc,AutoStrainCap_5467850-3_20260703_100839,mid,12,7,0.5833333333333334
noapex_shape_qc,AutoStrainCap_5467850-3_20260703_122455,endo,12,11,0.9166666666666666
noapex_shape_qc,AutoStrainCap_5467850-3_20260703_122455,mid,12,11,0.9166666666666666
noapex_shape_qc,AutoStrainCap_5618619-0_20260705_164336,endo,12,11,0.9166666666666666
noapex_shape_qc,AutoStrainCap_5618619-0_20260705_164336,mid,12,11,0.9166666666666666
noapex_shape_qc,AutoStrainCap_5618619-0_20260705_164654,endo,12,12,1.0
noapex_shape_qc,AutoStrainCap_5618619-0_20260705_164654,mid,12,12,1.0
noapex_shape_qc,AutoStrainCap_5618619-0_20260705_165128,endo,12,12,1.0
noapex_shape_qc,AutoStrainCap_5618619-0_20260705_165128,mid,12,12,1.0
noapex_shape_qc,AutoStrainCap_5618619-0_20260705_165507,endo,12,12,1.0
noapex_shape_qc,AutoStrainCap_5618619-0_20260705_165507,mid,12,12,1.0
noapex_shape_qc,AutoStrainCap_5640076-5_20260514_133112,endo,12,12,1.0
noapex_shape_qc,AutoStrainCap_5640076-5_20260514_133112,mid,12,12,1.0
noapex_shape_qc,AutoStrainCap_5640076-5_20260610_153552,endo,12,12,1.0
noapex_shape_qc,AutoStrainCap_5640076-5_20260610_153552,mid,12,12,1.0
noapex_shape_qc,AutoStrainCap_5640076-5_20260610_154159,endo,12,11,0.9166666666666666
noapex_shape_qc,AutoStrainCap_5640076-5_20260610_154159,mid,12,11,0.9166666666666666
noapex_shape_qc,AutoStrainCap_5640076-5_20260610_154812,endo,12,12,1.0
noapex_shape_qc,AutoStrainCap_5640076-5_20260610_154812,mid,12,12,1.0
noapex_shape_qc,AutoStrainCap_5640076-5_20260610_155350,endo,12,12,1.0
noapex_shape_qc,AutoStrainCap_5640076-5_20260610_155350,mid,12,12,1.0
noapex_shape_qc,AutoStrainCap_5690549-0_20260707_141333,endo,12,11,0.9166666666666666
noapex_shape_qc,AutoStrainCap_5690549-0_20260707_141333,mid,12,12,1.0
noapex_shape_qc,AutoStrainCap_5690549-0_20260707_141738,endo,12,12,1.0
noapex_shape_qc,AutoStrainCap_5690549-0_20260707_141738,mid,12,12,1.0
noapex_shape_qc,AutoStrainCap_5690549-0_20260707_141955,endo,12,11,0.9166666666666666
noapex_shape_qc,AutoStrainCap_5690549-0_20260707_141955,mid,12,10,0.8333333333333334
noapex_shape_qc,AutoStrainCap_5690549-0_20260707_142152,endo,12,12,1.0
noapex_shape_qc,AutoStrainCap_5690549-0_20260707_142152,mid,12,12,1.0
noapex_shape_qc,AutoStrainCap_5708581-3_20260705_151422,endo,12,12,1.0
noapex_shape_qc,AutoStrainCap_5708581-3_20260705_151422,mid,12,12,1.0
noapex_shape_qc,AutoStrainCap_5708581-3_20260705_151631,endo,12,12,1.0
noapex_shape_qc,AutoStrainCap_5708581-3_20260705_151631,mid,12,12,1.0
noapex_shape_qc,AutoStrainCap_5708581-3_20260705_152647,endo,12,11,0.9166666666666666
noapex_shape_qc,AutoStrainCap_5708581-3_20260705_152647,mid,12,11,0.9166666666666666
noapex_shape_qc,AutoStrainCap_5708581-3_20260705_160021,endo,12,12,1.0
noapex_shape_qc,AutoStrainCap_5708581-3_20260705_160021,mid,12,12,1.0
noapex_shape_qc,AutoStrainCap_5744774-0_20260629_140725,endo,12,12,1.0
noapex_shape_qc,AutoStrainCap_5744774-0_20260629_140725,mid,12,10,0.8333333333333334
noapex_shape_qc,AutoStrainCap_5744774-0_20260629_141159,endo,12,12,1.0
noapex_shape_qc,AutoStrainCap_5744774-0_20260629_141159,mid,12,12,1.0
noapex_shape_qc,AutoStrainCap_5744774-0_20260629_141718,endo,12,10,0.8333333333333334
noapex_shape_qc,AutoStrainCap_5744774-0_20260629_141718,mid,12,10,0.8333333333333334
noapex_shape_qc,AutoStrainCap_5744774-0_20260629_141958,endo,12,11,0.9166666666666666
noapex_shape_qc,AutoStrainCap_5744774-0_20260629_141958,mid,12,12,1.0
noapex_shape_qc,AutoStrainCap_5764622-6_20260610_173401,endo,12,11,0.9166666666666666
noapex_shape_qc,AutoStrainCap_5764622-6_20260610_173401,mid,12,11,0.9166666666666666
noapex_shape_qc,AutoStrainCap_5764622-6_20260615_160943,endo,12,10,0.8333333333333334
noapex_shape_qc,AutoStrainCap_5764622-6_20260615_160943,mid,12,8,0.6666666666666666
noapex_shape_qc,AutoStrainCap_5764622-6_20260615_161455,endo,12,11,0.9166666666666666
noapex_shape_qc,AutoStrainCap_5764622-6_20260615_161455,mid,12,10,0.8333333333333334
noapex_shape_qc,AutoStrainCap_5764622-6_20260615_162117,endo,12,10,0.8333333333333334
noapex_shape_qc,AutoStrainCap_5764622-6_20260615_162117,mid,12,10,0.8333333333333334
noapex_shape_qc,AutoStrainCap_5785662-7_20260707_160206,endo,12,12,1.0
noapex_shape_qc,AutoStrainCap_5785662-7_20260707_160206,mid,12,12,1.0
noapex_shape_qc,AutoStrainCap_5785662-7_20260707_160404,endo,12,12,1.0
noapex_shape_qc,AutoStrainCap_5785662-7_20260707_160404,mid,12,11,0.9166666666666666
noapex_shape_qc,AutoStrainCap_5785662-7_20260707_160555,endo,12,12,1.0
noapex_shape_qc,AutoStrainCap_5785662-7_20260707_160555,mid,12,12,1.0
noapex_shape_qc,AutoStrainCap_5785662-7_20260707_160859,endo,12,11,0.9166666666666666
noapex_shape_qc,AutoStrainCap_5785662-7_20260707_160859,mid,12,11,0.9166666666666666
noapex_shape_qc,AutoStrainCap_5797996-5_20260707_133731,endo,12,10,0.8333333333333334
noapex_shape_qc,AutoStrainCap_5797996-5_20260707_133731,mid,12,9,0.75
noapex_shape_qc,AutoStrainCap_5797996-5_20260707_134123,endo,12,11,0.9166666666666666
noapex_shape_qc,AutoStrainCap_5797996-5_20260707_134123,mid,12,10,0.8333333333333334
noapex_shape_qc,AutoStrainCap_5797996-5_20260707_140116,endo,12,10,0.8333333333333334
noapex_shape_qc,AutoStrainCap_5797996-5_20260707_140116,mid,12,10,0.8333333333333334
noapex_shape_qc,AutoStrainCap_5797996-5_20260707_141001,endo,12,10,0.8333333333333334
noapex_shape_qc,AutoStrainCap_5797996-5_20260707_141001,mid,12,10,0.8333333333333334
noapex_shape_qc,AutoStrainCap_5840856-8_20260707_125307,endo,12,11,0.9166666666666666
noapex_shape_qc,AutoStrainCap_5840856-8_20260707_125307,mid,12,10,0.8333333333333334
noapex_shape_qc,AutoStrainCap_5840856-8_20260707_125616,endo,12,12,1.0
noapex_shape_qc,AutoStrainCap_5840856-8_20260707_125616,mid,12,12,1.0
noapex_shape_qc,AutoStrainCap_5840856-8_20260707_125847,endo,12,12,1.0
noapex_shape_qc,AutoStrainCap_5840856-8_20260707_125847,mid,12,11,0.9166666666666666
noapex_shape_qc,AutoStrainCap_5840856-8_20260707_130051,endo,12,11,0.9166666666666666
noapex_shape_qc,AutoStrainCap_5840856-8_20260707_130051,mid,12,11,0.9166666666666666
noapex_shape_qc,AutoStrainCap_5869265-8_20260616_150733,endo,12,10,0.8333333333333334
noapex_shape_qc,AutoStrainCap_5869265-8_20260616_150733,mid,12,10,0.8333333333333334
noapex_shape_qc,AutoStrainCap_5869265-8_20260616_151751,endo,12,12,1.0
noapex_shape_qc,AutoStrainCap_5869265-8_20260616_151751,mid,12,12,1.0
noapex_shape_qc,AutoStrainCap_5869265-8_20260616_152302,endo,12,11,0.9166666666666666
noapex_shape_qc,AutoStrainCap_5869265-8_20260616_152302,mid,12,11,0.9166666666666666
noapex_shape_qc,AutoStrainCap_5881605-9_20260629_110035,endo,12,12,1.0
noapex_shape_qc,AutoStrainCap_5881605-9_20260629_110035,mid,12,12,1.0
noapex_shape_qc,AutoStrainCap_5881605-9_20260629_110415,endo,12,11,0.9166666666666666
noapex_shape_qc,AutoStrainCap_5881605-9_20260629_110415,mid,12,11,0.9166666666666666
noapex_shape_qc,AutoStrainCap_5881605-9_20260629_110641,endo,12,11,0.9166666666666666
noapex_shape_qc,AutoStrainCap_5881605-9_20260629_110641,mid,12,11,0.9166666666666666
noapex_shape_qc,AutoStrainCap_5881605-9_20260629_140359,endo,12,12,1.0
noapex_shape_qc,AutoStrainCap_5881605-9_20260629_140359,mid,12,11,0.9166666666666666
noapex_shape_qc,AutoStrainCap_5906362-8_20260705_162016,endo,12,12,1.0
noapex_shape_qc,AutoStrainCap_5906362-8_20260705_162016,mid,12,11,0.9166666666666666
noapex_shape_qc,AutoStrainCap_5906362-8_20260705_162239,endo,12,11,0.9166666666666666
noapex_shape_qc,AutoStrainCap_5906362-8_20260705_162239,mid,12,11,0.9166666666666666
noapex_shape_qc,AutoStrainCap_5906362-8_20260705_162519,endo,12,12,1.0
noapex_shape_qc,AutoStrainCap_5906362-8_20260705_162519,mid,12,12,1.0
noapex_shape_qc,AutoStrainCap_5906362-8_20260705_162821,endo,12,10,0.8333333333333334
noapex_shape_qc,AutoStrainCap_5906362-8_20260705_162821,mid,12,10,0.8333333333333334
noapex_shape_qc,AutoStrainCap_6077765-3_20260624_180420,endo,12,12,1.0
noapex_shape_qc,AutoStrainCap_6077765-3_20260624_180420,mid,12,12,1.0
noapex_shape_qc,AutoStrainCap_6077765-3_20260624_181031,endo,12,12,1.0
noapex_shape_qc,AutoStrainCap_6077765-3_20260624_181031,mid,12,12,1.0
noapex_shape_qc,AutoStrainCap_6077765-3_20260624_182408,endo,12,12,1.0
noapex_shape_qc,AutoStrainCap_6077765-3_20260624_182408,mid,12,12,1.0
noapex_shape_qc,AutoStrainCap_6077765-3_20260624_184535,endo,12,12,1.0
noapex_shape_qc,AutoStrainCap_6077765-3_20260624_184535,mid,12,12,1.0
noapex_shape_qc,AutoStrainCap_6110768-6_20260615_161241,endo,12,11,0.9166666666666666
noapex_shape_qc,AutoStrainCap_6110768-6_20260615_161241,mid,12,11,0.9166666666666666
noapex_shape_qc,AutoStrainCap_6110768-6_20260615_162810,endo,12,12,1.0
noapex_shape_qc,AutoStrainCap_6110768-6_20260615_162810,mid,12,12,1.0
noapex_shape_qc,AutoStrainCap_6110768-6_20260615_163839,endo,12,12,1.0
noapex_shape_qc,AutoStrainCap_6110768-6_20260615_163839,mid,12,12,1.0
noapex_shape_qc,AutoStrainCap_6110768-6_20260615_164144,endo,12,10,0.8333333333333334
noapex_shape_qc,AutoStrainCap_6110768-6_20260615_164144,mid,12,10,0.8333333333333334
noapex_shape_qc,AutoStrainCap_626485-7_20260615_163256,endo,12,11,0.9166666666666666
noapex_shape_qc,AutoStrainCap_626485-7_20260615_163256,mid,12,10,0.8333333333333334
noapex_shape_qc,AutoStrainCap_626485-7_20260615_164513,endo,12,11,0.9166666666666666
noapex_shape_qc,AutoStrainCap_626485-7_20260615_164513,mid,12,11,0.9166666666666666
noapex_shape_qc,AutoStrainCap_626485-7_20260624_204813,endo,12,10,0.8333333333333334
noapex_shape_qc,AutoStrainCap_626485-7_20260624_204813,mid,12,10,0.8333333333333334
noapex_shape_qc,AutoStrainCap_626485-7_20260624_205622,endo,12,10,0.8333333333333334
noapex_shape_qc,AutoStrainCap_626485-7_20260624_205622,mid,12,7,0.5833333333333334
noapex_shape_qc,AutoStrainCap_638789-8_20260720_145307,endo,12,12,1.0
noapex_shape_qc,AutoStrainCap_638789-8_20260720_145307,mid,12,12,1.0
noapex_shape_qc,AutoStrainCap_638789-8_20260720_145613,endo,12,11,0.9166666666666666
noapex_shape_qc,AutoStrainCap_638789-8_20260720_145613,mid,12,11,0.9166666666666666
noapex_shape_qc,AutoStrainCap_638789-8_20260720_145828,endo,12,12,1.0
noapex_shape_qc,AutoStrainCap_638789-8_20260720_145828,mid,12,12,1.0
noapex_shape_qc,AutoStrainCap_638789-8_20260720_150107,endo,12,11,0.9166666666666666
noapex_shape_qc,AutoStrainCap_638789-8_20260720_150107,mid,12,11,0.9166666666666666
noapex_shape_qc,AutoStrainCap_649889-3_20260703_115748,endo,12,12,1.0
noapex_shape_qc,AutoStrainCap_649889-3_20260703_115748,mid,12,11,0.9166666666666666
noapex_shape_qc,AutoStrainCap_649889-3_20260703_120102,endo,12,10,0.8333333333333334
noapex_shape_qc,AutoStrainCap_649889-3_20260703_120102,mid,12,10,0.8333333333333334
noapex_shape_qc,AutoStrainCap_649889-3_20260703_120626,endo,12,12,1.0
noapex_shape_qc,AutoStrainCap_649889-3_20260703_120626,mid,12,11,0.9166666666666666
noapex_shape_qc,AutoStrainCap_649889-3_20260703_125209,endo,12,10,0.8333333333333334
noapex_shape_qc,AutoStrainCap_649889-3_20260703_125209,mid,12,10,0.8333333333333334
noapex_shape_qc,AutoStrainCap_6536692-4_20260705_181911,endo,12,12,1.0
noapex_shape_qc,AutoStrainCap_6536692-4_20260705_181911,mid,12,12,1.0
noapex_shape_qc,AutoStrainCap_6536692-4_20260705_182328,endo,12,11,0.9166666666666666
noapex_shape_qc,AutoStrainCap_6536692-4_20260705_182328,mid,12,11,0.9166666666666666
noapex_shape_qc,AutoStrainCap_6536692-4_20260705_182706,endo,12,11,0.9166666666666666
noapex_shape_qc,AutoStrainCap_6536692-4_20260705_182706,mid,12,11,0.9166666666666666
noapex_shape_qc,AutoStrainCap_6536692-4_20260705_183048,endo,12,10,0.8333333333333334
noapex_shape_qc,AutoStrainCap_6536692-4_20260705_183048,mid,12,10,0.8333333333333334
noapex_shape_qc,AutoStrainCap_6589305-9_20260707_110949,endo,12,7,0.5833333333333334
noapex_shape_qc,AutoStrainCap_6589305-9_20260707_110949,mid,12,7,0.5833333333333334
noapex_shape_qc,AutoStrainCap_6589305-9_20260707_111256,endo,12,9,0.75
noapex_shape_qc,AutoStrainCap_6589305-9_20260707_111256,mid,12,9,0.75
noapex_shape_qc,AutoStrainCap_6589305-9_20260707_111507,endo,12,11,0.9166666666666666
noapex_shape_qc,AutoStrainCap_6589305-9_20260707_111507,mid,12,9,0.75
noapex_shape_qc,AutoStrainCap_6638188-0_20260624_191922,endo,12,12,1.0
noapex_shape_qc,AutoStrainCap_6638188-0_20260624_191922,mid,12,12,1.0
noapex_shape_qc,AutoStrainCap_6638188-0_20260624_192552,endo,12,12,1.0
noapex_shape_qc,AutoStrainCap_6638188-0_20260624_192552,mid,12,12,1.0
noapex_shape_qc,AutoStrainCap_6638188-0_20260624_193209,endo,12,11,0.9166666666666666
noapex_shape_qc,AutoStrainCap_6638188-0_20260624_193209,mid,12,9,0.75
noapex_shape_qc,AutoStrainCap_6793429-9_20260705_143730,endo,12,12,1.0
noapex_shape_qc,AutoStrainCap_6793429-9_20260705_143730,mid,12,11,0.9166666666666666
noapex_shape_qc,AutoStrainCap_6793429-9_20260705_144140,endo,12,10,0.8333333333333334
noapex_shape_qc,AutoStrainCap_6793429-9_20260705_144140,mid,12,10,0.8333333333333334
noapex_shape_qc,AutoStrainCap_6793429-9_20260705_144435,endo,12,12,1.0
noapex_shape_qc,AutoStrainCap_6793429-9_20260705_144435,mid,12,11,0.9166666666666666
noapex_shape_qc,AutoStrainCap_6793429-9_20260705_145645,endo,12,11,0.9166666666666666
noapex_shape_qc,AutoStrainCap_6793429-9_20260705_145645,mid,12,10,0.8333333333333334
noapex_shape_qc,AutoStrainCap_684885-7_20260703_104400,endo,12,12,1.0
noapex_shape_qc,AutoStrainCap_684885-7_20260703_104400,mid,12,11,0.9166666666666666
noapex_shape_qc,AutoStrainCap_684885-7_20260703_104708,endo,12,10,0.8333333333333334
noapex_shape_qc,AutoStrainCap_684885-7_20260703_104708,mid,12,10,0.8333333333333334
noapex_shape_qc,AutoStrainCap_684885-7_20260703_105013,endo,12,10,0.8333333333333334
noapex_shape_qc,AutoStrainCap_684885-7_20260703_105013,mid,12,10,0.8333333333333334
noapex_shape_qc,AutoStrainCap_684885-7_20260703_123351,endo,12,11,0.9166666666666666
noapex_shape_qc,AutoStrainCap_684885-7_20260703_123351,mid,12,10,0.8333333333333334
noapex_shape_qc,AutoStrainCap_6873663-6_20260625_154033,endo,12,12,1.0
noapex_shape_qc,AutoStrainCap_6873663-6_20260625_154033,mid,12,12,1.0
noapex_shape_qc,AutoStrainCap_6873663-6_20260625_154440,endo,12,12,1.0
noapex_shape_qc,AutoStrainCap_6873663-6_20260625_154440,mid,12,12,1.0
noapex_shape_qc,AutoStrainCap_6873663-6_20260625_155102,endo,12,12,1.0
noapex_shape_qc,AutoStrainCap_6873663-6_20260625_155102,mid,12,12,1.0
noapex_shape_qc,AutoStrainCap_6873663-6_20260625_155424,endo,12,12,1.0
noapex_shape_qc,AutoStrainCap_6873663-6_20260625_155424,mid,12,12,1.0
noapex_shape_qc,AutoStrainCap_6907654-5_20260616_153158,endo,12,12,1.0
noapex_shape_qc,AutoStrainCap_6907654-5_20260616_153158,mid,12,11,0.9166666666666666
noapex_shape_qc,AutoStrainCap_6907654-5_20260624_153703,endo,12,12,1.0
noapex_shape_qc,AutoStrainCap_6907654-5_20260624_153703,mid,12,12,1.0
noapex_shape_qc,AutoStrainCap_6907654-5_20260624_154224,endo,12,12,1.0
noapex_shape_qc,AutoStrainCap_6907654-5_20260624_154224,mid,12,12,1.0
noapex_shape_qc,AutoStrainCap_6907654-5_20260624_154613,endo,12,11,0.9166666666666666
noapex_shape_qc,AutoStrainCap_6907654-5_20260624_154613,mid,12,11,0.9166666666666666
noapex_shape_qc,AutoStrainCap_6973563-7_20260705_174237,endo,12,12,1.0
noapex_shape_qc,AutoStrainCap_6973563-7_20260705_174237,mid,12,12,1.0
noapex_shape_qc,AutoStrainCap_6973563-7_20260705_174455,endo,12,12,1.0
noapex_shape_qc,AutoStrainCap_6973563-7_20260705_174455,mid,12,11,0.9166666666666666
noapex_shape_qc,AutoStrainCap_6973563-7_20260705_175146,endo,12,12,1.0
noapex_shape_qc,AutoStrainCap_6973563-7_20260705_175146,mid,12,12,1.0
noapex_shape_qc,AutoStrainCap_6973563-7_20260705_175447,endo,12,12,1.0
noapex_shape_qc,AutoStrainCap_6973563-7_20260705_175447,mid,12,12,1.0
noapex_shape_qc,AutoStrainCap_716097-1_20260707_161357,endo,12,11,0.9166666666666666
noapex_shape_qc,AutoStrainCap_716097-1_20260707_161357,mid,12,11,0.9166666666666666
noapex_shape_qc,AutoStrainCap_716097-1_20260707_161858,endo,12,12,1.0
noapex_shape_qc,AutoStrainCap_716097-1_20260707_161858,mid,12,10,0.8333333333333334
noapex_shape_qc,AutoStrainCap_716097-1_20260707_162027,endo,12,12,1.0
noapex_shape_qc,AutoStrainCap_716097-1_20260707_162027,mid,12,11,0.9166666666666666
noapex_shape_qc,AutoStrainCap_716097-1_20260707_162203,endo,12,11,0.9166666666666666
noapex_shape_qc,AutoStrainCap_716097-1_20260707_162203,mid,12,10,0.8333333333333334
noapex_shape_qc,AutoStrainCap_723177-2_20260703_101542,endo,12,12,1.0
noapex_shape_qc,AutoStrainCap_723177-2_20260703_101542,mid,12,12,1.0
noapex_shape_qc,AutoStrainCap_723177-2_20260703_102044,endo,12,11,0.9166666666666666
noapex_shape_qc,AutoStrainCap_723177-2_20260703_102044,mid,12,11,0.9166666666666666
noapex_shape_qc,AutoStrainCap_723177-2_20260703_102414,endo,12,12,1.0
noapex_shape_qc,AutoStrainCap_723177-2_20260703_102414,mid,12,12,1.0
noapex_shape_qc,AutoStrainCap_723177-2_20260703_122832,endo,12,7,0.5833333333333334
noapex_shape_qc,AutoStrainCap_723177-2_20260703_122832,mid,12,7,0.5833333333333334
noapex_shape_qc,AutoStrainCap_762552-8_20260616_153832,endo,12,11,0.9166666666666666
noapex_shape_qc,AutoStrainCap_762552-8_20260616_153832,mid,12,11,0.9166666666666666
noapex_shape_qc,AutoStrainCap_762552-8_20260616_154524,endo,12,12,1.0
noapex_shape_qc,AutoStrainCap_762552-8_20260616_154524,mid,12,12,1.0
noapex_shape_qc,AutoStrainCap_762552-8_20260616_155801,endo,12,10,0.8333333333333334
noapex_shape_qc,AutoStrainCap_762552-8_20260616_155801,mid,12,9,0.75
noapex_shape_qc,AutoStrainCap_762552-8_20260616_160429,endo,12,9,0.75
noapex_shape_qc,AutoStrainCap_762552-8_20260616_160429,mid,12,7,0.5833333333333334
