outcome,feature_family,feature,n,partial_spearman_rho,p_value,ci_low,ci_high,fdr_q
final_ef_absolute_decline,transmural,d_tm_sd_gap_dct06,95,0.31192609182530795,0.002089594308065715,0.10041852514276337,0.503915736108302,0.7376267907471974
final_ef_absolute_decline,variability,d_var__mid_impaired_segment_fraction_lt15,95,0.2365481522956327,0.021003494746890616,0.04647818463172251,0.4159546792877862,1.0
final_ef_absolute_decline,transmural,v1_tm_vendor_peak_gap_robust_sd,95,-0.22639977603583425,0.027370679800846176,-0.4067854175799884,-0.015778103635330942,1.0
final_ef_absolute_decline,transmural,v1_tm_mean_gap_dct04,95,-0.22593784994400895,0.027695788434938088,-0.4338746872457999,-0.013776884590688376,1.0
final_ef_absolute_decline,transmural,v1_tm_vendor_ttp_gap_robust_sd,95,0.20634098544232926,0.04483667223905899,-0.012248417394751604,0.3824313159884616,1.0
final_ef_absolute_decline,transmural,v1_tm_ttp_gap_p90_p10,95,0.2007838745800672,0.051055959401601,-0.011425697156564439,0.38552463906120904,1.0
final_ef_absolute_decline,transmural,d_tm_ttp_gap_p90_p10,95,-0.1991741321388578,0.05298480070777502,-0.387701942185963,-0.008006307768507793,1.0
final_ef_absolute_decline,transmural,v2_tm_segment_curve_correlation_median,95,-0.19396696528555432,0.059638311314552966,-0.3759728135355239,-0.019215869650478917,1.0
final_ef_absolute_decline,transmural,v1_tm_sd_gap_dct06,95,-0.19381298992161256,0.05984498395010456,-0.3904027870566118,0.012341399804094402,1.0
final_ef_absolute_decline,transmural,d_tm_curve_abs_area_robust_sd,95,0.19098544232922732,0.06374525639430058,-0.004259771446937093,0.36579802765613145,1.0
final_ef_absolute_decline,variability,d_var__endo_peak_abs_robust_sd,95,0.1909154535274356,0.06384435640684039,-0.005010834408225891,0.3732411615746163,1.0
final_ef_absolute_decline,transmural,d_tm_sd_gap_dct05,95,-0.18884378499440088,0.0668348578307898,-0.38881790178026404,0.044107321496915854,1.0
final_ef_absolute_decline,variability,d_var__mid_within_ring_peak_robust_sd_mean,95,0.18741601343784994,0.06896117094375388,-0.020397660795665656,0.3724365578399024,1.0
final_ef_absolute_decline,variability,v1_var__mid_impaired_segment_fraction_lt15,95,-0.18689809630459128,0.06974586369124458,-0.3735475841390222,0.009446573670220232,1.0
final_ef_absolute_decline,transmural,v1_tm_peak_ratio_p90_p10,95,-0.17964725643896978,0.08150721664492021,-0.39140690546861995,0.04315054241852211,1.0
final_ef_absolute_decline,transmural,d_tm_peak_gap_p90_p10,95,0.17259238521836506,0.09442001618040172,-0.055514484807162465,0.3815871687511207,1.0
final_ef_absolute_decline,transmural,v2_tm_curve_abs_area_median,95,0.17256438969764837,0.09447429502390046,-0.03576103464329636,0.36578089455861634,1.0
final_ef_absolute_decline,transmural,d_tm_consensus_curve_correlation,95,-0.17103863381858903,0.09746988293852614,-0.34882511860034643,0.04804332121617527,1.0
final_ef_absolute_decline,transmural,d_tm_vendor_peak_gap_robust_sd,95,0.1696808510638298,0.10019803033254857,-0.02710463058157324,0.3776239827441236,1.0
final_ef_absolute_decline,transmural,v2_tm_shape_rms_std,95,-0.166461366181411,0.10690618567810393,-0.3480757872583224,0.02619694803278998,1.0
final_ef_absolute_decline,transmural,v2_tm_curve_abs_area_mean,95,0.16543952967525194,0.10910694116782506,,,1.0
final_ef_absolute_decline,variability,d_var__mid_spatial_timing_graph_roughness,95,-0.16472564389697647,0.11066525381643413,,,1.0
final_ef_absolute_decline,transmural,d_tm_vendor_peak_gap_p90_p10,95,0.1633818589025756,0.11364539270745148,,,1.0
final_ef_absolute_decline,transmural,v1_tm_peak_ratio_std,95,-0.16167413213885778,0.11752192713120238,,,1.0
final_ef_absolute_decline,transmural,d_tm_sd_gap_dct04,95,-0.16140817469204927,0.11813472955300502,,,1.0
final_ef_absolute_decline,transmural,v2_tm_mean_shape_gap_dct04,95,-0.1613241881298992,0.11832875751082693,,,1.0
final_ef_absolute_decline,variability,v1_var__endo_curve_pairwise_rmse,95,0.16068029115341545,0.11982448346907706,,,1.0
final_ef_absolute_decline,transmural,v2_tm_shape_rms_median,95,0.16009238521836508,0.12120283009362516,,,1.0
final_ef_absolute_decline,transmural,v2_tm_segment_curve_correlation_robust_sd,95,0.1595464725643897,0.12249361854353413,,,1.0
final_ef_absolute_decline,variability,d_var__endo_within_view_peak_robust_sd_mean,95,0.15863661814109742,0.12466838005009141,,,1.0
final_ef_absolute_decline,variability,d_var__endo_spatial_timing_graph_roughness,95,-0.1573908174692049,0.12769402367870805,,,1.0
final_ef_absolute_decline,transmural,v1_tm_vendor_peak_gap_p90_p10,95,-0.15442329227323628,0.13512723561828638,,,1.0
final_ef_absolute_decline,transmural,d_tm_mean_shape_gap_dct03,95,-0.1529255319148936,0.1390016323853854,,,1.0
final_ef_absolute_decline,transmural,v2_tm_curve_rms_mean,95,0.1500279955207167,0.1467350097385098,,,1.0
final_ef_absolute_decline,transmural,d_tm_mean_gap_dct03,95,-0.14972004479283316,0.1475755761584838,,,1.0
final_ef_absolute_decline,variability,v1_var__mid_shape_incoherence,95,0.1495380739081747,0.1480739733743353,,,1.0
final_ef_absolute_decline,transmural,d_tm_mean_gap_dct05,95,0.14771836506159017,0.15312772604230915,,,1.0
final_ef_absolute_decline,transmural,v2_tm_consensus_curve_correlation,95,-0.14692049272116461,0.1553838663660708,,,1.0
final_ef_absolute_decline,variability,v1_var__endo_curve_dispersion_rms,95,0.14666853303471444,0.1561014639362881,,,1.0
final_ef_absolute_decline,transmural,v1_tm_vendor_ttp_gap_iqr,95,0.14545072788353863,0.15960475186211143,,,1.0
final_ef_absolute_decline,transmural,d_tm_vendor_ttp_gap_robust_sd,95,-0.14503079507278835,0.1608262463352186,,,1.0
final_ef_absolute_decline,transmural,v2_tm_mean_gap_dct05,95,0.14487681970884658,0.16127586422914106,,,1.0
final_ef_absolute_decline,variability,d_var__endo_vendor_time_to_peak_norm_circular_std,95,-0.14367301231802912,0.1648232990102645,,,1.0
final_ef_absolute_decline,transmural,v2_tm_sd_gap_dct05,95,-0.14266517357222844,0.16783742449439448,,,1.0
final_ef_absolute_decline,variability,d_var__mid_within_view_peak_robust_sd_mean,95,0.1412374020156775,0.17217686702959795,,,1.0
final_ef_absolute_decline,variability,v1_var__mid_shape_pairwise_rmse,95,0.1370380739081747,0.1854177578697372,,,1.0
final_ef_absolute_decline,transmural,v2_tm_segment_curve_correlation_std,95,-0.1363801791713326,0.1875575254899252,,,1.0
final_ef_absolute_decline,transmural,d_tm_shape_rms_std,95,-0.13423852183650617,0.1946472708066882,,,1.0
final_ef_absolute_decline,variability,v2_var__endo_curve_integrated_robust_mad,95,0.13412653975363942,0.19502322567236827,,,1.0
final_ef_absolute_decline,transmural,v1_tm_mean_gap_dct02,95,0.13362262038073908,0.19672150648650827,,,1.0
final_ef_absolute_decline,transmural,v2_tm_ttp_gap_iqr,95,0.13355263157894737,0.19695821886060527,,,1.0
final_ef_absolute_decline,variability,v1_var__mid_curve_dispersion_rms,95,0.13285274356103025,0.1993366335062399,,,1.0
final_ef_absolute_decline,variability,v2_var__endo_within_view_peak_robust_sd_mean,95,0.13180291153415452,0.20294285302657217,,,1.0
final_ef_absolute_decline,transmural,v1_tm_sd_gap_dct04,95,0.13141097424412096,0.20430108632123975,,,1.0
final_ef_absolute_decline,transmural,d_tm_curve_rms_robust_sd,95,0.12935330347144458,0.21153859140951542,,,1.0
final_ef_absolute_decline,transmural,v1_tm_curve_rms_mean,95,0.1289333706606943,0.21303776153035817,,,1.0
final_ef_absolute_decline,transmural,v1_tm_peak_gap_p90_p10,95,-0.12698768197088464,0.2200823817059856,,,1.0
final_ef_absolute_decline,transmural,v1_tm_fraction_ttp_discordant_gt_5pct_cycle,95,0.12600783874580068,0.22369161193662518,,,1.0
final_ef_absolute_decline,transmural,d_tm_segment_curve_correlation_median,95,-0.125531914893617,0.22545961088487512,,,1.0
final_ef_absolute_decline,transmural,d_tm_curve_abs_area_p90_p10,95,0.12527995520716687,0.2263995739394773,,,1.0
final_ef_absolute_decline,transmural,v1_tm_curve_abs_area_mean,95,0.12526595744680852,0.2264518746344406,,,1.0
final_ef_absolute_decline,variability,v1_var__endo_spatial_timing_graph_roughness,95,0.12439809630459127,0.22971109281086483,,,1.0
final_ef_absolute_decline,transmural,d_tm_curve_rms_p90_p10,95,0.12372620380739081,0.23225680188849704,,,1.0
final_ef_absolute_decline,transmural,v1_tm_peak_gap_robust_sd,95,-0.12347424412094066,0.2332165021478199,,,1.0
final_ef_absolute_decline,transmural,v1_tm_mean_gap_dct01,95,-0.12301231802911533,0.23498313027621398,,,1.0
final_ef_absolute_decline,variability,v1_var__mid_shape_dispersion_rms,95,0.1228303471444569,0.2356816273448692,,,1.0
final_ef_absolute_decline,variability,d_var__mid_shape_incoherence,95,-0.12262038073908176,0.23648937985772173,,,1.0
final_ef_absolute_decline,transmural,v2_tm_mean_gap_dct01,95,-0.12189249720044791,0.23930448941693286,,,1.0
final_ef_absolute_decline,transmural,v1_tm_ttp_layer_correlation,95,0.1205347144456887,0.24461769963164637,,,1.0
final_ef_absolute_decline,transmural,v1_tm_vendor_ttp_gap_p90_p10,95,0.12003079507278837,0.24661018295039494,,,1.0
final_ef_absolute_decline,variability,v1_var__endo_shape_incoherence,95,0.11989081746920492,0.24716563022265303,,,1.0
final_ef_absolute_decline,variability,v1_var__mid_curve_pairwise_rmse,95,0.11795912653975364,0.2549188847721568,,,1.0
final_ef_absolute_decline,variability,v1_var__endo_peak_abs_robust_sd,95,-0.11752519596864501,0.25668319576562154,,,1.0
final_ef_absolute_decline,transmural,d_tm_curve_abs_area_mean,95,0.11720324748040313,0.2579975779953324,,,1.0
final_ef_absolute_decline,variability,v1_var__endo_vendor_time_to_peak_norm_circular_std,95,0.11654535274356102,0.2606977475679509,,,1.0
final_ef_absolute_decline,transmural,v1_tm_shape_rms_robust_sd,95,0.1148236282194849,0.2678549254224766,,,1.0
final_ef_absolute_decline,transmural,v2_tm_curve_rms_median,95,0.11444568868980963,0.26944362467864685,,,1.0
final_ef_absolute_decline,transmural,v1_tm_shape_rms_median,95,0.11368980963045912,0.27264007353162883,,,1.0
final_ef_absolute_decline,variability,d_var__endo_within_ring_peak_robust_sd_mean,95,0.1135778275475924,0.2731157831412061,,,1.0
final_ef_absolute_decline,variability,v1_var__mid_spatial_timing_graph_roughness,95,0.11107222844344905,0.2839058903454521,,,1.0
final_ef_absolute_decline,variability,d_var__endo_time_to_peak_norm_circular_std,95,-0.11084826427771557,0.28488400324506596,,,1.0
final_ef_absolute_decline,variability,v2_var__endo_vendor_peak_systolic_abs_robust_sd,95,0.11041433370660694,0.2867854711370418,,,1.0
final_ef_absolute_decline,transmural,d_tm_mean_gap_dct04,95,0.10936450167973125,0.2914205943866888,,,1.0
final_ef_absolute_decline,transmural,v2_tm_mean_gap_dct03,95,-0.10755879059350504,0.2995082867577464,,,1.0
final_ef_absolute_decline,variability,v1_var__endo_time_to_peak_norm_circular_std,95,0.10719484882418813,0.30115602914416445,,,1.0
final_ef_absolute_decline,variability,v1_var__endo_impaired_segment_fraction_lt15,95,-0.10540313549832027,0.3093544365790499,,,1.0
final_ef_absolute_decline,transmural,v2_tm_curve_abs_area_p90_p10,95,0.10467525195968644,0.3127260926084916,,,1.0
final_ef_absolute_decline,transmural,d_tm_ttp_layer_correlation,95,-0.10270156774916013,0.3219878103486737,,,1.0
final_ef_absolute_decline,variability,v1_var__mid_within_ring_peak_robust_sd_mean,95,-0.10229563269876821,0.32391431644496316,,,1.0
final_ef_absolute_decline,variability,v1_var__mid_time_to_peak_norm_circular_std,95,0.10179171332586785,0.32631609551474383,,,1.0
final_ef_absolute_decline,variability,d_var__endo_shape_incoherence,95,-0.10025195968645018,0.33372520360782043,,,1.0
final_ef_absolute_decline,transmural,v1_tm_mean_shape_gap_dct03,95,0.09945408734602465,0.337606126770846,,,1.0
final_ef_absolute_decline,transmural,v1_tm_curve_abs_area_robust_sd,95,-0.09913213885778276,0.3391801587196688,,,1.0
final_ef_absolute_decline,variability,v1_var__mid_within_view_peak_robust_sd_mean,95,-0.09858622620380739,0.3418597354775713,,,1.0
final_ef_absolute_decline,transmural,v1_tm_mean_shape_gap_dct07,95,-0.09836226203807391,0.3429628926871263,,,1.0
final_ef_absolute_decline,transmural,d_tm_segment_curve_correlation_robust_sd,95,0.09603863381858903,0.35453991961594766,,,1.0
final_ef_absolute_decline,variability,d_var__endo_vendor_peak_systolic_abs_robust_sd,95,0.09591265397536396,0.35517444969463774,,,1.0
final_ef_absolute_decline,variability,v1_var__mid_curve_integrated_robust_mad,95,0.09518477043673013,0.35885441405964735,,,1.0
final_ef_absolute_decline,transmural,v1_tm_mean_shape_gap_dct06,95,-0.09497480403135498,0.3599203086524687,,,1.0
final_ef_absolute_decline,transmural,d_tm_ttp_gap_std,95,0.09178331466965285,0.3763619238660256,,,1.0
final_ef_absolute_decline,transmural,d_tm_curve_abs_area_median,95,0.09155935050391936,0.3775325865836213,,,1.0
final_ef_absolute_decline,variability,d_var__endo_shape_pairwise_rmse,95,-0.09148936170212765,0.377898870953864,,,1.0
final_ef_absolute_decline,transmural,v2_tm_segment_curve_correlation_mean,95,0.09111142217245242,0.37988052583127285,,,1.0
final_ef_absolute_decline,transmural,d_tm_vendor_peak_gap_iqr,95,0.09098544232922733,0.3805424714496807,,,1.0
final_ef_absolute_decline,variability,v2_var__endo_curve_dispersion_rms,95,0.08990761478163495,0.3862342320000772,,,1.0
final_ef_absolute_decline,variability,v2_var__mid_within_view_peak_robust_sd_mean,95,0.08922172452407616,0.38988273530655637,,,1.0
final_ef_absolute_decline,variability,v2_var__endo_peak_abs_robust_sd,95,0.08854983202687569,0.39347669379070016,,,1.0
final_ef_absolute_decline,transmural,d_tm_mean_gap_dct07,95,0.08835386338185891,0.3945286380068874,,,1.0
final_ef_absolute_decline,transmural,d_tm_vendor_peak_gap_median,95,0.0882278835386338,0.39520577076376684,,,1.0
final_ef_absolute_decline,transmural,v1_tm_curve_abs_area_median,95,0.08807390817469204,0.39603431531165456,,,1.0
final_ef_absolute_decline,transmural,v2_tm_curve_abs_area_robust_sd,95,0.08804591265397536,0.3961850705720976,,,1.0
final_ef_absolute_decline,variability,v1_var__mid_vendor_time_to_peak_norm_circular_std,95,0.08758398656215007,0.398677450652967,,,1.0
final_ef_absolute_decline,transmural,v2_tm_peak_ratio_iqr,95,-0.08632418812989921,0.40552189147278395,,,1.0
final_ef_absolute_decline,variability,v1_var__endo_shape_dispersion_rms,95,0.0855963045912654,0.4095077395842648,,,1.0
final_ef_absolute_decline,variability,v2_var__mid_impaired_segment_fraction_lt15,95,0.08558230683090706,0.40958461446677796,,,1.0
final_ef_absolute_decline,transmural,d_tm_segment_curve_correlation_std,95,-0.08521836506159017,0.41158632343040824,,,1.0
final_ef_absolute_decline,transmural,v2_tm_curve_rms_p90_p10,95,0.08478443449048154,0.4139804238834992,,,1.0
final_ef_absolute_decline,transmural,v2_tm_mean_shape_gap_dct06,95,-0.08442049272116461,0.41599461534014603,,,1.0
final_ef_absolute_decline,transmural,v2_tm_peak_gap_robust_sd,95,-0.0843505039193729,0.41638261129420306,,,1.0
final_ef_absolute_decline,transmural,d_tm_vendor_ttp_gap_std,95,0.08423852183650617,0.41700384157838255,,,1.0
final_ef_absolute_decline,variability,v1_var__endo_shape_pairwise_rmse,95,0.08359462486002239,0.420586335046786,,,1.0
final_ef_absolute_decline,variability,d_var__mid_shape_pairwise_rmse,95,-0.08331466965285554,0.4221494693328586,,,1.0
final_ef_absolute_decline,variability,v1_var__endo_curve_integrated_robust_mad,95,0.0832306830907055,0.4226190619979592,,,1.0
final_ef_absolute_decline,transmural,v1_tm_vendor_ttp_gap_mean,95,0.08321668533034714,0.42269735669886865,,,1.0
final_ef_absolute_decline,transmural,v1_tm_mean_shape_gap_dct01,95,-0.08314669652855543,0.4230889555573989,,,1.0
final_ef_absolute_decline,variability,v2_var__mid_within_ring_peak_robust_sd_mean,95,0.08292273236282195,0.42434347520953686,,,1.0
final_ef_absolute_decline,transmural,d_tm_mean_gap_dct08,95,0.08278275475923853,0.42512863515960053,,,1.0
final_ef_absolute_decline,variability,v2_var__endo_curve_pairwise_rmse,95,0.08271276595744681,0.4255215279538792,,,1.0
final_ef_absolute_decline,variability,v1_var__mid_spatial_peak_graph_roughness,95,-0.08131298992161254,0.43342306723916424,,,1.0
final_ef_absolute_decline,transmural,v2_tm_sd_gap_dct02,95,-0.08121500559910415,0.4339792831897523,,,1.0
final_ef_absolute_decline,transmural,v1_tm_mean_gap_dct03,95,0.0812010078387458,0.4340587757270593,,,1.0
final_ef_absolute_decline,transmural,d_tm_shape_rms_median,95,0.08047312430011198,0.43820377985943426,,,1.0
final_ef_absolute_decline,transmural,v2_tm_mean_gap_dct04,95,-0.0798572228443449,0.44172851059861473,,,1.0
final_ef_absolute_decline,transmural,v1_tm_segment_curve_correlation_p90_p10,95,-0.07981522956326988,0.4419694132162759,,,1.0
final_ef_absolute_decline,transmural,d_tm_ttp_gap_iqr,95,-0.07961926091825308,0.44309460306294535,,,1.0
final_ef_absolute_decline,variability,v1_var__endo_within_view_peak_robust_sd_mean,95,-0.07921332586786115,0.44543046979096523,,,1.0
final_ef_absolute_decline,transmural,v1_tm_curve_rms_median,95,0.07855543113101904,0.4492308065839945,,,1.0
final_ef_absolute_decline,transmural,d_tm_vendor_ttp_gap_iqr,95,-0.07767357222844345,0.4543531389658769,,,1.0
final_ef_absolute_decline,transmural,v1_tm_mean_gap_dct05,95,0.07695968645016799,0.45852339803710673,,,1.0
final_ef_absolute_decline,variability,d_var__mid_spatial_peak_graph_roughness,95,0.07695968645016799,0.45852339803710673,,,1.0
final_ef_absolute_decline,transmural,v2_tm_mean_shape_gap_dct01,95,0.0749020156774916,0.47066087549712854,,,1.0
final_ef_absolute_decline,transmural,v1_tm_ttp_gap_iqr,95,0.07473404255319148,0.47165933303067364,,,1.0
final_ef_absolute_decline,transmural,v1_tm_mean_shape_gap_dct02,95,0.07459406494960806,0.472492257710425,,,1.0
final_ef_absolute_decline,transmural,d_tm_mean_gap_dct01,95,-0.0742721164613662,0.4744110049447333,,,1.0
final_ef_absolute_decline,variability,d_var__mid_time_to_peak_norm_circular_std,95,-0.07378219484882419,0.4773388987588002,,,1.0
final_ef_absolute_decline,transmural,v1_tm_mean_shape_gap_dct04,95,-0.07371220604703248,0.4777579618957023,,,1.0
final_ef_absolute_decline,variability,v2_var__mid_curve_dispersion_rms,95,0.07316629339305711,0.4810334373687316,,,1.0
final_ef_absolute_decline,transmural,d_tm_peak_ratio_p90_p10,95,0.07302631578947369,0.4818752363094402,,,1.0
final_ef_absolute_decline,transmural,v2_tm_vendor_peak_gap_mean,95,0.07291433370660695,0.4825492425814021,,,1.0
final_ef_absolute_decline,transmural,d_tm_mean_shape_gap_dct04,95,-0.07259238521836506,0.48448981478389697,,,1.0
final_ef_absolute_decline,transmural,d_tm_vendor_ttp_gap_mean,95,-0.07231243001119822,0.4861806453551204,,,1.0
final_ef_absolute_decline,transmural,v2_tm_vendor_ttp_gap_p90_p10,95,0.07197648376259799,0.4882137785687689,,,1.0
final_ef_absolute_decline,transmural,v1_tm_vendor_peak_gap_std,95,-0.07193449048152295,0.48846823699713526,,,1.0
final_ef_absolute_decline,transmural,v1_tm_fraction_endo_peak_gt_mid,95,0.07038073908174693,0.49793244668833114,,,1.0
final_ef_absolute_decline,transmural,v2_tm_sd_gap_dct01,95,0.07012877939529674,0.4994761775704105,,,1.0
final_ef_absolute_decline,transmural,v2_tm_curve_abs_area_std,95,0.06987681970884659,0.5010224049561475,,,1.0
final_ef_absolute_decline,transmural,v2_tm_sd_gap_dct07,95,-0.06951287793952966,0.503260241692206,,,1.0
final_ef_absolute_decline,transmural,d_tm_sd_gap_dct02,95,0.06800111982082867,0.5126111744307296,,,1.0
final_ef_absolute_decline,transmural,v2_tm_shape_rms_robust_sd,95,0.06788913773796193,0.5133073627380662,,,1.0
final_ef_absolute_decline,transmural,v2_tm_segment_curve_correlation_p90_p10,95,-0.06780515117581187,0.5138298216402746,,,1.0
final_ef_absolute_decline,transmural,v2_tm_peak_gap_iqr,95,-0.06703527435610303,0.5186316806361106,,,1.0
final_ef_absolute_decline,transmural,v2_tm_mean_gap_dct06,95,-0.06681131019036954,0.5200328556143218,,,1.0
final_ef_absolute_decline,transmural,d_tm_ttp_gap_mean,95,-0.06627939529675252,0.5233683252277173,,,1.0
final_ef_absolute_decline,transmural,v1_tm_curve_rms_robust_sd,95,-0.06563549832026877,0.5274203975910785,,,1.0
final_ef_absolute_decline,transmural,v2_tm_peak_ratio_mean,95,-0.06500559910414334,0.53139955590302,,,1.0
final_ef_absolute_decline,variability,v2_var__mid_spatial_timing_graph_roughness,95,-0.06476763717805151,0.5329066806647089,,,1.0
final_ef_absolute_decline,transmural,v2_tm_mean_gap_dct07,95,0.0642077267637178,0.5364612269103076,,,1.0
final_ef_absolute_decline,transmural,d_tm_mean_shape_gap_dct08,95,0.06329787234042554,0.5422622811984636,,,1.0
final_ef_absolute_decline,transmural,v1_tm_peak_ratio_mean,95,-0.06194008958566629,0.5509760668374215,,,1.0
final_ef_absolute_decline,transmural,v2_tm_peak_ratio_std,95,-0.061030235162374026,0.5568528657915548,,,1.0
final_ef_absolute_decline,variability,d_var__mid_vendor_time_to_peak_norm_circular_std,95,-0.06016237402015677,0.5624862778287756,,,1.0
final_ef_absolute_decline,variability,v2_var__mid_post_systolic_fraction,95,-0.059938409854423294,0.5639444433153096,,,1.0
final_ef_absolute_decline,transmural,d_tm_sd_gap_dct07,95,-0.059336506159014556,0.5678721139985607,,,1.0
final_ef_absolute_decline,transmural,v2_tm_shape_rms_mean,95,-0.05922452407614782,0.5686042617566711,,,1.0
final_ef_absolute_decline,transmural,d_tm_peak_gap_std,95,0.058832586786114215,0.5711702681202735,,,1.0
final_ef_absolute_decline,transmural,v2_tm_ttp_gap_p90_p10,95,-0.058440649496080625,0.5737416832263503,,,1.0
final_ef_absolute_decline,transmural,v2_tm_peak_gap_median,95,-0.05730683090705487,0.5812106446058656,,,1.0
final_ef_absolute_decline,transmural,d_tm_vendor_ttp_gap_p90_p10,95,-0.05685890257558791,0.5841736259784983,,,1.0
final_ef_absolute_decline,transmural,v2_tm_vendor_peak_gap_iqr,95,0.05648096304591266,0.5866790081312337,,,1.0
final_ef_absolute_decline,variability,v1_var__endo_post_systolic_fraction,95,-0.05621500559910414,0.588444985789458,,,1.0
final_ef_absolute_decline,transmural,v1_tm_vendor_peak_gap_median,95,-0.05572508398656215,0.591704410230921,,,1.0
final_ef_absolute_decline,transmural,v1_tm_segment_curve_correlation_median,95,-0.05547312430011198,0.5933838558112761,,,1.0
final_ef_absolute_decline,transmural,v1_tm_ttp_gap_mean,95,0.0551511758118701,0.5955329332324946,,,1.0
final_ef_absolute_decline,variability,d_var__endo_impaired_segment_fraction_lt15,95,0.05491321388577827,0.5971236230264287,,,1.0
final_ef_absolute_decline,transmural,v2_tm_sd_gap_dct06,95,0.054871220604703244,0.5974045302243995,,,1.0
final_ef_absolute_decline,transmural,v2_tm_shape_rms_p90_p10,95,-0.05457726763717806,0.5993725331615143,,,1.0
final_ef_absolute_decline,variability,d_var__endo_shape_dispersion_rms,95,-0.05452127659574468,0.5997477181779174,,,1.0
final_ef_absolute_decline,transmural,v1_tm_sd_gap_dct02,95,-0.054493281075027995,0.5999353498973707,,,1.0
final_ef_absolute_decline,transmural,d_tm_mean_shape_gap_dct01,95,0.05412933930571109,0.602376936273007,,,1.0
final_ef_absolute_decline,variability,v1_var__endo_within_ring_peak_robust_sd_mean,95,-0.0537094064949608,0.6051996097086949,,,1.0
final_ef_absolute_decline,transmural,v2_tm_mean_gap_dct08,95,0.05335946248600224,0.6075562818758977,,,1.0
final_ef_absolute_decline,variability,v2_var__mid_curve_pairwise_rmse,95,0.052169652855543105,0.6155989139070961,,,1.0
final_ef_absolute_decline,transmural,d_tm_curve_abs_area_std,95,0.052085666293393056,0.6161683644606109,,,1.0
final_ef_absolute_decline,transmural,v1_tm_mean_gap_dct06,95,-0.05179171332586787,0.6181632299409897,,,1.0
final_ef_absolute_decline,variability,d_var__mid_shape_dispersion_rms,95,-0.0517077267637178,0.6187337013701864,,,1.0
final_ef_absolute_decline,transmural,v2_tm_curve_rms_robust_sd,95,0.05159574468085106,0.6194946815960793,,,1.0
final_ef_absolute_decline,transmural,v1_tm_vendor_peak_gap_iqr,95,-0.05026595744680851,0.6285618128489252,,,1.0
final_ef_absolute_decline,transmural,d_tm_shape_rms_mean,95,-0.04959406494960806,0.6331642621171739,,,1.0
final_ef_absolute_decline,transmural,v1_tm_consensus_curve_correlation,95,0.049384098544232924,0.6346054079589241,,,1.0
final_ef_absolute_decline,transmural,d_tm_peak_gap_robust_sd,95,0.0493421052631579,0.6348938009289687,,,1.0
final_ef_absolute_decline,transmural,v2_tm_mean_shape_gap_dct02,95,0.0493421052631579,0.6348938009289687,,,1.0
final_ef_absolute_decline,transmural,d_tm_peak_ratio_iqr,95,-0.04911814109742442,0.6364328165954987,,,1.0
final_ef_absolute_decline,transmural,d_tm_peak_layer_correlation,95,-0.048726203807390824,0.6391298087070352,,,1.0
final_ef_absolute_decline,variability,d_var__endo_curve_integrated_robust_mad,95,0.04865621500559911,0.6396119101216693,,,1.0
final_ef_absolute_decline,variability,d_var__mid_peak_abs_cv,95,0.04746640537513998,0.6478304106608213,,,1.0
final_ef_absolute_decline,transmural,v2_tm_mean_gap_dct02,95,0.04727043673012318,0.6491881396335374,,,1.0
final_ef_absolute_decline,transmural,d_tm_shape_rms_p90_p10,95,-0.04713045912653976,0.6501586488690263,,,1.0
final_ef_absolute_decline,transmural,v1_tm_segment_curve_correlation_robust_sd,95,0.047060470324748034,0.650644122616505,,,1.0
final_ef_absolute_decline,transmural,v2_tm_curve_rms_std,95,0.04687849944008958,0.6519070365246287,,,1.0
final_ef_absolute_decline,transmural,v1_tm_mean_gap_dct08,95,-0.04647256438969765,0.6547278434464356,,,1.0
final_ef_absolute_decline,variability,v2_var__endo_vendor_time_to_peak_norm_circular_std,95,-0.04624860022396417,0.6562862320598248,,,1.0
final_ef_absolute_decline,transmural,v2_tm_shape_rms_iqr,95,-0.046010638297872344,0.6579436335270541,,,1.0
final_ef_absolute_decline,transmural,d_tm_peak_gap_median,95,0.04532474804031355,0.6627300887663129,,,1.0
final_ef_absolute_decline,transmural,v2_tm_mean_shape_gap_dct05,95,0.0452407614781635,0.6633171224834091,,,1.0
final_ef_absolute_decline,transmural,v1_tm_peak_gap_std,95,-0.044820828667413215,0.6662553362945101,,,1.0
final_ef_absolute_decline,transmural,d_tm_mean_gap_dct02,95,-0.044274916013437846,0.6700825536427903,,,1.0
final_ef_absolute_decline,transmural,d_tm_vendor_peak_gap_std,95,0.044260918253079505,0.6701807988167904,,,1.0
final_ef_absolute_decline,transmural,v1_tm_curve_rms_p90_p10,95,-0.04354703247480403,0.6751986299421104,,,1.0
final_ef_absolute_decline,transmural,v1_tm_vendor_ttp_gap_std,95,-0.04312709966405375,0.6781569607891049,,,1.0
final_ef_absolute_decline,transmural,d_tm_segment_curve_correlation_mean,95,0.04280515117581187,0.6804283272025826,,,1.0
final_ef_absolute_decline,transmural,v2_tm_vendor_ttp_gap_iqr,95,0.041573348264277714,0.6891449790297883,,,1.0
final_ef_absolute_decline,transmural,v1_tm_peak_ratio_iqr,95,-0.04111142217245241,0.6924242935152531,,,1.0
final_ef_absolute_decline,transmural,d_tm_curve_rms_mean,95,0.040299552071668535,0.6982016722125297,,,1.0
final_ef_absolute_decline,transmural,v2_tm_vendor_ttp_gap_robust_sd,95,0.04010358342665173,0.6995988083141027,,,1.0
final_ef_absolute_decline,transmural,v2_tm_peak_gap_mean,95,-0.04006159014557671,0.699898325017619,,,1.0
final_ef_absolute_decline,transmural,v1_tm_peak_gap_iqr,95,-0.03950167973124301,0.7038962537457742,,,1.0
final_ef_absolute_decline,variability,v1_var__mid_peak_abs_cv,95,-0.039431690929451285,0.7043965640846668,,,1.0
final_ef_absolute_decline,transmural,d_tm_segment_curve_correlation_p90_p10,95,0.03927771556550952,0.705497689583815,,,1.0
final_ef_absolute_decline,transmural,v2_tm_vendor_ttp_gap_median,95,-0.03922172452407615,0.7058982494868014,,,1.0
final_ef_absolute_decline,transmural,d_tm_sd_gap_dct01,95,0.0386478163493841,0.7100085937845363,,,1.0
final_ef_absolute_decline,transmural,v1_tm_shape_rms_p90_p10,95,0.038451847704367305,0.711414036247372,,,1.0
final_ef_absolute_decline,transmural,v2_tm_fraction_endo_peak_gt_mid,95,0.037891937290033595,0.7154348916181116,,,1.0
final_ef_absolute_decline,transmural,v2_tm_sd_gap_dct08,95,0.0377939529675252,0.7161393441881092,,,1.0
final_ef_absolute_decline,transmural,v2_tm_peak_ratio_p90_p10,95,-0.037653975363941765,0.7171461173357724,,,1.0
final_ef_absolute_decline,transmural,d_tm_mean_shape_gap_dct02,95,0.037276035834266516,0.7198668163912603,,,1.0
final_ef_absolute_decline,transmural,v1_tm_peak_gap_median,95,-0.03723404255319149,0.720169332599452,,,1.0
final_ef_absolute_decline,transmural,v1_tm_shape_rms_mean,95,0.037192049272116466,0.7204718919142159,,,1.0
final_ef_absolute_decline,transmural,v2_tm_vendor_ttp_gap_mean,95,-0.03709406494960807,0.7211780310458928,,,1.0
final_ef_absolute_decline,transmural,v2_tm_mean_shape_gap_dct03,95,-0.03589025755879059,0.7298723782078971,,,1.0
final_ef_absolute_decline,transmural,v1_tm_ttp_gap_std,95,-0.03582026875699888,0.7303789282325064,,,1.0
final_ef_absolute_decline,transmural,v1_tm_vendor_ttp_gap_median,95,-0.03507838745800672,0.7357554338106993,,,1.0
final_ef_absolute_decline,variability,v2_var__endo_shape_incoherence,95,0.03481243001119821,0.7376859807677242,,,1.0
final_ef_absolute_decline,variability,v1_var__mid_post_systolic_fraction,95,-0.033902575587905937,0.74430273624378,,,1.0
final_ef_absolute_decline,transmural,d_tm_sd_gap_dct08,95,0.03383258678611422,0.7448124944277116,,,1.0
final_ef_absolute_decline,variability,v2_var__mid_curve_integrated_robust_mad,95,0.03376259798432251,0.7453223625916112,,,1.0
final_ef_absolute_decline,variability,d_var__endo_curve_pairwise_rmse,95,-0.03373460246360582,0.7455263406057859,,,1.0
final_ef_absolute_decline,transmural,v1_tm_segment_curve_correlation_iqr,95,0.03262877939529675,0.7535973760691247,,,1.0
final_ef_absolute_decline,variability,d_var__endo_curve_dispersion_rms,95,-0.032474804031354984,0.7547233172552529,,,1.0
final_ef_absolute_decline,variability,v1_var__endo_apical_basal_peak_gradient,95,-0.03232082866741322,0.7558497714350125,,,1.0
final_ef_absolute_decline,transmural,v2_tm_mean_shape_gap_dct07,95,-0.031816909294512884,0.7595399083442546,,,1.0
final_ef_absolute_decline,variability,v2_var__endo_spatial_peak_graph_roughness,95,0.03174692049272116,0.7600528556819579,,,1.0
final_ef_absolute_decline,transmural,d_tm_mean_shape_gap_dct07,95,0.03166293393057111,0.7606685295255207,,,1.0
final_ef_absolute_decline,variability,d_var__endo_spatial_peak_graph_roughness,95,0.03128499440089586,0.7634409024229789,,,1.0
final_ef_absolute_decline,transmural,d_tm_fraction_ttp_discordant_gt_5pct_cycle,95,-0.0308090705487122,0.7669362843406076,,,1.0
final_ef_absolute_decline,variability,v2_var__endo_within_ring_peak_robust_sd_mean,95,0.03009518477043673,0.7721880955534308,,,1.0
final_ef_absolute_decline,transmural,v1_tm_peak_gap_mean,95,0.02872340425531915,0.7823084930964015,,,1.0
final_ef_absolute_decline,transmural,d_tm_mean_shape_gap_dct05,95,0.028219484882418815,0.7860354127808246,,,1.0
final_ef_absolute_decline,variability,v2_var__mid_vendor_time_to_peak_norm_circular_std,95,0.027757558790593505,0.7894560006160658,,,1.0
final_ef_absolute_decline,transmural,v1_tm_peak_layer_correlation,95,0.026833706606942887,0.7963091038354715,,,1.0
final_ef_absolute_decline,transmural,d_tm_curve_rms_std,95,0.026553751399776036,0.7983888825806624,,,1.0
final_ef_absolute_decline,variability,v1_var__endo_vendor_peak_systolic_abs_robust_sd,95,-0.026077827547592386,0.8019277312670985,,,1.0
final_ef_absolute_decline,transmural,v1_tm_peak_ratio_robust_sd,95,-0.024846024636058228,0.811105517922476,,,1.0
final_ef_absolute_decline,transmural,v1_tm_curve_rms_iqr,95,0.024776035834266515,0.8116277633618747,,,1.0
final_ef_absolute_decline,transmural,v2_tm_sd_gap_dct03,95,0.024776035834266515,0.8116277633618747,,,1.0
final_ef_absolute_decline,transmural,d_tm_shape_rms_iqr,95,-0.02463605823068309,0.8126725014197895,,,1.0
final_ef_absolute_decline,variability,v2_var__mid_shape_pairwise_rmse,95,-0.02416013437849944,0.8162270544670402,,,1.0
final_ef_absolute_decline,transmural,v1_tm_mean_shape_gap_dct08,95,-0.0230963045912654,0.8241858858930786,,,1.0
final_ef_absolute_decline,variability,d_var__mid_post_systolic_fraction,95,-0.022886338185890254,0.8257588387928978,,,1.0
final_ef_absolute_decline,variability,v2_var__mid_peak_abs_cv,95,0.022592385218365065,0.82796212792164,,,1.0
final_ef_absolute_decline,transmural,v2_tm_vendor_peak_gap_std,95,-0.02217245240761478,0.8311119913994424,,,1.0
final_ef_absolute_decline,variability,v2_var__endo_time_to_peak_norm_circular_std,95,-0.02173852183650616,0.8343696561176257,,,1.0
final_ef_absolute_decline,transmural,d_tm_curve_rms_median,95,0.02166853303471445,0.8348953494372393,,,1.0
final_ef_absolute_decline,variability,d_var__endo_post_systolic_fraction,95,0.021654535274356103,0.8350004968189316,,,1.0
final_ef_absolute_decline,variability,v1_var__endo_spatial_peak_graph_roughness,95,-0.020870660694288914,0.8408933287016291,,,1.0
final_ef_absolute_decline,transmural,d_tm_fraction_endo_peak_gt_mid,95,-0.020604703247480403,0.8428946938230235,,,1.0
final_ef_absolute_decline,transmural,d_tm_segment_curve_correlation_iqr,95,-0.02047872340425532,0.8438430582199028,,,1.0
final_ef_absolute_decline,transmural,v2_tm_fraction_ttp_discordant_gt_5pct_cycle,95,0.02032474804031355,0.8450024726528651,,,1.0
final_ef_absolute_decline,transmural,v2_tm_vendor_peak_gap_p90_p10,95,-0.01991881298992161,0.848060687978109,,,1.0
final_ef_absolute_decline,transmural,v1_tm_mean_shape_gap_dct05,95,0.019512877939529674,0.8511211552658116,,,1.0
final_ef_absolute_decline,transmural,v2_tm_ttp_layer_correlation,95,0.01927491601343785,0.8529162515252658,,,1.0
final_ef_absolute_decline,variability,v2_var__endo_apical_basal_peak_gradient,95,0.01927491601343785,0.8529162515252658,,,1.0
final_ef_absolute_decline,transmural,d_tm_shape_rms_robust_sd,95,0.018980963045912652,0.855134757443122,,,1.0
final_ef_absolute_decline,transmural,d_tm_peak_ratio_mean,95,-0.018924972004479283,0.8555574583055894,,,1.0
final_ef_absolute_decline,variability,v2_var__mid_apical_basal_peak_gradient,95,0.018141097424412094,0.8614794986682941,,,1.0
final_ef_absolute_decline,transmural,v1_tm_mean_gap_dct07,95,-0.01812709966405375,0.8615853200593678,,,1.0
final_ef_absolute_decline,transmural,v1_tm_shape_rms_std,95,-0.0177491601343785,0.8644434155478126,,,1.0
final_ef_absolute_decline,transmural,d_tm_mean_gap_dct06,95,-0.017721164613661813,0.8646551962160385,,,1.0
final_ef_absolute_decline,transmural,v1_tm_sd_gap_dct08,95,-0.017665173572228444,0.8650787862308036,,,1.0
final_ef_absolute_decline,transmural,v1_tm_curve_abs_area_std,95,0.015621500559910415,0.8805649696260307,,,1.0
final_ef_absolute_decline,transmural,v2_tm_mean_shape_gap_dct08,95,0.01539753639417693,0.8822649296775628,,,1.0
final_ef_absolute_decline,variability,d_var__mid_curve_pairwise_rmse,95,-0.01539753639417693,0.8822649296775628,,,1.0
final_ef_absolute_decline,variability,v1_var__mid_peak_abs_robust_sd,95,-0.014837625979843226,0.8865171480240863,,,1.0
final_ef_absolute_decline,variability,d_var__mid_curve_dispersion_rms,95,-0.014613661814109745,0.8882189426799397,,,1.0
final_ef_absolute_decline,transmural,d_tm_peak_ratio_std,95,-0.01455767077267637,0.8886444708669144,,,1.0
final_ef_absolute_decline,variability,v2_var__endo_shape_dispersion_rms,95,-0.014389697648376259,0.8899212443772042,,,1.0
final_ef_absolute_decline,variability,v2_var__mid_peak_abs_robust_sd,95,0.014095744680851065,0.892156272049732,,,1.0
final_ef_absolute_decline,transmural,d_tm_peak_ratio_median,95,0.01396976483762598,0.893114400138738,,,1.0
final_ef_absolute_decline,transmural,d_tm_vendor_peak_gap_mean,95,0.0136478163493841,0.8955636438229952,,,1.0
final_ef_absolute_decline,transmural,v1_tm_sd_gap_dct01,95,0.0136478163493841,0.8955636438229952,,,1.0
final_ef_absolute_decline,variability,d_var__mid_peak_abs_robust_sd,95,0.013367861142217245,0.8976942180916582,,,1.0
final_ef_absolute_decline,transmural,v2_tm_peak_gap_p90_p10,95,0.013353863381858903,0.8978007659826952,,,1.0
final_ef_absolute_decline,transmural,v2_tm_peak_ratio_median,95,-0.01333986562150056,0.8979073156864614,,,1.0
final_ef_absolute_decline,transmural,v2_tm_ttp_gap_std,95,0.012835946248600225,0.9017442965171487,,,1.0
final_ef_absolute_decline,transmural,v2_tm_vendor_ttp_gap_std,95,0.012779955207166856,0.9021707687965771,,,1.0
final_ef_absolute_decline,transmural,d_tm_curve_rms_iqr,95,-0.012723964165733482,0.9025972688517142,,,1.0
final_ef_absolute_decline,transmural,v1_tm_curve_abs_area_iqr,95,0.012472004479283315,0.9045168596080029,,,1.0
final_ef_absolute_decline,variability,v2_var__mid_shape_dispersion_rms,95,-0.012472004479283315,0.9045168596080029,,,1.0
final_ef_absolute_decline,variability,v1_var__mid_vendor_peak_systolic_abs_robust_sd,95,0.011366181410974245,0.9129480772611411,,,1.0
final_ef_absolute_decline,transmural,d_tm_mean_shape_gap_dct06,95,0.011198208286674134,0.9142296357569003,,,1.0
final_ef_absolute_decline,transmural,v2_tm_ttp_gap_mean,95,0.011156215005599105,0.9145500597910438,,,1.0
final_ef_absolute_decline,variability,d_var__mid_curve_integrated_robust_mad,95,-0.01112821948488242,0.9147636834071585,,,1.0
final_ef_absolute_decline,variability,d_var__endo_apical_basal_peak_gradient,95,-0.010960246360582309,0.9160455517754543,,,1.0
final_ef_absolute_decline,variability,d_var__mid_vendor_peak_systolic_abs_robust_sd,95,-0.01072228443449048,0.9178618988845436,,,1.0
final_ef_absolute_decline,variability,v2_var__endo_impaired_segment_fraction_lt15,95,0.010610302351623739,0.9187167969923217,,,1.0
final_ef_absolute_decline,variability,v2_var__endo_post_systolic_fraction,95,-0.010512318029115342,0.9194649087070944,,,1.0
final_ef_absolute_decline,transmural,v1_tm_curve_rms_std,95,0.010176371780515118,0.9220303916278546,,,1.0
final_ef_absolute_decline,variability,v2_var__mid_spatial_peak_graph_roughness,95,0.010148376259798433,0.9222442182673872,,,1.0
final_ef_absolute_decline,variability,v2_var__endo_peak_abs_cv,95,0.010064389697648377,0.9228857312989263,,,1.0
final_ef_absolute_decline,transmural,v1_tm_curve_abs_area_p90_p10,95,-0.009700447928331468,0.9256661861506844,,,1.0
final_ef_absolute_decline,transmural,v2_tm_peak_gap_std,95,-0.009392497200447929,0.9280195779254943,,,1.0
final_ef_absolute_decline,variability,v1_var__endo_peak_abs_cv,95,-0.00914053751399776,0.9299455420354783,,,1.0
final_ef_absolute_decline,transmural,v1_tm_sd_gap_dct05,95,0.008958566629339306,0.9313367678263602,,,1.0
final_ef_absolute_decline,transmural,v1_tm_shape_rms_iqr,95,-0.008468645016797314,0.9350833900296855,,,1.0
final_ef_absolute_decline,transmural,v2_tm_curve_abs_area_iqr,95,0.008440649496080628,0.9352975262356905,,,1.0
final_ef_absolute_decline,transmural,d_tm_vendor_ttp_gap_median,95,0.007852743561030235,0.93979542694141,,,1.0
final_ef_absolute_decline,transmural,v2_tm_peak_ratio_robust_sd,95,-0.007684770436730123,0.9410808947551585,,,1.0
final_ef_absolute_decline,transmural,v2_tm_vendor_peak_gap_robust_sd,95,0.007572788353863383,0.9419379573984072,,,1.0
final_ef_absolute_decline,variability,v1_var__mid_apical_basal_peak_gradient,95,-0.007068868980963046,0.9457955437898216,,,1.0
final_ef_absolute_decline,transmural,v2_tm_sd_gap_dct04,95,-0.006746920492721165,0.94826077326105,,,1.0
final_ef_absolute_decline,variability,v2_var__endo_spatial_timing_graph_roughness,95,-0.006270996640537514,0.9519059114899711,,,1.0
final_ef_absolute_decline,transmural,v1_tm_peak_ratio_median,95,0.006229003359462486,0.9522275899642618,,,1.0
final_ef_absolute_decline,variability,v2_var__mid_time_to_peak_norm_circular_std,95,0.005837066069428892,0.9552302847577081,,,1.0
final_ef_absolute_decline,transmural,d_tm_peak_gap_mean,95,0.0056410974244120934,0.9567318692227889,,,1.0
final_ef_absolute_decline,variability,d_var__endo_peak_abs_cv,95,0.0052911534154535264,0.9594136423907542,,,1.0
final_ef_absolute_decline,transmural,v2_tm_peak_layer_correlation,95,0.005221164613661814,0.9599500522087264,,,1.0
final_ef_absolute_decline,transmural,d_tm_peak_gap_iqr,95,0.005123180291153415,0.960701055868772,,,1.0
final_ef_absolute_decline,transmural,v1_tm_sd_gap_dct07,95,0.004381298992161254,0.966388293169129,,,1.0
final_ef_absolute_decline,variability,v2_var__mid_shape_incoherence,95,0.004269316909294513,0.9672468972212247,,,1.0
final_ef_absolute_decline,transmural,v1_tm_sd_gap_dct03,95,0.004185330347144457,0.9678908748285696,,,1.0
final_ef_absolute_decline,variability,v2_var__endo_shape_pairwise_rmse,95,-0.003611422172452408,0.9722919183312984,,,1.0
final_ef_absolute_decline,transmural,v2_tm_curve_rms_iqr,95,0.0035134378499440087,0.97304340260981,,,1.0
final_ef_absolute_decline,transmural,v1_tm_segment_curve_correlation_mean,95,0.0034154535274356105,0.9737949104313484,,,1.0
final_ef_absolute_decline,transmural,d_tm_peak_ratio_robust_sd,95,-0.0029395296752519596,0.9774454048396239,,,1.0
final_ef_absolute_decline,transmural,d_tm_curve_abs_area_iqr,95,0.0029395296752519596,0.9774454048396239,,,1.0
final_ef_absolute_decline,variability,v2_var__mid_vendor_peak_systolic_abs_robust_sd,95,0.0026595744680851068,0.9795929764203235,,,1.0
final_ef_absolute_decline,transmural,d_tm_sd_gap_dct03,95,0.0016657334826427773,0.9872179256442535,,,1.0
final_ef_absolute_decline,transmural,v1_tm_segment_curve_correlation_std,95,-0.0016517357222844346,0.9873253291073563,,,1.0
final_ef_absolute_decline,transmural,v1_tm_ttp_gap_robust_sd,95,-0.0007838745800671892,0.9939847091126435,,,1.0
final_ef_absolute_decline,transmural,d_tm_ttp_gap_robust_sd,95,0.0007838745800671892,0.9939847091126435,,,1.0
final_ef_absolute_decline,transmural,v2_tm_segment_curve_correlation_iqr,95,-0.0006298992161254199,0.9951662681495602,,,1.0
final_ef_absolute_decline,variability,d_var__mid_apical_basal_peak_gradient,95,0.0004059350503919373,0.9968849174026513,,,1.0
final_ef_absolute_decline,transmural,v1_tm_vendor_peak_gap_mean,95,0.00020996640537514,0.9983887474311663,,,1.0
final_ef_absolute_decline,transmural,v2_tm_vendor_peak_gap_median,95,0.0,1.0,,,1.0
final_mid_relative_decline,variability,v2_var__mid_vendor_peak_systolic_abs_robust_sd,101,-0.2835876528829353,0.004055771957504772,-0.4600760130096292,-0.0890213833990179,0.9954546402648256
final_mid_relative_decline,transmural,v2_tm_shape_rms_std,101,-0.2597553873034362,0.0087106628100925,-0.4414976805029635,-0.04778731567168933,0.9954546402648256
final_mid_relative_decline,transmural,v2_tm_mean_shape_gap_dct01,101,0.23573675014560277,0.01763541545741742,0.06008135542652443,0.4120367570350059,0.9954546402648256
final_mid_relative_decline,transmural,v2_tm_mean_shape_gap_dct03,101,-0.23012230634828187,0.020608749084970027,-0.40382869388387693,-0.03730345696141127,0.9954546402648256
final_mid_relative_decline,variability,d_var__mid_vendor_peak_systolic_abs_robust_sd,101,-0.2293768200349447,0.021034213887335257,-0.41901812609610156,-0.015854295752992815,0.9954546402648256
final_mid_relative_decline,transmural,v2_tm_mean_shape_gap_dct07,101,-0.22206173558532322,0.02562434236395952,-0.42326480213250905,-0.011752327021104257,0.9954546402648256
final_mid_relative_decline,transmural,v2_tm_shape_rms_mean,101,-0.2145719277810134,0.03118189233054995,-0.3926188184065166,-0.01061761900243375,0.9954546402648256
final_mid_relative_decline,transmural,v2_tm_mean_gap_dct04,101,-0.2120209668025626,0.033293638998682616,-0.42874091137923065,0.015285111592157598,0.9954546402648256
final_mid_relative_decline,transmural,v2_tm_mean_shape_gap_dct04,101,-0.206814210832848,0.03797941500055597,-0.3889751469242113,-0.008132267417041648,0.9954546402648256
final_mid_relative_decline,transmural,v1_tm_vendor_peak_gap_robust_sd,101,-0.19768200349446707,0.04752948414054238,-0.3762589313297935,0.00042345534978520963,0.9954546402648256
final_mid_relative_decline,variability,v2_var__mid_peak_abs_robust_sd,101,-0.19671520093185788,0.048647783804489225,-0.39721522056983527,-0.008230254403377924,0.9954546402648256
final_mid_relative_decline,transmural,v2_tm_mean_gap_dct02,101,0.1958765288293535,0.049635414973687536,-0.023422316326421885,0.3968263396703563,0.9954546402648256
final_mid_relative_decline,transmural,v1_tm_mean_shape_gap_dct04,101,-0.19474665113570178,0.050992101082012874,-0.3904871609466978,0.017622264704739495,0.9954546402648256
final_mid_relative_decline,transmural,v1_tm_vendor_ttp_gap_robust_sd,101,0.18914385556202676,0.05817873405966645,0.009609305063394094,0.3687285112096424,0.9954546402648256
final_mid_relative_decline,transmural,v2_tm_segment_curve_correlation_std,101,-0.18512521840419335,0.06382763973995913,-0.372619925662756,0.003543568220169917,0.9954546402648256
final_mid_relative_decline,transmural,v2_tm_sd_gap_dct02,101,-0.18215492137449038,0.0682833084664611,-0.40578851072293626,0.029874668771972073,0.9954546402648256
final_mid_relative_decline,variability,v2_var__endo_peak_abs_robust_sd,101,-0.17657542224810716,0.07733214580928256,-0.3498687648717215,0.025399594365860718,0.9954546402648256
final_mid_relative_decline,variability,d_var__mid_peak_abs_robust_sd,101,-0.1726266744321491,0.08429937138296195,-0.3606037569229184,0.0217958689735883,0.9954546402648256
final_mid_relative_decline,transmural,v1_tm_peak_gap_robust_sd,101,-0.1714036109493302,0.08655601270126424,-0.3800860364992094,0.033074419590454256,0.9954546402648256
final_mid_relative_decline,variability,d_var__mid_curve_integrated_robust_mad,101,-0.17099592312172396,0.08731881168909453,-0.37218225474924876,0.036131367868516714,0.9954546402648256
final_mid_relative_decline,transmural,d_tm_vendor_ttp_gap_robust_sd,101,-0.16896913220733836,0.0911906222959382,,,0.9954546402648256
final_mid_relative_decline,variability,v2_var__endo_vendor_peak_systolic_abs_robust_sd,101,-0.16703552708211997,0.0950099144108181,,,0.9954546402648256
final_mid_relative_decline,transmural,v2_tm_sd_gap_dct04,101,0.16702387885847408,0.09503329873278035,,,0.9954546402648256
final_mid_relative_decline,transmural,v1_tm_mean_gap_dct04,101,-0.1644729178800233,0.10026479084908527,,,0.9954546402648256
final_mid_relative_decline,transmural,v1_tm_ttp_gap_p90_p10,101,0.16229470005824112,0.10490851192529163,,,0.9954546402648256
final_mid_relative_decline,transmural,v2_tm_vendor_ttp_gap_mean,101,0.15916132789749565,0.11188135196968292,,,0.9954546402648256
final_mid_relative_decline,variability,v2_var__mid_curve_integrated_robust_mad,101,-0.15869539895165988,0.11294825718260977,,,0.9954546402648256
final_mid_relative_decline,transmural,v2_tm_segment_curve_correlation_mean,101,0.15705299941758882,0.11677215871086882,,,0.9954546402648256
final_mid_relative_decline,variability,v2_var__mid_shape_incoherence,101,-0.15678509027373325,0.11740530312441505,,,0.9954546402648256
final_mid_relative_decline,transmural,v1_tm_mean_shape_gap_dct02,101,0.15631916132789744,0.11851273999357052,,,0.9954546402648256
final_mid_relative_decline,transmural,v1_tm_ttp_layer_correlation,101,0.15543389633080953,0.12063907222122239,,,0.9954546402648256
final_mid_relative_decline,transmural,v2_tm_shape_rms_p90_p10,101,-0.15035527082119976,0.1334101777953447,,,0.9954546402648256
final_mid_relative_decline,transmural,d_tm_ttp_gap_p90_p10,101,-0.14825859056493884,0.1389735102469779,,,0.9954546402648256
final_mid_relative_decline,transmural,v1_tm_peak_gap_iqr,101,-0.14486895748398368,0.14833719049225824,,,0.9954546402648256
final_mid_relative_decline,transmural,d_tm_vendor_peak_gap_iqr,101,0.14299359347699475,0.15371763688583756,,,0.9954546402648256
final_mid_relative_decline,transmural,d_tm_mean_shape_gap_dct03,101,-0.1366802562609202,0.17290540072357602,,,0.9954546402648256
final_mid_relative_decline,transmural,d_tm_shape_rms_std,101,-0.13643564356435642,0.17368279591755928,,,0.9954546402648256
final_mid_relative_decline,transmural,v2_tm_fraction_endo_peak_gt_mid,101,0.13510774606872453,0.17794785525406068,,,0.9954546402648256
final_mid_relative_decline,transmural,v1_tm_peak_ratio_iqr,101,-0.1316249271986022,0.189498118071137,,,0.9954546402648256
final_mid_relative_decline,transmural,v2_tm_segment_curve_correlation_p90_p10,101,-0.13131042516016306,0.19056729414027473,,,0.9954546402648256
final_mid_relative_decline,transmural,v1_tm_ttp_gap_std,101,-0.129889341875364,0.1954529336523957,,,0.9954546402648256
final_mid_relative_decline,transmural,d_tm_ttp_gap_std,101,0.128677926616191,0.1996886132322942,,,0.9954546402648256
final_mid_relative_decline,transmural,v1_tm_vendor_ttp_gap_std,101,-0.127909143855562,0.20241065642622919,,,0.9954546402648256
final_mid_relative_decline,transmural,v1_tm_ttp_gap_mean,101,0.12731508444962142,0.20453221551337347,,,0.9954546402648256
final_mid_relative_decline,variability,v1_var__mid_within_view_peak_robust_sd_mean,101,-0.126592894583576,0.20713275694773128,,,0.9954546402648256
final_mid_relative_decline,transmural,v2_tm_vendor_peak_gap_std,101,-0.1250669772859639,0.2127049634358066,,,0.9954546402648256
final_mid_relative_decline,variability,v1_var__endo_impaired_segment_fraction_lt15,101,-0.1250203843913803,0.21287676806822156,,,0.9954546402648256
final_mid_relative_decline,transmural,d_tm_curve_rms_iqr,101,0.12417006406523005,0.21602954888875542,,,0.9954546402648256
final_mid_relative_decline,variability,v2_var__endo_within_ring_peak_robust_sd_mean,101,-0.12357600465928945,0.21825173090246838,,,0.9954546402648256
final_mid_relative_decline,transmural,v2_tm_peak_gap_std,101,-0.12189866045428073,0.22461330090690768,,,0.9954546402648256
final_mid_relative_decline,variability,v2_var__mid_within_ring_peak_robust_sd_mean,101,-0.11934769947582993,0.2345364220443901,,,0.9954546402648256
final_mid_relative_decline,variability,v2_var__endo_shape_incoherence,101,-0.11912638322655793,0.23541152359905332,,,0.9954546402648256
final_mid_relative_decline,variability,d_var__endo_vendor_peak_systolic_abs_robust_sd,101,-0.11866045428072218,0.23726127465590727,,,0.9954546402648256
final_mid_relative_decline,transmural,v1_tm_mean_shape_gap_dct03,101,-0.11854397204426323,0.23772528828247214,,,0.9954546402648256
final_mid_relative_decline,variability,v2_var__mid_spatial_peak_graph_roughness,101,-0.11828771112405356,0.2387483389399477,,,0.9954546402648256
final_mid_relative_decline,transmural,d_tm_vendor_peak_gap_robust_sd,101,0.11821782178217823,0.23902788292239927,,,0.9954546402648256
final_mid_relative_decline,transmural,v1_tm_vendor_peak_gap_iqr,101,-0.11359347699475829,0.258031566729407,,,0.9954546402648256
final_mid_relative_decline,transmural,v1_tm_peak_ratio_robust_sd,101,-0.11343040186371578,0.25872003750546735,,,0.9954546402648256
final_mid_relative_decline,transmural,d_tm_ttp_layer_correlation,101,-0.11310425160163076,0.26010073711763476,,,0.9954546402648256
final_mid_relative_decline,transmural,d_tm_mean_shape_gap_dct07,101,-0.11175305765870704,0.26587422432820457,,,0.9954546402648256
final_mid_relative_decline,transmural,v1_tm_vendor_ttp_gap_mean,101,0.11147350029120559,0.2670795030544662,,,0.9954546402648256
final_mid_relative_decline,transmural,d_tm_sd_gap_dct07,101,-0.11131042516016305,0.26778428849830643,,,0.9954546402648256
final_mid_relative_decline,transmural,d_tm_sd_gap_dct08,101,0.11115899825276646,0.2684398582119287,,,0.9954546402648256
final_mid_relative_decline,transmural,v1_tm_mean_gap_dct02,101,0.11072801397786836,0.2703116481956583,,,0.9954546402648256
final_mid_relative_decline,variability,v1_var__endo_shape_incoherence,101,-0.1104834012813046,0.2713779265334522,,,0.9954546402648256
final_mid_relative_decline,transmural,d_tm_peak_gap_iqr,101,0.10935352358765286,0.27633990517797813,,,0.9954546402648256
final_mid_relative_decline,transmural,v1_tm_vendor_peak_gap_p90_p10,101,-0.10822364589400114,0.2813624385132462,,,0.9954546402648256
final_mid_relative_decline,transmural,d_tm_vendor_ttp_gap_std,101,0.10783925451368666,0.28308495609934325,,,0.9954546402648256
final_mid_relative_decline,transmural,v2_tm_peak_ratio_iqr,101,-0.10775771694816541,0.28345124123080734,,,0.9954546402648256
final_mid_relative_decline,transmural,v1_tm_ttp_gap_robust_sd,101,-0.10645311589982527,0.2893547941580102,,,0.9954546402648256
final_mid_relative_decline,transmural,d_tm_ttp_gap_robust_sd,101,0.10645311589982527,0.2893547941580102,,,0.9954546402648256
final_mid_relative_decline,variability,v1_var__mid_post_systolic_fraction,101,0.10517181129877694,0.29523175880328106,,,0.9954546402648256
final_mid_relative_decline,transmural,v2_tm_ttp_gap_mean,101,0.10500873616773443,0.29598534420078204,,,0.9954546402648256
final_mid_relative_decline,transmural,v2_tm_curve_abs_area_mean,101,0.10491555037856727,0.2964165331740937,,,0.9954546402648256
final_mid_relative_decline,variability,d_var__endo_peak_abs_robust_sd,101,-0.10450786255096098,0.29830784894359247,,,0.9954546402648256
final_mid_relative_decline,transmural,v2_tm_peak_ratio_robust_sd,101,-0.10399534071054163,0.3006967389942459,,,0.9954546402648256
final_mid_relative_decline,transmural,v2_tm_sd_gap_dct06,101,-0.10361094933022713,0.3024966216529665,,,0.9954546402648256
final_mid_relative_decline,transmural,d_tm_sd_gap_dct06,101,0.1015492137449039,0.31227074024439494,,,0.9954546402648256
final_mid_relative_decline,transmural,v1_tm_sd_gap_dct06,101,-0.10088526499708794,0.315461474824489,,,0.9954546402648256
final_mid_relative_decline,variability,d_var__endo_curve_dispersion_rms,101,-0.1005707629586488,0.3169802098715109,,,0.9954546402648256
final_mid_relative_decline,variability,v1_var__mid_apical_basal_peak_gradient,101,-0.09967384973791497,0.3213373097944321,,,0.9954546402648256
final_mid_relative_decline,variability,d_var__endo_curve_pairwise_rmse,101,-0.0986371578334304,0.32642119272640024,,,0.9954546402648256
final_mid_relative_decline,transmural,v2_tm_sd_gap_dct08,101,0.09854397204426325,0.3268806783546042,,,0.9954546402648256
final_mid_relative_decline,transmural,v2_tm_vendor_peak_gap_p90_p10,101,-0.09839254513686661,0.32762822436824257,,,0.9954546402648256
final_mid_relative_decline,transmural,v1_tm_vendor_ttp_gap_iqr,101,0.09713453698311006,0.3338808037626615,,,0.9954546402648256
final_mid_relative_decline,variability,v1_var__endo_apical_basal_peak_gradient,101,-0.09684333139196272,0.33533889144474005,,,0.9954546402648256
final_mid_relative_decline,transmural,v1_tm_mean_gap_dct08,101,0.09621432731508446,0.3385021194642944,,,0.9954546402648256
final_mid_relative_decline,transmural,d_tm_curve_abs_area_iqr,101,0.09587652882935352,0.34020864948233653,,,0.9954546402648256
final_mid_relative_decline,transmural,v2_tm_mean_gap_dct01,101,-0.09513104251601631,0.3439939588498363,,,0.9954546402648256
final_mid_relative_decline,transmural,d_tm_mean_gap_dct02,101,0.09419918462434479,0.34876267330811117,,,0.9954546402648256
final_mid_relative_decline,transmural,v2_tm_peak_ratio_std,101,-0.09407105416423996,0.3494215904954677,,,0.9954546402648256
final_mid_relative_decline,variability,d_var__endo_curve_integrated_robust_mad,101,-0.0933372160745486,0.35321036643645354,,,0.9954546402648256
final_mid_relative_decline,variability,v2_var__mid_shape_pairwise_rmse,101,-0.09326732673267327,0.35357253159176183,,,0.9954546402648256
final_mid_relative_decline,transmural,d_tm_vendor_ttp_gap_p90_p10,101,-0.09235876528829354,0.3583016956111911,,,0.9954546402648256
final_mid_relative_decline,transmural,v1_tm_sd_gap_dct02,101,-0.09086779266161911,0.36614682017512423,,,0.9954546402648256
final_mid_relative_decline,transmural,d_tm_shape_rms_mean,101,-0.08979615608619684,0.3718501624314303,,,0.9954546402648256
final_mid_relative_decline,transmural,v1_tm_peak_gap_p90_p10,101,-0.08976121141525917,0.3720370496059482,,,0.9954546402648256
final_mid_relative_decline,transmural,v2_tm_peak_gap_mean,101,-0.08956319161327897,0.373097159724877,,,0.9954546402648256
final_mid_relative_decline,transmural,v1_tm_mean_gap_dct07,101,-0.08955154338963306,0.37315957645618014,,,0.9954546402648256
final_mid_relative_decline,transmural,v2_tm_curve_rms_median,101,0.08937682003494467,0.3740965913396005,,,0.9954546402648256
final_mid_relative_decline,transmural,v1_tm_sd_gap_dct08,101,-0.08937682003494467,0.3740965913396005,,,0.9954546402648256
final_mid_relative_decline,variability,d_var__mid_post_systolic_fraction,101,-0.08929528246942339,0.37453435501552756,,,0.9954546402648256
final_mid_relative_decline,variability,d_var__endo_shape_pairwise_rmse,101,-0.08882935352358766,0.3770418405086696,,,0.9954546402648256
final_mid_relative_decline,variability,v2_var__mid_curve_pairwise_rmse,101,-0.08868957483983692,0.3777960693723095,,,0.9954546402648256
final_mid_relative_decline,transmural,d_tm_peak_ratio_p90_p10,101,-0.08864298194525334,0.37804768227893315,,,0.9954546402648256
final_mid_relative_decline,variability,v2_var__endo_spatial_peak_graph_roughness,101,-0.08817705299941758,0.38056939828384506,,,0.9954546402648256
final_mid_relative_decline,transmural,v1_tm_vendor_ttp_gap_p90_p10,101,0.0873500291205591,0.38507042936028013,,,0.9954546402648256
final_mid_relative_decline,transmural,v2_tm_peak_gap_p90_p10,101,-0.08598718695398952,0.39255716785798445,,,0.9954546402648256
final_mid_relative_decline,variability,v2_var__endo_shape_pairwise_rmse,101,-0.08598718695398952,0.39255716785798445,,,0.9954546402648256
final_mid_relative_decline,transmural,d_tm_peak_ratio_std,101,-0.08576587070471751,0.39378111199008026,,,0.9954546402648256
final_mid_relative_decline,variability,d_var__mid_shape_pairwise_rmse,101,-0.08531158998252765,0.3963005355525945,,,0.9954546402648256
final_mid_relative_decline,variability,v2_var__mid_apical_basal_peak_gradient,101,-0.08461269656377401,0.40019523127549683,,,0.9954546402648256
final_mid_relative_decline,variability,v1_var__endo_peak_abs_robust_sd,101,-0.08408852649970879,0.4031310656202737,,,0.9954546402648256
final_mid_relative_decline,transmural,v2_tm_peak_gap_robust_sd,101,-0.08377402446126965,0.4048986487945485,,,0.9954546402648256
final_mid_relative_decline,transmural,v2_tm_curve_abs_area_median,101,0.08364589400116482,0.40562008152361295,,,0.9954546402648256
final_mid_relative_decline,variability,v2_var__endo_curve_dispersion_rms,101,-0.08280722189866045,0.41036083004425394,,,0.9954546402648256
final_mid_relative_decline,transmural,v1_tm_peak_ratio_mean,101,-0.08246942341292951,0.41227941968478476,,,0.9954546402648256
final_mid_relative_decline,transmural,d_tm_vendor_ttp_gap_median,101,0.08164239953407106,0.4169987053292734,,,0.9954546402648256
final_mid_relative_decline,transmural,v1_tm_vendor_peak_gap_std,101,-0.08144437973209086,0.4181333118056939,,,0.9954546402648256
final_mid_relative_decline,transmural,v2_tm_curve_rms_mean,101,0.08137449039021548,0.41853418817556387,,,0.9954546402648256
final_mid_relative_decline,variability,v2_var__endo_curve_integrated_robust_mad,101,-0.08051252184041933,0.423496617551428,,,0.9954546402648256
final_mid_relative_decline,transmural,v2_tm_mean_gap_dct08,101,0.08050087361677342,0.423563908754774,,,0.9954546402648256
final_mid_relative_decline,transmural,v2_tm_sd_gap_dct07,101,-0.08026790914385555,0.42491102612748555,,,0.9954546402648256
final_mid_relative_decline,variability,d_var__mid_curve_dispersion_rms,101,-0.08016307513104252,0.42551803219691375,,,0.9954546402648256
final_mid_relative_decline,transmural,v1_tm_sd_gap_dct04,101,0.07973209085614444,0.42801873320548944,,,0.9954546402648256
final_mid_relative_decline,transmural,v1_tm_segment_curve_correlation_median,101,0.07952242283051833,0.42923832983649624,,,0.9954546402648256
final_mid_relative_decline,variability,v2_var__endo_spatial_timing_graph_roughness,101,0.07933605125218403,0.4303240835880888,,,0.9954546402648256
final_mid_relative_decline,transmural,d_tm_segment_curve_correlation_std,101,-0.07895165987186954,0.432568401830955,,,0.9954546402648256
final_mid_relative_decline,variability,v2_var__mid_curve_dispersion_rms,101,-0.07853232382061735,0.43502434207272744,,,0.9954546402648256
final_mid_relative_decline,variability,d_var__mid_curve_pairwise_rmse,101,-0.07827606290040769,0.43652908779634636,,,0.9954546402648256
final_mid_relative_decline,variability,v1_var__endo_post_systolic_fraction,101,0.07815958066394872,0.43721403816472737,,,0.9954546402648256
final_mid_relative_decline,transmural,v2_tm_mean_gap_dct06,101,0.07793826441467676,0.4385171209975849,,,0.9954546402648256
final_mid_relative_decline,variability,v2_var__endo_curve_pairwise_rmse,101,-0.07743739079790332,0.44147430577704183,,,0.9954546402648256
final_mid_relative_decline,variability,v1_var__endo_within_view_peak_robust_sd_mean,101,-0.07698311007571346,0.44416610225273756,,,0.9954546402648256
final_mid_relative_decline,transmural,v1_tm_mean_shape_gap_dct07,101,-0.07662201514269072,0.4463123003150363,,,0.9954546402648256
final_mid_relative_decline,transmural,v2_tm_mean_gap_dct07,101,-0.0763075131042516,0.4481862971521112,,,0.9954546402648256
final_mid_relative_decline,transmural,v1_tm_sd_gap_dct07,101,0.0763075131042516,0.4481862971521112,,,0.9954546402648256
final_mid_relative_decline,variability,d_var__endo_post_systolic_fraction,101,-0.07605125218404193,0.44971650606252034,,,0.9954546402648256
final_mid_relative_decline,transmural,v1_tm_mean_gap_dct03,101,0.07516598718695398,0.4550250626412269,,,0.9954546402648256
final_mid_relative_decline,transmural,v1_tm_mean_gap_dct05,101,-0.0751310425160163,0.45523532141344114,,,0.9954546402648256
final_mid_relative_decline,transmural,d_tm_mean_gap_dct01,101,-0.0737682003494467,0.4634773062859454,,,0.9954546402648256
final_mid_relative_decline,variability,d_var__endo_shape_dispersion_rms,101,-0.073185789167152,0.46702433258552833,,,0.9954546402648256
final_mid_relative_decline,variability,v2_var__endo_shape_dispersion_rms,101,-0.07277810133954572,0.469516045536275,,,0.9954546402648256
final_mid_relative_decline,transmural,v2_tm_peak_ratio_p90_p10,101,-0.07271986022131624,0.4698725943770079,,,0.9954546402648256
final_mid_relative_decline,transmural,v1_tm_peak_gap_std,101,-0.07224228305183458,0.47280184524790314,,,0.9954546402648256
final_mid_relative_decline,transmural,v1_tm_segment_curve_correlation_iqr,101,0.07080955154338962,0.48164869194309756,,,0.9954546402648256
final_mid_relative_decline,transmural,d_tm_peak_gap_robust_sd,101,0.06940011648223646,0.4904374904864498,,,0.9954546402648256
final_mid_relative_decline,transmural,v1_tm_curve_rms_median,101,0.06937682003494466,0.4905834697271304,,,0.9954546402648256
final_mid_relative_decline,transmural,v1_tm_curve_abs_area_mean,101,0.06825859056493884,0.49761744174645384,,,0.9954546402648256
final_mid_relative_decline,variability,v2_var__mid_shape_dispersion_rms,101,-0.06728013977868375,0.5038152641628844,,,0.9954546402648256
final_mid_relative_decline,variability,v1_var__mid_spatial_peak_graph_roughness,101,-0.06723354688410017,0.5041113960097652,,,0.9954546402648256
final_mid_relative_decline,variability,d_var__mid_shape_dispersion_rms,101,-0.06711706464764124,0.504852121074495,,,0.9954546402648256
final_mid_relative_decline,transmural,v1_tm_segment_curve_correlation_robust_sd,101,-0.06610366919044845,0.5113201863868855,,,0.9954546402648256
final_mid_relative_decline,transmural,d_tm_curve_rms_robust_sd,101,0.06606872451951078,0.5115439806699298,,,0.9954546402648256
final_mid_relative_decline,transmural,v1_tm_mean_gap_dct06,101,0.0659871869539895,0.512066363085088,,,0.9954546402648256
final_mid_relative_decline,transmural,v2_tm_vendor_ttp_gap_std,101,-0.06566103669190448,0.5141586297288298,,,0.9954546402648256
final_mid_relative_decline,transmural,d_tm_mean_gap_dct04,101,-0.0652417006406523,0.5168551057117972,,,0.9954546402648256
final_mid_relative_decline,transmural,v1_tm_mean_shape_gap_dct01,101,0.06451951077460687,0.5215158892152962,,,0.9954546402648256
final_mid_relative_decline,variability,v2_var__mid_impaired_segment_fraction_lt15,101,-0.06420500873616773,0.5235522205734717,,,0.9954546402648256
final_mid_relative_decline,transmural,v1_tm_vendor_ttp_gap_median,101,-0.06341292952824694,0.5286984946211626,,,0.9954546402648256
final_mid_relative_decline,variability,d_var__endo_vendor_time_to_peak_norm_circular_std,101,-0.062411182294700045,0.5352431333651593,,,0.9954546402648256
final_mid_relative_decline,transmural,v1_tm_curve_abs_area_median,101,0.06239953407105416,0.5353194696601845,,,0.9954546402648256
final_mid_relative_decline,transmural,v1_tm_curve_rms_robust_sd,101,-0.062015142690739655,0.5378415948052512,,,0.9954546402648256
final_mid_relative_decline,variability,v1_var__mid_shape_incoherence,101,-0.061863715783343036,0.5388367698082457,,,0.9954546402648256
final_mid_relative_decline,transmural,v2_tm_ttp_layer_correlation,101,0.06174723354688409,0.5396029071098672,,,0.9954546402648256
final_mid_relative_decline,transmural,d_tm_curve_abs_area_robust_sd,101,0.06150262085032032,0.5412135417723503,,,0.9954546402648256
final_mid_relative_decline,transmural,d_tm_fraction_ttp_discordant_gt_5pct_cycle,101,0.061153174140943505,0.5435185426411684,,,0.9954546402648256
final_mid_relative_decline,variability,v1_var__endo_vendor_peak_systolic_abs_robust_sd,101,-0.06104834012813046,0.5442109798783064,,,0.9954546402648256
final_mid_relative_decline,transmural,d_tm_segment_curve_correlation_mean,101,0.06072218986604543,0.5463679870381368,,,0.9954546402648256
final_mid_relative_decline,transmural,d_tm_mean_shape_gap_dct02,101,-0.060500873616773435,0.5478340422720902,,,0.9954546402648256
final_mid_relative_decline,variability,v1_var__mid_peak_abs_robust_sd,101,-0.06046592894583576,0.5480656996095659,,,0.9954546402648256
final_mid_relative_decline,transmural,d_tm_vendor_peak_gap_median,101,0.06040768782760629,0.5484519010720432,,,0.9954546402648256
final_mid_relative_decline,variability,v2_var__mid_within_view_peak_robust_sd_mean,101,-0.06024461269656377,0.5495339687530554,,,0.9954546402648256
final_mid_relative_decline,transmural,v1_tm_curve_rms_mean,101,0.05840419336051252,0.5618172175604741,,,0.9954546402648256
final_mid_relative_decline,variability,v1_var__mid_vendor_peak_systolic_abs_robust_sd,101,-0.05758881770529994,0.5673006204279119,,,0.9954546402648256
final_mid_relative_decline,transmural,v1_tm_curve_rms_iqr,101,-0.05678509027373325,0.5727302705008139,,,0.9954546402648256
final_mid_relative_decline,transmural,v1_tm_shape_rms_p90_p10,101,-0.056342457775189286,0.5757308480310408,,,0.9954546402648256
final_mid_relative_decline,variability,v1_var__mid_impaired_segment_fraction_lt15,101,-0.05589982527664531,0.5787387161557939,,,0.9954546402648256
final_mid_relative_decline,transmural,v1_tm_peak_ratio_std,101,-0.05582993593476994,0.5792143065213531,,,0.9954546402648256
final_mid_relative_decline,transmural,d_tm_fraction_endo_peak_gt_mid,101,0.053803145020384385,0.5930843368076979,,,0.9954546402648256
final_mid_relative_decline,variability,d_var__endo_apical_basal_peak_gradient,101,0.053721607454863124,0.5936454485859822,,,0.9954546402648256
final_mid_relative_decline,variability,v1_var__endo_peak_abs_cv,101,-0.053616773442050084,0.5943672293866278,,,0.9954546402648256
final_mid_relative_decline,transmural,v2_tm_mean_shape_gap_dct06,101,0.05347699475829936,0.5953302177840022,,,0.9954546402648256
final_mid_relative_decline,transmural,d_tm_vendor_ttp_gap_iqr,101,-0.05322073383808968,0.5970975148801837,,,0.9954546402648256
final_mid_relative_decline,transmural,v2_tm_fraction_ttp_discordant_gt_5pct_cycle,101,0.053046010483401275,0.5983038358597597,,,0.9954546402648256
final_mid_relative_decline,transmural,v1_tm_mean_gap_dct01,101,-0.052941176470588235,0.5990281508901849,,,0.9954546402648256
final_mid_relative_decline,transmural,v2_tm_sd_gap_dct01,101,-0.05282469423412929,0.5998334040870781,,,0.9954546402648256
final_mid_relative_decline,transmural,d_tm_mean_gap_dct06,101,0.05277810133954572,0.6001556403998061,,,0.9954546402648256
final_mid_relative_decline,variability,v1_var__mid_within_ring_peak_robust_sd_mean,101,-0.05254513686662784,0.6017679772724884,,,0.9954546402648256
final_mid_relative_decline,transmural,v1_tm_peak_ratio_p90_p10,101,-0.05244030285381479,0.6024941559403763,,,0.9954546402648256
final_mid_relative_decline,transmural,v1_tm_peak_ratio_median,101,-0.0522189866045428,0.6040284746288278,,,0.9954546402648256
final_mid_relative_decline,transmural,v1_tm_ttp_gap_iqr,101,-0.05196272568433314,0.6058072097043874,,,0.9954546402648256
final_mid_relative_decline,variability,v2_var__endo_apical_basal_peak_gradient,101,-0.05191613278974956,0.6061308639976353,,,0.9954546402648256
final_mid_relative_decline,transmural,d_tm_segment_curve_correlation_iqr,101,-0.051228887594641816,0.6109135835713337,,,0.9954546402648256
final_mid_relative_decline,variability,v1_var__endo_shape_pairwise_rmse,101,-0.050669772859638904,0.6148167189884304,,,0.9954546402648256
final_mid_relative_decline,transmural,d_tm_segment_curve_correlation_robust_sd,101,0.05043680838672103,0.6164462087272073,,,0.9954546402648256
final_mid_relative_decline,variability,d_var__mid_spatial_timing_graph_roughness,101,-0.05007571345369831,0.6189755972266425,,,0.9954546402648256
final_mid_relative_decline,variability,d_var__mid_apical_basal_peak_gradient,101,0.05007571345369831,0.6189755972266425,,,0.9954546402648256
final_mid_relative_decline,transmural,d_tm_sd_gap_dct04,101,0.04958648806057076,0.6224096071705406,,,0.9954546402648256
final_mid_relative_decline,variability,d_var__mid_time_to_peak_norm_circular_std,101,-0.049004076878276064,0.6265082835574477,,,0.9954546402648256
final_mid_relative_decline,variability,d_var__mid_vendor_time_to_peak_norm_circular_std,101,-0.04843331391962725,0.6305360376548537,,,0.9954546402648256
final_mid_relative_decline,transmural,v1_tm_shape_rms_mean,101,-0.047548048922539304,0.6368045759040032,,,0.9954546402648256
final_mid_relative_decline,transmural,d_tm_mean_gap_dct05,101,0.046592894583576,0.6435968164574735,,,0.9954546402648256
final_mid_relative_decline,transmural,v1_tm_consensus_curve_correlation,101,0.045579499126383226,0.6508354037022044,,,0.9954546402648256
final_mid_relative_decline,transmural,v1_tm_mean_shape_gap_dct06,101,-0.04514851485148514,0.6539237890970351,,,0.9954546402648256
final_mid_relative_decline,transmural,v1_tm_fraction_endo_peak_gt_mid,101,0.04474082702387886,0.6568506165935507,,,0.9954546402648256
final_mid_relative_decline,transmural,v2_tm_vendor_peak_gap_iqr,101,0.04398369248689574,0.6622999027749341,,,0.9954546402648256
final_mid_relative_decline,transmural,v1_tm_segment_curve_correlation_std,101,-0.04383226557949913,0.6633918877766798,,,0.9954546402648256
final_mid_relative_decline,transmural,v2_tm_vendor_peak_gap_median,101,0.04371578334304018,0.6642323558250732,,,0.9954546402648256
final_mid_relative_decline,transmural,d_tm_segment_curve_correlation_median,101,-0.04358765288293535,0.6651573511629383,,,0.9954546402648256
final_mid_relative_decline,transmural,v2_tm_curve_rms_std,101,-0.043564356435643554,0.6653255861235404,,,0.9954546402648256
final_mid_relative_decline,transmural,v2_tm_mean_shape_gap_dct02,101,0.043552708211997665,0.6654097098271079,,,0.9954546402648256
final_mid_relative_decline,variability,d_var__endo_within_ring_peak_robust_sd_mean,101,-0.0434828188701223,0.66591453911697,,,0.9954546402648256
final_mid_relative_decline,variability,v1_var__mid_peak_abs_cv,101,-0.04336633663366337,0.6667562525436532,,,0.9954546402648256
final_mid_relative_decline,transmural,d_tm_sd_gap_dct01,101,-0.04312172393709959,0.6685251949644455,,,0.9954546402648256
final_mid_relative_decline,variability,d_var__endo_time_to_peak_norm_circular_std,101,-0.043075131042516014,0.6688623423316084,,,0.9954546402648256
final_mid_relative_decline,variability,v2_var__endo_post_systolic_fraction,101,-0.042935352358765284,0.6698741787813292,,,0.9954546402648256
final_mid_relative_decline,transmural,v1_tm_mean_shape_gap_dct08,101,-0.04243447874199185,0.6735047621875956,,,0.9954546402648256
final_mid_relative_decline,transmural,d_tm_consensus_curve_correlation,101,-0.0423296447291788,0.6742656041459074,,,0.9954546402648256
final_mid_relative_decline,transmural,v2_tm_shape_rms_iqr,101,-0.04205008736167734,0.6762961185392278,,,0.9954546402648256
final_mid_relative_decline,transmural,d_tm_sd_gap_dct02,101,-0.04124635993011066,0.6821467300349382,,,0.9954546402648256
final_mid_relative_decline,variability,v2_var__mid_peak_abs_cv,101,-0.04104834012813046,0.6835910951071367,,,0.9954546402648256
final_mid_relative_decline,transmural,d_tm_vendor_peak_gap_std,101,-0.04067559697146185,0.6863129920706603,,,0.9954546402648256
final_mid_relative_decline,transmural,v2_tm_consensus_curve_correlation,101,-0.04055911473500291,0.6871644092243858,,,0.9954546402648256
final_mid_relative_decline,transmural,v2_tm_vendor_ttp_gap_median,101,0.040477577169481645,0.6877606338798934,,,0.9954546402648256
final_mid_relative_decline,transmural,v1_tm_peak_layer_correlation,101,-0.040267909143855564,0.6892946602672749,,,0.9954546402648256
final_mid_relative_decline,transmural,d_tm_vendor_peak_gap_mean,101,0.039033197437390796,0.6983537219753531,,,0.9954546402648256
final_mid_relative_decline,transmural,d_tm_mean_shape_gap_dct06,101,0.03832265579499126,0.7035863018212756,,,0.9954546402648256
final_mid_relative_decline,variability,v1_var__endo_within_ring_peak_robust_sd_mean,101,-0.036773442050087354,0.7150427900932791,,,0.9954546402648256
final_mid_relative_decline,variability,v1_var__endo_spatial_peak_graph_roughness,101,-0.03668025626092021,0.7157339523595803,,,0.9954546402648256
final_mid_relative_decline,variability,v2_var__endo_peak_abs_cv,101,-0.03497961560861968,0.7283874615437087,,,0.9954546402648256
final_mid_relative_decline,variability,d_var__endo_spatial_peak_graph_roughness,101,-0.03470005824111823,0.7304745908372783,,,0.9954546402648256
final_mid_relative_decline,transmural,d_tm_peak_gap_p90_p10,101,0.03459522422830518,0.7312577722465962,,,0.9954546402648256
final_mid_relative_decline,transmural,d_tm_curve_abs_area_p90_p10,101,-0.034583576004659285,0.7313448094474964,,,0.9954546402648256
final_mid_relative_decline,transmural,d_tm_curve_rms_std,101,-0.03431566686080372,0.7333476028270541,,,0.9954546402648256
final_mid_relative_decline,transmural,v2_tm_vendor_ttp_gap_p90_p10,101,-0.03430401863715783,0.733434721470414,,,0.9954546402648256
final_mid_relative_decline,transmural,d_tm_shape_rms_robust_sd,101,0.03360512521840419,0.7386679900045277,,,0.9954546402648256
final_mid_relative_decline,transmural,v2_tm_mean_shape_gap_dct08,101,0.03350029120559115,0.7394540163417067,,,0.9954546402648256
final_mid_relative_decline,transmural,v2_tm_sd_gap_dct03,101,0.03337216074548631,0.740415079229803,,,0.9954546402648256
final_mid_relative_decline,variability,d_var__mid_peak_abs_cv,101,-0.03270821199767036,0.7454014947050651,,,0.9954546402648256
final_mid_relative_decline,variability,d_var__mid_shape_incoherence,101,-0.03258008153756552,0.7463650030554402,,,0.9954546402648256
final_mid_relative_decline,transmural,v1_tm_shape_rms_std,101,-0.03245195107746068,0.7473289020496479,,,0.9954546402648256
final_mid_relative_decline,variability,v2_var__endo_impaired_segment_fraction_lt15,101,-0.03209085614443797,0.7500474344484596,,,0.9954546402648256
final_mid_relative_decline,transmural,d_tm_mean_shape_gap_dct08,101,0.03202096680256261,0.7505739564828209,,,0.9954546402648256
final_mid_relative_decline,transmural,d_tm_curve_abs_area_median,101,0.031974373907979026,0.7509250347565529,,,0.9954546402648256
final_mid_relative_decline,transmural,v1_tm_sd_gap_dct05,101,-0.031776354105998834,0.7524176832312313,,,0.9954546402648256
final_mid_relative_decline,transmural,d_tm_mean_shape_gap_dct01,101,0.031741409435061145,0.7526811866291357,,,0.9954546402648256
final_mid_relative_decline,transmural,v2_tm_curve_abs_area_iqr,101,0.03172976121141526,0.7527690274033673,,,0.9954546402648256
final_mid_relative_decline,transmural,v1_tm_shape_rms_iqr,101,-0.031030867792661617,0.758045205001077,,,0.9954546402648256
final_mid_relative_decline,variability,v2_var__endo_within_view_peak_robust_sd_mean,101,-0.03094933022714036,0.7586614878728127,,,0.9954546402648256
final_mid_relative_decline,variability,v1_var__mid_shape_dispersion_rms,101,0.030576587070471752,0.7614806986881535,,,0.9954546402648256
final_mid_relative_decline,transmural,d_tm_segment_curve_correlation_p90_p10,101,-0.030390215492137447,0.7628914767740274,,,0.9954546402648256
final_mid_relative_decline,transmural,d_tm_curve_rms_p90_p10,101,-0.030099009900990098,0.765097369428162,,,0.9954546402648256
final_mid_relative_decline,transmural,d_tm_curve_abs_area_mean,101,0.030087361677344205,0.7651856443063998,,,0.9954546402648256
final_mid_relative_decline,transmural,v2_tm_sd_gap_dct05,101,0.030052417006406523,0.7654504869589299,,,0.9954546402648256
final_mid_relative_decline,variability,v1_var__mid_spatial_timing_graph_roughness,101,0.029481654047757717,0.7697800521123953,,,0.9954546402648256
final_mid_relative_decline,transmural,v2_tm_vendor_peak_gap_robust_sd,101,-0.02910891089108911,0.7726113520062672,,,0.9954546402648256
final_mid_relative_decline,transmural,v2_tm_curve_rms_robust_sd,101,-0.02896913220733838,0.7736738606503054,,,0.9954546402648256
final_mid_relative_decline,transmural,v2_tm_curve_rms_iqr,101,0.02850320326150262,0.7772185628815856,,,0.9954546402648256
final_mid_relative_decline,transmural,v2_tm_segment_curve_correlation_median,101,0.027699475829935934,0.7833438828619125,,,0.9954546402648256
final_mid_relative_decline,transmural,v2_tm_mean_shape_gap_dct05,101,0.027699475829935934,0.7833438828619125,,,0.9954546402648256
final_mid_relative_decline,variability,v2_var__endo_vendor_time_to_peak_norm_circular_std,101,-0.027629586488060565,0.7838771507859078,,,0.9954546402648256
final_mid_relative_decline,variability,v2_var__endo_time_to_peak_norm_circular_std,101,-0.027396622015142688,0.7856554312287198,,,0.9954546402648256
final_mid_relative_decline,transmural,v1_tm_curve_abs_area_iqr,101,-0.02728013977868375,0.7865449852799269,,,0.9954546402648256
final_mid_relative_decline,transmural,d_tm_peak_gap_std,101,-0.027186953989516597,0.7872568261668847,,,0.9954546402648256
final_mid_relative_decline,transmural,d_tm_mean_shape_gap_dct04,101,0.027047175305765867,0.7883249156000776,,,0.9954546402648256
final_mid_relative_decline,transmural,v1_tm_curve_rms_p90_p10,101,-0.026592894583576006,0.7917989040685061,,,0.9954546402648256
final_mid_relative_decline,variability,v1_var__mid_curve_integrated_robust_mad,101,0.02624344787419918,0.7944739800109926,,,0.9954546402648256
final_mid_relative_decline,variability,v1_var__mid_curve_dispersion_rms,101,0.02605707629586488,0.7959016631746205,,,0.9954546402648256
final_mid_relative_decline,transmural,d_tm_sd_gap_dct05,101,0.025859056493884678,0.7974193139960244,,,0.9954546402648256
final_mid_relative_decline,transmural,d_tm_vendor_ttp_gap_mean,101,0.025812463599301106,0.7977765181589082,,,0.9954546402648256
final_mid_relative_decline,transmural,d_tm_peak_ratio_robust_sd,101,0.02469423412929528,0.806361766023532,,,0.9954546402648256
final_mid_relative_decline,transmural,d_tm_vendor_peak_gap_p90_p10,101,0.024647641234711706,0.8067199915120915,,,0.9954546402648256
final_mid_relative_decline,transmural,v1_tm_shape_rms_median,101,-0.02436808386721025,0.8088701805061193,,,0.9954546402648256
final_mid_relative_decline,transmural,v2_tm_peak_gap_iqr,101,-0.024344787419918464,0.8090494273283859,,,0.9954546402648256
final_mid_relative_decline,transmural,v2_tm_ttp_gap_std,101,-0.024065230052417,0.8112011562776015,,,0.9954546402648256
final_mid_relative_decline,variability,d_var__endo_impaired_segment_fraction_lt15,101,0.02375072801397787,0.8136235305208135,,,0.9954546402648256
final_mid_relative_decline,variability,d_var__endo_peak_abs_cv,101,-0.023308095515433894,0.8170357690562954,,,0.9954546402648256
final_mid_relative_decline,transmural,v2_tm_vendor_peak_gap_mean,101,0.022795573675014558,0.8209910485912209,,,0.9954546402648256
final_mid_relative_decline,variability,d_var__mid_spatial_peak_graph_roughness,101,-0.021525917297612114,0.8308084779202749,,,0.9954546402648256
final_mid_relative_decline,transmural,d_tm_mean_gap_dct03,101,-0.021514269073966218,0.8308986690247688,,,0.9954546402648256
final_mid_relative_decline,transmural,v1_tm_vendor_peak_gap_mean,101,-0.021036691904484563,0.8345983798275609,,,0.9954546402648256
final_mid_relative_decline,transmural,v2_tm_ttp_gap_p90_p10,101,0.020768782760629004,0.8366754124426479,,,0.9954546402648256
final_mid_relative_decline,transmural,v1_tm_fraction_ttp_discordant_gt_5pct_cycle,101,0.020675596971461853,0.8373981222334783,,,0.9954546402648256
final_mid_relative_decline,transmural,d_tm_sd_gap_dct03,101,0.020617355853232378,0.8378498845133734,,,0.9954546402648256
final_mid_relative_decline,transmural,d_tm_curve_rms_median,101,-0.020407687827606286,0.839476663594386,,,0.9954546402648256
final_mid_relative_decline,transmural,d_tm_mean_gap_dct08,101,-0.01953407105416424,0.8462621061342115,,,0.9954546402648256
final_mid_relative_decline,transmural,d_tm_curve_abs_area_std,101,-0.018753640069889343,0.8523332930909271,,,0.9954546402648256
final_mid_relative_decline,transmural,v2_tm_shape_rms_median,101,-0.01839254513686663,0.8551452904504611,,,0.9954546402648256
final_mid_relative_decline,variability,d_var__mid_within_ring_peak_robust_sd_mean,101,-0.01834595224228305,0.8555082615895571,,,0.9954546402648256
final_mid_relative_decline,transmural,v2_tm_peak_gap_median,101,-0.01822947000582411,0.8564158209936364,,,0.9954546402648256
final_mid_relative_decline,transmural,v1_tm_curve_abs_area_robust_sd,101,-0.01790331974373908,0.8589579785336765,,,0.9954546402648256
final_mid_relative_decline,transmural,v2_tm_curve_rms_p90_p10,101,-0.017786837507280138,0.8598662424229089,,,0.9954546402648256
final_mid_relative_decline,transmural,v2_tm_peak_ratio_median,101,-0.017705299941758883,0.8605021358670171,,,0.9954546402648256
final_mid_relative_decline,transmural,v2_tm_mean_gap_dct03,101,0.016831683168316833,0.8673207892096372,,,0.9954546402648256
final_mid_relative_decline,transmural,v2_tm_vendor_ttp_gap_iqr,101,-0.016622015142690738,0.8689587331637694,,,0.9954546402648256
final_mid_relative_decline,variability,v1_var__endo_curve_dispersion_rms,101,0.01569015725101922,0.8762450917041111,,,0.9954546402648256
final_mid_relative_decline,variability,d_var__endo_within_view_peak_robust_sd_mean,101,-0.015165987186953988,0.8803482523789508,,,0.9954546402648256
final_mid_relative_decline,variability,v1_var__endo_curve_pairwise_rmse,101,0.014723354688410016,0.8838156134468946,,,0.9954546402648256
final_mid_relative_decline,transmural,d_tm_ttp_gap_mean,101,-0.014362259755387302,0.8866458773418073,,,0.9954546402648256
final_mid_relative_decline,variability,v2_var__mid_post_systolic_fraction,101,-0.014280722189866044,0.8872851675807834,,,0.9954546402648256
final_mid_relative_decline,transmural,v2_tm_peak_ratio_mean,101,0.013966220151426905,0.889751674312558,,,0.9954546402648256
final_mid_relative_decline,variability,v1_var__endo_curve_integrated_robust_mad,101,-0.013465346534653465,0.893681975595565,,,0.9954546402648256
final_mid_relative_decline,transmural,v2_tm_segment_curve_correlation_iqr,101,0.013139196272568432,0.8962426303978083,,,0.9954546402648256
final_mid_relative_decline,transmural,v2_tm_peak_layer_correlation,101,0.01295282469423413,0.8977063414614475,,,0.9954546402648256
final_mid_relative_decline,transmural,d_tm_peak_gap_mean,101,-0.012358765288293534,0.9023741849140092,,,0.9954546402648256
final_mid_relative_decline,transmural,d_tm_peak_gap_median,101,-0.01188118811881188,0.906129184063741,,,0.9954546402648256
final_mid_relative_decline,variability,v1_var__endo_time_to_peak_norm_circular_std,101,0.010390215492137448,0.9178650380553878,,,0.9954546402648256
final_mid_relative_decline,variability,v1_var__endo_shape_dispersion_rms,101,-0.01033197437390798,0.9183238443421897,,,0.9954546402648256
final_mid_relative_decline,variability,v1_var__mid_curve_pairwise_rmse,101,0.010122306348281885,0.9199757676724175,,,0.9954546402648256
final_mid_relative_decline,transmural,v2_tm_ttp_gap_iqr,101,0.00969132207338381,0.9233724483375445,,,0.9954546402648256
final_mid_relative_decline,transmural,v1_tm_shape_rms_robust_sd,101,-0.009225393127548049,0.9270460822162129,,,0.9954546402648256
final_mid_relative_decline,transmural,v1_tm_vendor_peak_gap_median,101,-0.00920209668025626,0.9272298047669087,,,0.9954546402648256
final_mid_relative_decline,transmural,d_tm_curve_rms_mean,101,0.00896913220733838,0.9290672388333188,,,0.9954546402648256
final_mid_relative_decline,variability,v1_var__mid_time_to_peak_norm_circular_std,101,0.008771112405358182,0.9306293510292688,,,0.9954546402648256
final_mid_relative_decline,transmural,v1_tm_curve_abs_area_p90_p10,101,0.008689574839836924,0.9312726505409472,,,0.9954546402648256
final_mid_relative_decline,transmural,v2_tm_curve_abs_area_robust_sd,101,0.00844496214327315,0.933202812729806,,,0.9954546402648256
final_mid_relative_decline,transmural,d_tm_peak_ratio_iqr,101,0.008130460104834012,0.935685016670634,,,0.9954546402648256
final_mid_relative_decline,variability,d_var__endo_spatial_timing_graph_roughness,101,0.0075946418171228885,0.9399153621776062,,,0.9954546402648256
final_mid_relative_decline,variability,v2_var__mid_spatial_timing_graph_roughness,101,-0.007396622015142691,0.9414791796617656,,,0.9954546402648256
final_mid_relative_decline,transmural,v2_tm_shape_rms_robust_sd,101,-0.007384973791496796,0.9415711759032448,,,0.9954546402648256
final_mid_relative_decline,transmural,v2_tm_segment_curve_correlation_robust_sd,101,0.0070355270821199755,0.944331414699809,,,0.9954546402648256
final_mid_relative_decline,transmural,d_tm_shape_rms_p90_p10,101,-0.006895748398369248,0.9454356963842813,,,0.9954546402648256
final_mid_relative_decline,transmural,d_tm_peak_ratio_median,101,0.006674432149097262,0.9471843527286842,,,0.9954546402648256
final_mid_relative_decline,transmural,v2_tm_curve_abs_area_p90_p10,101,-0.006441467676179382,0.949025314175204,,,0.9954546402648256
final_mid_relative_decline,transmural,d_tm_ttp_gap_iqr,101,0.00617355853232382,0.9511427505611418,,,0.9954546402648256
final_mid_relative_decline,transmural,v1_tm_curve_abs_area_std,101,-0.005730926033779848,0.9546418610842048,,,0.9954546402648256
final_mid_relative_decline,transmural,v1_tm_curve_rms_std,101,-0.005404775771694815,0.9572207077931218,,,0.9954546402648256
final_mid_relative_decline,transmural,v1_tm_sd_gap_dct03,101,0.0053115899825276645,0.957957603299805,,,0.9954546402648256
final_mid_relative_decline,transmural,v2_tm_curve_abs_area_std,101,-0.005264997087944089,0.9583260643598486,,,0.9954546402648256
final_mid_relative_decline,variability,d_var__endo_shape_incoherence,101,-0.0052533488642981935,0.9584181809978758,,,0.9954546402648256
final_mid_relative_decline,variability,v1_var__endo_vendor_time_to_peak_norm_circular_std,101,0.005148514851485148,0.9592472552004709,,,0.9954546402648256
final_mid_relative_decline,transmural,d_tm_shape_rms_median,101,-0.0047524752475247515,0.9623796976768014,,,0.9954546402648256
final_mid_relative_decline,transmural,d_tm_peak_ratio_mean,101,-0.004531158998252766,0.9641304324009986,,,0.9954546402648256
final_mid_relative_decline,transmural,d_tm_mean_gap_dct07,101,-0.004391380314502038,0.9652362478712213,,,0.9954546402648256
final_mid_relative_decline,transmural,v2_tm_vendor_ttp_gap_robust_sd,101,-0.004321490972626674,0.9657891804286666,,,0.9954546402648256
final_mid_relative_decline,variability,v1_var__endo_spatial_timing_graph_roughness,101,-0.004065230052417006,0.9678167364130863,,,0.9954546402648256
final_mid_relative_decline,transmural,v1_tm_mean_shape_gap_dct05,101,-0.00366919044845661,0.9709506304384561,,,0.9954546402648256
final_mid_relative_decline,transmural,d_tm_peak_layer_correlation,101,0.003040186371578334,0.9759288803495192,,,0.9954546402648256
final_mid_relative_decline,transmural,v1_tm_peak_gap_median,101,-0.0026907396622015143,0.9786949860169383,,,0.9954546402648256
final_mid_relative_decline,transmural,d_tm_mean_shape_gap_dct05,101,0.0026790914385556204,0.9787871940660439,,,0.9954546402648256
final_mid_relative_decline,transmural,v2_tm_mean_gap_dct05,101,-0.002352941176470588,0.9813691283322628,,,0.9954546402648256
final_mid_relative_decline,variability,v2_var__mid_time_to_peak_norm_circular_std,101,0.002317996505532906,0.9816457760164432,,,0.9954546402648256
final_mid_relative_decline,variability,v1_var__mid_shape_pairwise_rmse,101,0.002143273150844496,0.98302904638755,,,0.9954546402648256
final_mid_relative_decline,transmural,v1_tm_sd_gap_dct01,101,-0.002003494467093768,0.9841356990593932,,,0.9954546402648256
final_mid_relative_decline,variability,v1_var__mid_vendor_time_to_peak_norm_circular_std,101,-0.00192195690157251,0.9847812604686345,,,0.9954546402648256
final_mid_relative_decline,transmural,v1_tm_peak_gap_mean,101,-0.0018986604542807221,0.9849657084062056,,,0.9954546402648256
final_mid_relative_decline,transmural,v1_tm_segment_curve_correlation_p90_p10,101,-0.0018753640069889342,0.9851501571351566,,,0.9954546402648256
final_mid_relative_decline,variability,d_var__mid_within_view_peak_robust_sd_mean,101,-0.001793826441467676,0.9857957337784576,,,0.9954546402648256
final_mid_relative_decline,transmural,d_tm_shape_rms_iqr,101,0.001642399534071054,0.9869946858149828,,,0.9954546402648256
final_mid_relative_decline,transmural,v1_tm_segment_curve_correlation_mean,101,0.0012347117064647642,0.9902227698954269,,,0.9958650648805861
final_mid_relative_decline,variability,d_var__mid_impaired_segment_fraction_lt15,101,0.0007804309842748981,0.993819961209399,,,0.9966433133719257
final_mid_relative_decline,variability,v2_var__mid_vendor_time_to_peak_norm_circular_std,101,2.3296447291788e-05,0.9998155194152458,,,0.9998155194152458
future_ef_absolute_decline,transmural,d_tm_sd_gap_dct06,92,0.2995391705069124,0.0037231463452478465,0.07821795677953829,0.48337922995960114,0.9998836613436081
future_ef_absolute_decline,transmural,v1_tm_mean_gap_dct04,92,-0.24935653406901653,0.01652823001857012,-0.45301012293575044,-0.04067129491950464,0.9998836613436081
future_ef_absolute_decline,transmural,v1_tm_vendor_peak_gap_robust_sd,92,-0.24265215850068583,0.019776473867722574,-0.4481314468908054,-0.028817580202439914,0.9998836613436081
future_ef_absolute_decline,variability,d_var__mid_impaired_segment_fraction_lt15,92,0.24030948014117717,0.02103394306936651,0.044418499465719144,0.41420961585492433,0.9998836613436081
future_ef_absolute_decline,transmural,d_tm_ttp_gap_p90_p10,92,-0.22477382365180398,0.03123053409003019,-0.4012255790719021,-0.03486721634498617,0.9998836613436081
future_ef_absolute_decline,variability,d_var__endo_peak_abs_robust_sd,92,0.22155264090747964,0.033799484361773484,0.0393401749722131,0.40068452001463084,0.9998836613436081
future_ef_absolute_decline,variability,v1_var__mid_impaired_segment_fraction_lt15,92,-0.21822357165975678,0.036638865636940486,-0.4098617546477342,-0.018182593893665285,0.9998836613436081
future_ef_absolute_decline,transmural,v1_tm_vendor_ttp_gap_robust_sd,92,0.21517192484934416,0.03941455649415118,0.01988987428500425,0.3945662076849089,0.9998836613436081
future_ef_absolute_decline,transmural,v1_tm_ttp_gap_p90_p10,92,0.21219733982707334,0.04228694025757731,-0.004034910037550957,0.4023132853520888,0.9998836613436081
future_ef_absolute_decline,variability,d_var__mid_within_ring_peak_robust_sd_mean,92,0.20999337268621981,0.04452571252567148,0.0014460691392310905,0.3994136638624217,0.9998836613436081
future_ef_absolute_decline,transmural,v1_tm_sd_gap_dct06,92,-0.209423115453971,0.045120721359353994,-0.40858091614626724,0.012565393756650146,0.9998836613436081
future_ef_absolute_decline,transmural,v1_tm_peak_ratio_p90_p10,92,-0.20832883806235838,0.04628095723083649,-0.4242235922536382,-0.0017815927328055598,0.9998836613436081
future_ef_absolute_decline,transmural,v2_tm_curve_abs_area_median,92,0.20535425304008753,0.04956019162242742,-0.01739665092409751,0.4102887340469974,0.9998836613436081
future_ef_absolute_decline,transmural,d_tm_curve_abs_area_robust_sd,92,0.1930551916526671,0.06521397922350192,-0.01597110086357132,0.3813300208631252,0.9998836613436081
future_ef_absolute_decline,transmural,v2_tm_segment_curve_correlation_median,92,-0.18579597120971594,0.07619553381232845,-0.36410962815270426,0.009641582173962427,0.9998836613436081
future_ef_absolute_decline,transmural,v1_tm_peak_ratio_std,92,-0.18369989057226083,0.07962845586382053,-0.36671687886886384,0.006898603993836576,0.9998836613436081
future_ef_absolute_decline,transmural,v1_tm_vendor_peak_gap_p90_p10,92,-0.17699551500393015,0.09144516197272314,-0.39228836611555923,0.03749521088044295,0.9998836613436081
future_ef_absolute_decline,transmural,v2_tm_curve_abs_area_mean,92,0.17197108641708922,0.10117736903039015,-0.035638474056234395,0.37698118481116216,0.9998836613436081
future_ef_absolute_decline,transmural,d_tm_vendor_peak_gap_robust_sd,92,0.17072268544919314,0.10371704375879812,-0.046992350835954474,0.3657568647987591,0.9998836613436081
future_ef_absolute_decline,variability,d_var__mid_spatial_timing_graph_roughness,92,-0.16862660481173802,0.10809289593332663,-0.362785884842847,0.0325305379862198,0.9998836613436081
future_ef_absolute_decline,transmural,d_tm_consensus_curve_correlation,92,-0.16853413066596795,0.10828920719111676,,,0.9998836613436081
future_ef_absolute_decline,transmural,v1_tm_vendor_ttp_gap_iqr,92,0.16739361620147034,0.1107332514055079,,,0.9998836613436081
future_ef_absolute_decline,transmural,v2_tm_shape_rms_std,92,-0.16243083704514277,0.1218698094262969,,,0.9998836613436081
future_ef_absolute_decline,transmural,d_tm_peak_gap_p90_p10,92,0.15985697332120893,0.12797485640737927,,,0.9998836613436081
future_ef_absolute_decline,transmural,v1_tm_sd_gap_dct04,92,0.15823867577023257,0.13193139508003923,,,0.9998836613436081
future_ef_absolute_decline,transmural,d_tm_sd_gap_dct05,92,-0.1551253795293066,0.13980419024372323,,,0.9998836613436081
future_ef_absolute_decline,transmural,v2_tm_mean_shape_gap_dct04,92,-0.1543701740055176,0.14176643530637625,,,0.9998836613436081
future_ef_absolute_decline,variability,v1_var__endo_peak_abs_robust_sd,92,-0.15418522571397747,0.14225014101074884,,,0.9998836613436081
future_ef_absolute_decline,variability,d_var__endo_spatial_timing_graph_roughness,92,-0.15270563938165618,0.1461647427956451,,,0.9998836613436081
future_ef_absolute_decline,transmural,v2_tm_curve_rms_mean,92,0.15239739222908927,0.14699039083775065,,,0.9998836613436081
future_ef_absolute_decline,transmural,v2_tm_segment_curve_correlation_robust_sd,92,0.15173466085107037,0.14877740133928471,,,0.9998836613436081
future_ef_absolute_decline,transmural,v1_tm_peak_gap_p90_p10,92,-0.15020883744586408,0.15295361285957923,,,0.9998836613436081
future_ef_absolute_decline,variability,d_var__endo_within_view_peak_robust_sd_mean,92,0.14976187907464206,0.1541933965904526,,,0.9998836613436081
future_ef_absolute_decline,transmural,d_tm_vendor_peak_gap_p90_p10,92,0.14866760168302945,0.15726040262120997,,,0.9998836613436081
future_ef_absolute_decline,transmural,v2_tm_consensus_curve_correlation,92,-0.14852889046437434,0.15765240157918084,,,0.9998836613436081
future_ef_absolute_decline,transmural,d_tm_sd_gap_dct04,92,-0.14741920071513337,0.16081463350974887,,,0.9998836613436081
future_ef_absolute_decline,transmural,v2_tm_curve_rms_median,92,0.14550806836921845,0.16637076809547163,,,0.9998836613436081
future_ef_absolute_decline,transmural,v1_tm_fraction_ttp_discordant_gt_5pct_cycle,92,0.14351987423516174,0.17230023968864117,,,0.9998836613436081
future_ef_absolute_decline,transmural,v2_tm_segment_curve_correlation_std,92,-0.14324245179785153,0.17313981062445966,,,0.9998836613436081
future_ef_absolute_decline,transmural,v1_tm_mean_gap_dct02,92,0.14210193733335388,0.17662297890201561,,,0.9998836613436081
future_ef_absolute_decline,transmural,v1_tm_mean_shape_gap_dct07,92,-0.14056070157051925,0.1814111612541058,,,0.9998836613436081
future_ef_absolute_decline,transmural,v1_tm_shape_rms_robust_sd,92,0.14037575327897908,0.18199204718995032,,,0.9998836613436081
future_ef_absolute_decline,transmural,d_tm_mean_shape_gap_dct03,92,-0.13999044433827043,0.18320658098942996,,,0.9998836613436081
future_ef_absolute_decline,transmural,v2_tm_sd_gap_dct05,92,-0.13946642417890665,0.18486780868118421,,,0.9998836613436081
future_ef_absolute_decline,transmural,d_tm_curve_abs_area_mean,92,0.1391581770263397,0.18585010604867813,,,0.9998836613436081
future_ef_absolute_decline,transmural,d_tm_mean_gap_dct03,92,-0.13647642679900746,0.1945565714383006,,,0.9998836613436081
future_ef_absolute_decline,transmural,v1_tm_ttp_layer_correlation,92,0.13458070681072085,0.20088616730678008,,,0.9998836613436081
future_ef_absolute_decline,transmural,d_tm_vendor_ttp_gap_robust_sd,92,-0.13362514063776335,0.20413211331049766,,,0.9998836613436081
future_ef_absolute_decline,transmural,v2_tm_ttp_gap_iqr,92,0.133609728280135,0.2041847729353017,,,0.9998836613436081
future_ef_absolute_decline,transmural,v1_tm_peak_gap_robust_sd,92,-0.1332398316970547,0.2054515204670147,,,0.9998836613436081
future_ef_absolute_decline,variability,d_var__endo_within_ring_peak_robust_sd_mean,92,0.13291617218685942,0.20656452263847427,,,0.9998836613436081
future_ef_absolute_decline,transmural,v1_tm_shape_rms_median,92,0.132407564385124,0.2083222110858248,,,0.9998836613436081
future_ef_absolute_decline,transmural,v2_tm_shape_rms_median,92,0.1322380284512122,0.2089104693500507,,,0.9998836613436081
future_ef_absolute_decline,transmural,d_tm_curve_rms_robust_sd,92,0.13189895658338857,0.21009053389763857,,,0.9998836613436081
future_ef_absolute_decline,transmural,v1_tm_vendor_ttp_gap_p90_p10,92,0.13155988471556493,0.21127533446264896,,,0.9998836613436081
future_ef_absolute_decline,transmural,v2_tm_mean_gap_dct01,92,-0.12997241187984526,0.21688553270866875,,,0.9998836613436081
future_ef_absolute_decline,transmural,v2_tm_sd_gap_dct02,92,-0.1283232896136122,0.2228243561396941,,,0.9998836613436081
future_ef_absolute_decline,transmural,v1_tm_mean_shape_gap_dct06,92,-0.12830787725598386,0.2228803935752192,,,0.9998836613436081
future_ef_absolute_decline,variability,d_var__mid_shape_incoherence,92,-0.12772220766610667,0.22501716854352494,,,0.9998836613436081
future_ef_absolute_decline,variability,d_var__endo_vendor_time_to_peak_norm_circular_std,92,-0.12615014718801534,0.23082373833279352,,,0.9998836613436081
future_ef_absolute_decline,variability,v1_var__endo_curve_pairwise_rmse,92,0.12516375629980117,0.23452008810655925,,,0.9998836613436081
future_ef_absolute_decline,variability,v1_var__mid_shape_incoherence,92,0.12485550914723424,0.2356836049312173,,,0.9998836613436081
future_ef_absolute_decline,variability,d_var__mid_within_view_peak_robust_sd_mean,92,0.12454726199466733,0.23685113164734797,,,0.9998836613436081
future_ef_absolute_decline,transmural,d_tm_curve_abs_area_median,92,0.12413112833870196,0.2384336596921672,,,0.9998836613436081
future_ef_absolute_decline,transmural,v1_tm_curve_rms_mean,92,0.12283649029792088,0.24340394939710527,,,0.9998836613436081
future_ef_absolute_decline,transmural,d_tm_shape_rms_std,92,-0.12144937811136969,0.24880819377403934,,,0.9998836613436081
future_ef_absolute_decline,variability,v1_var__mid_shape_pairwise_rmse,92,0.12131066689271457,0.24935311993892648,,,0.9998836613436081
future_ef_absolute_decline,transmural,v2_tm_mean_gap_dct05,92,0.12030886364687206,0.2533130486477486,,,0.9998836613436081
future_ef_absolute_decline,transmural,v1_tm_curve_abs_area_robust_sd,92,-0.11864432902301064,0.2599874064338662,,,0.9998836613436081
future_ef_absolute_decline,variability,v1_var__endo_impaired_segment_fraction_lt15,92,-0.11858267959249727,0.2602368818996756,,,0.9998836613436081
future_ef_absolute_decline,variability,d_var__endo_vendor_peak_systolic_abs_robust_sd,92,0.11369696222431144,0.280527047687817,,,0.9998836613436081
future_ef_absolute_decline,transmural,d_tm_curve_abs_area_p90_p10,92,0.11360448807854137,0.28092100285916405,,,0.9998836613436081
future_ef_absolute_decline,variability,v1_var__endo_within_view_peak_robust_sd_mean,92,-0.11033706826133194,0.29507793904866786,,,0.9998836613436081
future_ef_absolute_decline,transmural,v2_tm_vendor_peak_gap_mean,92,0.10979763574433982,0.2974595826393258,,,0.9998836613436081
future_ef_absolute_decline,variability,v1_var__endo_curve_dispersion_rms,92,0.10958186273754295,0.29841576735285297,,,0.9998836613436081
future_ef_absolute_decline,variability,v1_var__mid_within_ring_peak_robust_sd_mean,92,-0.10950480094940121,0.2987577504259218,,,0.9998836613436081
future_ef_absolute_decline,transmural,v1_tm_curve_abs_area_mean,92,0.1089961931476658,0.30102128801575734,,,0.9998836613436081
future_ef_absolute_decline,transmural,v2_tm_mean_gap_dct04,92,-0.10870335835272721,0.302329618719239,,,0.9998836613436081
future_ef_absolute_decline,variability,v1_var__mid_shape_dispersion_rms,92,0.10845676063067368,0.3034342515558905,,,0.9998836613436081
future_ef_absolute_decline,transmural,d_tm_curve_rms_p90_p10,92,0.10825639998150517,0.30433370515715474,,,0.9998836613436081
future_ef_absolute_decline,transmural,v2_tm_peak_ratio_iqr,92,-0.10686928779495398,0.3106083841853263,,,0.9998836613436081
future_ef_absolute_decline,transmural,v2_tm_mean_shape_gap_dct06,92,-0.10620655641693509,0.31363571057322376,,,0.9998836613436081
future_ef_absolute_decline,variability,d_var__endo_shape_incoherence,92,-0.10588289690673983,0.31512108676741807,,,0.9998836613436081
future_ef_absolute_decline,transmural,d_tm_mean_gap_dct05,92,0.10585207219148313,0.3152627878085162,,,0.9998836613436081
future_ef_absolute_decline,transmural,v1_tm_mean_gap_dct01,92,-0.10429542407102015,0.3224721974181287,,,0.9998836613436081
future_ef_absolute_decline,variability,v1_var__mid_within_view_peak_robust_sd_mean,92,-0.1040180016337099,0.32376805723004276,,,0.9998836613436081
future_ef_absolute_decline,transmural,v1_tm_mean_gap_dct03,92,0.10383305334216975,0.32463381435158034,,,0.9998836613436081
future_ef_absolute_decline,variability,v2_var__endo_within_view_peak_robust_sd_mean,92,0.10304702310312407,0.3283297943535779,,,0.9998836613436081
future_ef_absolute_decline,variability,v2_var__endo_curve_integrated_robust_mad,92,0.10300078603023904,0.32854803730275683,,,0.9998836613436081
future_ef_absolute_decline,transmural,d_tm_mean_gap_dct04,92,0.10249217822850361,0.3309548117079969,,,0.9998836613436081
future_ef_absolute_decline,variability,d_var__endo_shape_pairwise_rmse,92,-0.10215310636068001,0.33256554143143613,,,0.9998836613436081
future_ef_absolute_decline,transmural,v2_tm_peak_gap_robust_sd,92,-0.10190650863862645,0.3337401023737032,,,0.9998836613436081
future_ef_absolute_decline,variability,v2_var__endo_vendor_peak_systolic_abs_robust_sd,92,0.1010280042538107,0.33794582605899715,,,0.9998836613436081
future_ef_absolute_decline,variability,v1_var__mid_spatial_peak_graph_roughness,92,-0.0999029021469414,0.3433807580875945,,,0.9998836613436081
future_ef_absolute_decline,variability,v1_var__mid_time_to_peak_norm_circular_std,92,0.09977960328591465,0.34397968650881183,,,0.9998836613436081
future_ef_absolute_decline,variability,v2_var__mid_post_systolic_fraction,92,-0.09891651125872725,0.3481905275946231,,,0.9998836613436081
future_ef_absolute_decline,variability,v1_var__endo_vendor_time_to_peak_norm_circular_std,92,0.09882403711295716,0.3486435919728279,,,0.9998836613436081
future_ef_absolute_decline,variability,v1_var__mid_curve_dispersion_rms,92,0.09839249109936346,0.35076275862885686,,,0.9998836613436081
future_ef_absolute_decline,transmural,d_tm_vendor_peak_gap_median,92,0.0976681102908312,0.35433793749974063,,,0.9998836613436081
future_ef_absolute_decline,variability,v1_var__mid_spatial_timing_graph_roughness,92,0.0976372855755745,0.3544905730402057,,,0.9998836613436081
future_ef_absolute_decline,variability,v1_var__endo_spatial_timing_graph_roughness,92,0.0969437294822989,0.35793566015798517,,,0.9998836613436081
future_ef_absolute_decline,transmural,v1_tm_mean_shape_gap_dct03,92,0.09611146217036821,0.3620970052698125,,,0.9998836613436081
future_ef_absolute_decline,transmural,v2_tm_segment_curve_correlation_mean,92,0.09524837014318079,0.36644381291981376,,,0.9998836613436081
future_ef_absolute_decline,transmural,v2_tm_peak_gap_iqr,92,-0.0944161028312501,0.37066554222744774,,,0.9998836613436081
future_ef_absolute_decline,transmural,v1_tm_curve_rms_robust_sd,92,-0.0926282693463619,0.3798343110655289,,,0.9998836613436081
future_ef_absolute_decline,transmural,d_tm_ttp_gap_iqr,92,-0.09250497048533513,0.38047165210753175,,,0.9998836613436081
future_ef_absolute_decline,transmural,v1_tm_segment_curve_correlation_p90_p10,92,-0.09247414577007845,0.38063108824410463,,,0.9998836613436081
future_ef_absolute_decline,transmural,v1_tm_vendor_peak_gap_std,92,-0.09210424918699814,0.38254746767650505,,,0.9998836613436081
future_ef_absolute_decline,variability,v1_var__endo_shape_incoherence,92,0.09202718739885642,0.382947444055559,,,0.9998836613436081
future_ef_absolute_decline,variability,d_var__endo_time_to_peak_norm_circular_std,92,-0.09122574480218237,0.3871221161731788,,,0.9998836613436081
future_ef_absolute_decline,variability,v1_var__endo_time_to_peak_norm_circular_std,92,0.08988486968851624,0.3941673913027631,,,0.9998836613436081
future_ef_absolute_decline,variability,v2_var__endo_peak_abs_robust_sd,92,0.08925296302575406,0.3975138549308974,,,0.9998836613436081
future_ef_absolute_decline,transmural,d_tm_segment_curve_correlation_median,92,-0.089206725952869,0.3977593775608127,,,0.9998836613436081
future_ef_absolute_decline,variability,v1_var__mid_curve_pairwise_rmse,92,0.0887135305087619,0.40038387327809144,,,0.9998836613436081
future_ef_absolute_decline,transmural,v2_tm_ttp_gap_p90_p10,92,-0.0886364687206202,0.4007948730269375,,,0.9998836613436081
future_ef_absolute_decline,transmural,d_tm_mean_gap_dct01,92,-0.08798914970022964,0.40425709766953455,,,0.9998836613436081
future_ef_absolute_decline,transmural,v1_tm_mean_shape_gap_dct04,92,-0.08786585083920287,0.4049185582020236,,,0.9998836613436081
future_ef_absolute_decline,transmural,d_tm_segment_curve_correlation_std,92,-0.08672533637470523,0.4110671713161024,,,0.9998836613436081
future_ef_absolute_decline,variability,v2_var__mid_within_ring_peak_robust_sd_mean,92,0.08640167686450996,0.41282192474376445,,,0.9998836613436081
future_ef_absolute_decline,transmural,v1_tm_peak_ratio_mean,92,-0.08613966678482807,0.41424563024335737,,,0.9998836613436081
future_ef_absolute_decline,variability,v1_var__mid_curve_integrated_robust_mad,92,0.08566188369834933,0.4168491381092375,,,0.9998836613436081
future_ef_absolute_decline,transmural,v1_tm_segment_curve_correlation_median,92,-0.08536904890341075,0.41844951523491647,,,0.9998836613436081
future_ef_absolute_decline,transmural,v1_tm_ttp_gap_iqr,92,0.08506080175084382,0.4201379583380004,,,0.9998836613436081
future_ef_absolute_decline,transmural,d_tm_ttp_layer_correlation,92,-0.08404358614737296,0.4257376659011587,,,0.9998836613436081
future_ef_absolute_decline,transmural,v1_tm_mean_shape_gap_dct02,92,0.08392028728634619,0.4264193162721842,,,0.9998836613436081
future_ef_absolute_decline,variability,d_var__mid_shape_pairwise_rmse,92,-0.08367368956429265,0.4277844927727201,,,0.9998836613436081
future_ef_absolute_decline,transmural,v1_tm_curve_abs_area_median,92,0.08308801997441549,0.4310367955451876,,,0.9998836613436081
future_ef_absolute_decline,transmural,v1_tm_mean_gap_dct05,92,0.0824252885963966,0.43473398059682933,,,0.9998836613436081
future_ef_absolute_decline,variability,v1_var__endo_post_systolic_fraction,92,-0.08191668079466116,0.43758352362058417,,,0.9998836613436081
future_ef_absolute_decline,transmural,v2_tm_mean_gap_dct02,92,0.08167008307260762,0.43896891505639946,,,0.9998836613436081
future_ef_absolute_decline,transmural,d_tm_vendor_ttp_gap_iqr,92,-0.08096111462170369,0.4429656853603471,,,0.9998836613436081
future_ef_absolute_decline,transmural,v1_tm_fraction_endo_peak_gt_mid,92,0.0795431777198958,0.4510202666141413,,,0.9998836613436081
future_ef_absolute_decline,transmural,d_tm_vendor_ttp_gap_p90_p10,92,-0.079373641785984,0.4519887388674444,,,0.9998836613436081
future_ef_absolute_decline,transmural,v2_tm_peak_ratio_mean,92,-0.07925034292495724,0.4526938077252026,,,0.9998836613436081
future_ef_absolute_decline,transmural,v2_tm_mean_gap_dct03,92,-0.07773993187737928,0.46138030341686165,,,0.9998836613436081
future_ef_absolute_decline,transmural,d_tm_vendor_peak_gap_iqr,92,0.07735462293667061,0.4636108113953601,,,0.9998836613436081
future_ef_absolute_decline,variability,v1_var__mid_vendor_time_to_peak_norm_circular_std,92,0.07727756114852888,0.4640576206443757,,,0.9998836613436081
future_ef_absolute_decline,transmural,v2_tm_vendor_ttp_gap_mean,92,-0.07693848928070526,0.4660263789781468,,,0.9998836613436081
future_ef_absolute_decline,variability,d_var__mid_time_to_peak_norm_circular_std,92,-0.07692307692307693,0.46611597622133827,,,0.9998836613436081
future_ef_absolute_decline,transmural,d_tm_vendor_ttp_gap_mean,92,-0.07681519041967849,0.4667434201784544,,,0.9998836613436081
future_ef_absolute_decline,transmural,v2_tm_peak_ratio_std,92,-0.0767227162739084,0.4672815957930555,,,0.9998836613436081
future_ef_absolute_decline,transmural,v2_tm_mean_shape_gap_dct01,92,0.07607539725351786,0.47105828076797285,,,0.9998836613436081
future_ef_absolute_decline,transmural,v1_tm_segment_curve_correlation_robust_sd,92,0.07567467595518086,0.4734045006206338,,,0.9998836613436081
future_ef_absolute_decline,transmural,d_tm_peak_ratio_p90_p10,92,0.07510441872293204,0.47675421926157546,,,0.9998836613436081
future_ef_absolute_decline,transmural,d_tm_peak_ratio_iqr,92,-0.07394849190080606,0.4835831628727908,,,0.9998836613436081
future_ef_absolute_decline,transmural,v2_tm_ttp_layer_correlation,92,0.07308539987361867,0.48871593942589164,,,0.9998836613436081
future_ef_absolute_decline,transmural,d_tm_ttp_gap_std,92,0.07279256507868008,0.49046395265050147,,,0.9998836613436081
future_ef_absolute_decline,variability,d_var__mid_spatial_peak_graph_roughness,92,0.0727617403634234,0.49064814610753216,,,0.9998836613436081
future_ef_absolute_decline,variability,v1_var__endo_within_ring_peak_robust_sd_mean,92,-0.0712359169582171,0.4998112356915291,,,0.9998836613436081
future_ef_absolute_decline,transmural,v1_tm_consensus_curve_correlation,92,0.0701416395666045,0.5064373104072777,,,0.9998836613436081
future_ef_absolute_decline,transmural,v2_tm_curve_abs_area_robust_sd,92,0.07003375306320608,0.5070930359704868,,,0.9998836613436081
future_ef_absolute_decline,transmural,v2_tm_shape_rms_mean,92,-0.06847710494274309,0.5166028074014721,,,0.9998836613436081
future_ef_absolute_decline,transmural,v1_tm_mean_gap_dct06,92,-0.06782978592235255,0.5205839442912614,,,0.9998836613436081
future_ef_absolute_decline,transmural,d_tm_mean_gap_dct07,92,0.0677835488494675,0.5208689047532107,,,0.9998836613436081
future_ef_absolute_decline,transmural,d_tm_mean_shape_gap_dct04,92,-0.06772189941895411,0.5212489748667437,,,0.9998836613436081
future_ef_absolute_decline,variability,v1_var__mid_peak_abs_cv,92,-0.06753695112741395,0.522390026743925,,,0.9998836613436081
future_ef_absolute_decline,variability,v1_var__endo_shape_dispersion_rms,92,0.06719787925959034,0.5244852279400651,,,0.9998836613436081
future_ef_absolute_decline,transmural,d_tm_ttp_gap_mean,92,-0.06698210625279348,0.5258207380608597,,,0.9998836613436081
future_ef_absolute_decline,transmural,v2_tm_curve_abs_area_p90_p10,92,0.06638102430528799,0.5295500797224328,,,0.9998836613436081
future_ef_absolute_decline,variability,v2_var__mid_spatial_timing_graph_roughness,92,-0.06614983894086278,0.530987954277764,,,0.9998836613436081
future_ef_absolute_decline,transmural,v1_tm_peak_gap_std,92,-0.0661190142256061,0.5311798179232323,,,0.9998836613436081
future_ef_absolute_decline,transmural,d_tm_vendor_ttp_gap_std,92,0.06604195243746436,0.5316596282389667,,,0.9998836613436081
future_ef_absolute_decline,transmural,v1_tm_curve_rms_median,92,0.0658878288611809,0.5326198963455784,,,0.9998836613436081
future_ef_absolute_decline,variability,v2_var__mid_within_view_peak_robust_sd_mean,92,0.06576453000015411,0.5333887317122141,,,0.9998836613436081
future_ef_absolute_decline,transmural,v1_tm_sd_gap_dct02,92,-0.06510179862213522,0.5375306490792224,,,0.9998836613436081
future_ef_absolute_decline,transmural,d_tm_segment_curve_correlation_robust_sd,92,0.06299030562705177,0.5508320026576773,,,0.9998836613436081
future_ef_absolute_decline,transmural,v2_tm_segment_curve_correlation_p90_p10,92,-0.0626358214015998,0.5530805839703326,,,0.9998836613436081
future_ef_absolute_decline,transmural,d_tm_mean_gap_dct08,92,0.061603193440500595,0.5596559024626032,,,0.9998836613436081
future_ef_absolute_decline,transmural,d_tm_curve_rms_mean,92,0.06083257555908327,0.5645870226946703,,,0.9998836613436081
future_ef_absolute_decline,variability,v1_var__endo_curve_integrated_robust_mad,92,0.059753710525099014,0.5715249245380061,,,0.9998836613436081
future_ef_absolute_decline,transmural,v2_tm_mean_shape_gap_dct02,92,0.059476288087788785,0.5733153789070098,,,0.9998836613436081
future_ef_absolute_decline,transmural,v1_tm_curve_rms_p90_p10,92,-0.05872108256399981,0.5782025965227106,,,0.9998836613436081
future_ef_absolute_decline,variability,d_var__mid_vendor_time_to_peak_norm_circular_std,92,-0.05847448484194627,0.5798025841330463,,,0.9998836613436081
future_ef_absolute_decline,transmural,d_tm_fraction_ttp_discordant_gt_5pct_cycle,92,-0.05844366012668958,0.5800027260432745,,,0.9998836613436081
future_ef_absolute_decline,transmural,v1_tm_vendor_ttp_gap_mean,92,0.058197062404636034,0.5816050065812423,,,0.9998836613436081
future_ef_absolute_decline,transmural,v1_tm_vendor_ttp_gap_std,92,-0.05764221753001556,0.5852175568913245,,,0.9998836613436081
future_ef_absolute_decline,transmural,v1_tm_vendor_peak_gap_iqr,92,-0.057241496231678554,0.5878329783116965,,,0.9998836613436081
future_ef_absolute_decline,transmural,v2_tm_shape_rms_p90_p10,92,-0.057226083874050204,0.5879336774974732,,,0.9998836613436081
future_ef_absolute_decline,transmural,d_tm_peak_gap_robust_sd,92,0.05711819737065178,0.588638791282128,,,0.9998836613436081
future_ef_absolute_decline,transmural,d_tm_peak_gap_std,92,0.057056547940138404,0.5890418857631716,,,0.9998836613436081
future_ef_absolute_decline,transmural,v2_tm_vendor_ttp_gap_robust_sd,92,0.05701031086725336,0.5893442887924023,,,0.9998836613436081
future_ef_absolute_decline,transmural,d_tm_peak_gap_median,92,0.056794537860456504,0.590756432903585,,,0.9998836613436081
future_ef_absolute_decline,variability,d_var__endo_shape_dispersion_rms,92,-0.055900621118012424,0.5966229818758682,,,0.9998836613436081
future_ef_absolute_decline,variability,v1_var__endo_shape_pairwise_rmse,92,0.05563861103833053,0.5983474160938378,,,0.9998836613436081
future_ef_absolute_decline,variability,v2_var__endo_curve_dispersion_rms,92,0.055361188601020295,0.600175707714965,,,0.9998836613436081
future_ef_absolute_decline,variability,v2_var__mid_impaired_segment_fraction_lt15,92,0.055160827951851794,0.6014976836052737,,,0.9998836613436081
future_ef_absolute_decline,transmural,v2_tm_vendor_ttp_gap_iqr,92,0.05514541559422345,0.6015994275460581,,,0.9998836613436081
future_ef_absolute_decline,transmural,v1_tm_vendor_ttp_gap_median,92,-0.05489881787216991,0.6032283676474625,,,0.9998836613436081
future_ef_absolute_decline,variability,v1_var__endo_vendor_peak_systolic_abs_robust_sd,92,-0.05457515836197463,0.6053693062108088,,,0.9998836613436081
future_ef_absolute_decline,transmural,d_tm_segment_curve_correlation_p90_p10,92,0.054559746004346286,0.6054713391044741,,,0.9998836613436081
future_ef_absolute_decline,variability,d_var__endo_impaired_segment_fraction_lt15,92,0.054405622428062815,0.6064920843004826,,,0.9998836613436081
future_ef_absolute_decline,transmural,d_tm_sd_gap_dct08,92,0.05425149885177936,0.6075135852165159,,,0.9998836613436081
future_ef_absolute_decline,transmural,v2_tm_vendor_peak_gap_p90_p10,92,-0.05341923153984864,0.6130426807614038,,,0.9998836613436081
future_ef_absolute_decline,transmural,v2_tm_fraction_endo_peak_gt_mid,92,0.05135397561765023,0.6268563727324609,,,0.9998836613436081
future_ef_absolute_decline,transmural,v1_tm_ttp_gap_std,92,-0.05121526439899511,0.627788857227833,,,0.9998836613436081
future_ef_absolute_decline,transmural,v2_tm_vendor_peak_gap_std,92,-0.05101490374982661,0.6291368111539931,,,0.9998836613436081
future_ef_absolute_decline,transmural,v1_tm_shape_rms_std,92,-0.05098407903456992,0.6293442967180294,,,0.9998836613436081
future_ef_absolute_decline,transmural,v2_tm_vendor_ttp_gap_p90_p10,92,0.05078371838540141,0.630693653589496,,,0.9998836613436081
future_ef_absolute_decline,transmural,v1_tm_peak_gap_iqr,92,-0.04874928717845968,0.64446279402129,,,0.9998836613436081
future_ef_absolute_decline,variability,v1_var__mid_post_systolic_fraction,92,-0.04856433888691952,0.6457205935632637,,,0.9998836613436081
future_ef_absolute_decline,transmural,v1_tm_sd_gap_dct08,92,-0.047346762634280164,0.6540258509379298,,,0.9998836613436081
future_ef_absolute_decline,transmural,v2_tm_curve_rms_p90_p10,92,0.04719263905799669,0.6550801861641482,,,0.9998836613436081
future_ef_absolute_decline,transmural,d_tm_mean_shape_gap_dct02,92,0.04706934019696993,0.6559241415607502,,,0.9998836613436081
future_ef_absolute_decline,transmural,v2_tm_sd_gap_dct03,92,0.04656073239523449,0.6594100147918067,,,0.9998836613436081
future_ef_absolute_decline,transmural,d_tm_peak_layer_correlation,92,-0.046499082964721106,0.6598330413870515,,,0.9998836613436081
future_ef_absolute_decline,transmural,d_tm_curve_abs_area_std,92,0.046391196461322684,0.6605735952302092,,,0.9998836613436081
future_ef_absolute_decline,transmural,v2_tm_peak_ratio_p90_p10,92,-0.046237072885039227,0.6616320962862181,,,0.9998836613436081
future_ef_absolute_decline,variability,d_var__endo_curve_pairwise_rmse,92,-0.04554351679176364,0.6664035594895076,,,0.9998836613436081
future_ef_absolute_decline,variability,v2_var__endo_post_systolic_fraction,92,-0.04517362020868332,0.668953792395579,,,0.9998836613436081
future_ef_absolute_decline,variability,v2_var__endo_curve_pairwise_rmse,92,0.04498867191714316,0.6702303205870165,,,0.9998836613436081
future_ef_absolute_decline,variability,v1_var__endo_spatial_peak_graph_roughness,92,-0.04452630118829277,0.6734257331540143,,,0.9998836613436081
future_ef_absolute_decline,transmural,v1_tm_mean_shape_gap_dct01,92,-0.044480064115407725,0.6737455945620189,,,0.9998836613436081
future_ef_absolute_decline,transmural,d_tm_curve_rms_median,92,0.044202641678097496,0.6756659794589113,,,0.9998836613436081
future_ef_absolute_decline,transmural,v2_tm_sd_gap_dct04,92,0.04349367322719356,0.6805830427464942,,,0.9998836613436081
future_ef_absolute_decline,transmural,v1_tm_vendor_peak_gap_median,92,-0.04280011713391797,0.6854061673589563,,,0.9998836613436081
future_ef_absolute_decline,transmural,d_tm_segment_curve_correlation_mean,92,0.04213738575589908,0.6900267418332364,,,0.9998836613436081
future_ef_absolute_decline,transmural,v2_tm_vendor_peak_gap_iqr,92,0.04212197339827073,0.6901343331524152,,,0.9998836613436081
future_ef_absolute_decline,transmural,v2_tm_mean_gap_dct06,92,-0.04201408689487231,0.6908876446964677,,,0.9998836613436081
future_ef_absolute_decline,variability,d_var__endo_curve_dispersion_rms,92,-0.04149006673550853,0.6945508570989012,,,0.9998836613436081
future_ef_absolute_decline,transmural,d_tm_shape_rms_median,92,0.04088898478800302,0.6987614263038886,,,0.9998836613436081
future_ef_absolute_decline,variability,v1_var__endo_apical_basal_peak_gradient,92,-0.04044202641678097,0.701898288558702,,,0.9998836613436081
future_ef_absolute_decline,transmural,d_tm_vendor_peak_gap_mean,92,0.040272490482869155,0.7030894438958981,,,0.9998836613436081
future_ef_absolute_decline,variability,v2_var__mid_curve_dispersion_rms,92,0.040272490482869155,0.7030894438958981,,,0.9998836613436081
future_ef_absolute_decline,variability,d_var__mid_shape_dispersion_rms,92,-0.03954810967433688,0.7081869711337516,,,0.9998836613436081
future_ef_absolute_decline,variability,d_var__mid_post_systolic_fraction,92,-0.039147388375999875,0.7110124293600997,,,0.9998836613436081
future_ef_absolute_decline,variability,v1_var__endo_peak_abs_cv,92,-0.03888537829631798,0.7128619601252483,,,0.9998836613436081
future_ef_absolute_decline,transmural,d_tm_mean_shape_gap_dct07,92,0.038731254720034525,0.7139506961569941,,,0.9998836613436081
future_ef_absolute_decline,transmural,d_tm_sd_gap_dct02,92,0.038715842362406175,0.714059601304114,,,0.9998836613436081
future_ef_absolute_decline,transmural,d_tm_shape_rms_mean,92,-0.03853089407086602,0.715366909232638,,,0.9998836613436081
future_ef_absolute_decline,transmural,v2_tm_peak_gap_std,92,-0.03842300756746759,0.7161298850254898,,,0.9998836613436081
future_ef_absolute_decline,transmural,v2_tm_peak_gap_median,92,-0.03829970870644082,0.7170021986924116,,,0.9998836613436081
future_ef_absolute_decline,transmural,d_tm_mean_shape_gap_dct08,92,0.037991461553873895,0.7191845692283023,,,0.9998836613436081
future_ef_absolute_decline,transmural,v2_tm_peak_gap_mean,92,-0.03677388530123453,0.7278268086894069,,,0.9998836613436081
future_ef_absolute_decline,transmural,v2_tm_mean_shape_gap_dct03,92,-0.03674306058597784,0.7280460471972443,,,0.9998836613436081
future_ef_absolute_decline,variability,v2_var__mid_shape_pairwise_rmse,92,-0.03672764822834949,0.7281556746578377,,,0.9998836613436081
future_ef_absolute_decline,transmural,v2_tm_sd_gap_dct01,92,0.03583373148590539,0.7345233577402122,,,0.9998836613436081
future_ef_absolute_decline,transmural,v2_tm_mean_gap_dct07,92,0.03578749441302036,0.7348532136306904,,,0.9998836613436081
future_ef_absolute_decline,transmural,v2_tm_ttp_gap_std,92,-0.03564878319436524,0.7358430696620912,,,0.9998836613436081
future_ef_absolute_decline,transmural,v1_tm_curve_abs_area_p90_p10,92,-0.0354021854723117,0.7376038778908807,,,0.9998836613436081
future_ef_absolute_decline,transmural,d_tm_vendor_peak_gap_std,92,0.035355948399426664,0.7379341805324429,,,0.9998836613436081
future_ef_absolute_decline,variability,v2_var__endo_within_ring_peak_robust_sd_mean,92,0.03530971132654162,0.7382645307537425,,,0.9998836613436081
future_ef_absolute_decline,transmural,v2_tm_vendor_peak_gap_median,92,0.03529429896891328,0.7383746580578523,,,0.9998836613436081
future_ef_absolute_decline,transmural,v2_tm_vendor_ttp_gap_median,92,-0.03466239230615107,0.7428943985771306,,,0.9998836613436081
future_ef_absolute_decline,transmural,v2_tm_vendor_ttp_gap_std,92,-0.034600742875637684,0.7433358186065893,,,0.9998836613436081
future_ef_absolute_decline,variability,v2_var__mid_apical_basal_peak_gradient,92,0.03358352727216682,0.7506311284437394,,,0.9998836613436081
future_ef_absolute_decline,variability,d_var__endo_curve_integrated_robust_mad,92,0.033413991338255004,0.7518491674876095,,,0.9998836613436081
future_ef_absolute_decline,variability,v2_var__mid_peak_abs_robust_sd,92,0.03244301280766919,0.7588368378846382,,,0.9998836613436081
future_ef_absolute_decline,transmural,v2_tm_curve_abs_area_std,92,0.03221182744324399,0.7605034507797491,,,0.9998836613436081
future_ef_absolute_decline,transmural,v2_tm_sd_gap_dct08,92,0.031857343217792024,0.7630610455655318,,,0.9998836613436081
future_ef_absolute_decline,variability,d_var__mid_peak_abs_cv,92,0.031210024197401477,0.7677379859738214,,,0.9998836613436081
future_ef_absolute_decline,transmural,d_tm_shape_rms_p90_p10,92,-0.030917189402462894,0.7698564908848403,,,0.9998836613436081
future_ef_absolute_decline,transmural,v2_tm_mean_gap_dct08,92,0.030362344527842422,0.7738751231742805,,,0.9998836613436081
future_ef_absolute_decline,transmural,v1_tm_mean_gap_dct08,92,-0.030346932170214076,0.7739868374971308,,,0.9998836613436081
future_ef_absolute_decline,transmural,v2_tm_shape_rms_robust_sd,92,0.029884561441363686,0.7773403976161778,,,0.9998836613436081
future_ef_absolute_decline,transmural,v1_tm_peak_gap_median,92,-0.02969961314982353,0.7786829684302672,,,0.9998836613436081
future_ef_absolute_decline,transmural,v1_tm_mean_gap_dct07,92,-0.02949925250065502,0.7801381531904933,,,0.9998836613436081
future_ef_absolute_decline,transmural,v1_tm_peak_gap_mean,92,0.029406778354884942,0.7808100327804594,,,0.9998836613436081
future_ef_absolute_decline,transmural,d_tm_peak_ratio_median,92,0.029252654778601478,0.7819301895147339,,,0.9998836613436081
future_ef_absolute_decline,transmural,v2_tm_shape_rms_iqr,92,-0.028928995268406206,0.7842839641842781,,,0.9998836613436081
future_ef_absolute_decline,transmural,d_tm_sd_gap_dct01,92,0.028805696407379434,0.7851811521200712,,,0.9998836613436081
future_ef_absolute_decline,transmural,v2_tm_curve_rms_iqr,92,-0.028697809903981013,0.7859664218581959,,,0.9998836613436081
future_ef_absolute_decline,transmural,v2_tm_curve_rms_robust_sd,92,0.02829708860564401,0.7888850070739277,,,0.9998836613436081
future_ef_absolute_decline,transmural,v2_tm_sd_gap_dct07,92,-0.027433996578456604,0.7951810447170717,,,0.9998836613436081
future_ef_absolute_decline,transmural,v2_tm_mean_shape_gap_dct07,92,-0.027433996578456604,0.7951810447170717,,,0.9998836613436081
future_ef_absolute_decline,transmural,v1_tm_ttp_gap_mean,92,0.027264460644544793,0.7964193228845404,,,0.9998836613436081
future_ef_absolute_decline,variability,d_var__mid_apical_basal_peak_gradient,92,0.0270332752801196,0.7981086959423588,,,0.9998836613436081
future_ef_absolute_decline,variability,d_var__mid_curve_integrated_robust_mad,92,-0.02690997641909283,0.799010075665892,,,0.9998836613436081
future_ef_absolute_decline,transmural,v1_tm_shape_rms_iqr,92,-0.02654007983601251,0.801715790797834,,,0.9998836613436081
future_ef_absolute_decline,transmural,d_tm_peak_ratio_robust_sd,92,-0.02607770910716212,0.8051012219321461,,,0.9998836613436081
future_ef_absolute_decline,transmural,d_tm_mean_shape_gap_dct01,92,0.025507451874913305,0.8092815337601661,,,0.9998836613436081
future_ef_absolute_decline,transmural,v1_tm_sd_gap_dct03,92,0.02549203951728496,0.8093945900298914,,,0.9998836613436081
future_ef_absolute_decline,transmural,v1_tm_peak_layer_correlation,92,0.02509131821894795,0.8123354194364278,,,0.9998836613436081
future_ef_absolute_decline,variability,v2_var__endo_apical_basal_peak_gradient,92,0.02509131821894795,0.8123354194364278,,,0.9998836613436081
future_ef_absolute_decline,variability,v2_var__mid_shape_incoherence,92,-0.0250759058613196,0.8124485805316664,,,0.9998836613436081
future_ef_absolute_decline,transmural,d_tm_vendor_ttp_gap_median,92,0.024613535132469215,0.8158451940838829,,,0.9998836613436081
future_ef_absolute_decline,variability,d_var__mid_peak_abs_robust_sd,92,0.02433611269515898,0.8178848007092381,,,0.9998836613436081
future_ef_absolute_decline,variability,v2_var__endo_vendor_time_to_peak_norm_circular_std,92,-0.024135752045990475,0.8193586049840116,,,0.9998836613436081
future_ef_absolute_decline,transmural,v2_tm_curve_abs_area_iqr,92,-0.023365134164573156,0.825032888867749,,,0.9998836613436081
future_ef_absolute_decline,variability,v2_var__endo_shape_dispersion_rms,92,-0.023257247661174728,0.8258280135147502,,,0.9998836613436081
future_ef_absolute_decline,transmural,d_tm_curve_rms_std,92,0.023180185873033,0.8263960672966455,,,0.9998836613436081
future_ef_absolute_decline,variability,v2_var__mid_vendor_time_to_peak_norm_circular_std,92,0.022964412866236145,0.827987092324558,,,0.9998836613436081
future_ef_absolute_decline,variability,d_var__mid_curve_pairwise_rmse,92,-0.02282570164758103,0.8290102611431285,,,0.9998836613436081
future_ef_absolute_decline,transmural,v2_tm_ttp_gap_mean,92,-0.022363330918730637,0.8324228748300719,,,0.9998836613436081
future_ef_absolute_decline,transmural,v2_tm_sd_gap_dct06,92,0.022347918561102294,0.8325366824912783,,,0.9998836613436081
future_ef_absolute_decline,variability,v2_var__mid_curve_pairwise_rmse,92,0.020929981659294425,0.8430214558096929,,,0.9998836613436081
future_ef_absolute_decline,transmural,v1_tm_sd_gap_dct05,92,-0.020637146864355842,0.8451902657363994,,,0.9998836613436081
future_ef_absolute_decline,variability,d_var__endo_spatial_peak_graph_roughness,92,0.0205909097914708,0.8455328153214537,,,0.9998836613436081
future_ef_absolute_decline,transmural,v2_tm_peak_layer_correlation,92,0.01784751013362514,0.8659066466537904,,,0.9998836613436081
future_ef_absolute_decline,transmural,d_tm_mean_shape_gap_dct06,92,0.01750843826580152,0.8684311378449141,,,0.9998836613436081
future_ef_absolute_decline,transmural,d_tm_mean_gap_dct02,92,-0.017184778755606245,0.8708421107778554,,,0.9998836613436081
future_ef_absolute_decline,transmural,v1_tm_segment_curve_correlation_std,92,0.016999830464066088,0.8722203410997454,,,0.9998836613436081
future_ef_absolute_decline,variability,v2_var__endo_shape_pairwise_rmse,92,-0.016876531603039317,0.8731393735039459,,,0.9998836613436081
future_ef_absolute_decline,transmural,v2_tm_curve_rms_std,92,0.016460397947073963,0.8762423437660782,,,0.9998836613436081
future_ef_absolute_decline,variability,d_var__mid_curve_dispersion_rms,92,-0.0160750890063653,0.8791171340551331,,,0.9998836613436081
future_ef_absolute_decline,transmural,v1_tm_peak_ratio_robust_sd,92,0.016028851933480262,0.8794622149680733,,,0.9998836613436081
future_ef_absolute_decline,transmural,v2_tm_peak_ratio_robust_sd,92,-0.015366120555461367,0.8844108175479941,,,0.9998836613436081
future_ef_absolute_decline,transmural,d_tm_sd_gap_dct07,92,-0.014965399257124362,0.8874051607180239,,,0.9998836613436081
future_ef_absolute_decline,transmural,v2_tm_peak_gap_p90_p10,92,-0.014811275680840898,0.8885572544071004,,,0.9998836613436081
future_ef_absolute_decline,transmural,v1_tm_curve_rms_std,92,-0.014811275680840898,0.8885572544071004,,,0.9998836613436081
future_ef_absolute_decline,variability,v2_var__mid_curve_integrated_robust_mad,92,0.014718801535070818,0.8892486218969123,,,0.9998836613436081
future_ef_absolute_decline,transmural,v1_tm_sd_gap_dct07,92,-0.014395142024875546,0.8916690570701428,,,0.9998836613436081
future_ef_absolute_decline,transmural,d_tm_shape_rms_robust_sd,92,-0.01428725552147712,0.8924760904982495,,,0.9998836613436081
future_ef_absolute_decline,transmural,d_tm_segment_curve_correlation_iqr,92,0.014133131945193658,0.8936291851406053,,,0.9998836613436081
future_ef_absolute_decline,transmural,v1_tm_shape_rms_mean,92,0.013609111785829879,0.8975513465455133,,,0.9998836613436081
future_ef_absolute_decline,transmural,d_tm_mean_gap_dct06,92,0.013377926421404682,0.89928250028929,,,0.9998836613436081
future_ef_absolute_decline,transmural,d_tm_curve_rms_iqr,92,-0.013254627560377909,0.9002059755083999,,,0.9998836613436081
future_ef_absolute_decline,transmural,d_tm_peak_ratio_std,92,-0.011898340089083427,0.9103727025578997,,,0.9998836613436081
future_ef_absolute_decline,transmural,v1_tm_peak_ratio_iqr,92,-0.011852103016198387,0.9107195594628632,,,0.9998836613436081
future_ef_absolute_decline,transmural,v1_tm_curve_rms_iqr,92,0.011775041228056655,0.9112976914499167,,,0.9998836613436081
future_ef_absolute_decline,variability,v1_var__mid_apical_basal_peak_gradient,92,-0.01171339179754327,0.911760230298501,,,0.9998836613436081
future_ef_absolute_decline,transmural,v1_tm_curve_abs_area_std,92,-0.011497618790746419,0.9133793467732786,,,0.9998836613436081
future_ef_absolute_decline,variability,v2_var__endo_spatial_peak_graph_roughness,92,0.01137431992971965,0.9143047153521345,,,0.9998836613436081
future_ef_absolute_decline,transmural,v1_tm_sd_gap_dct01,92,-0.01132808285683461,0.914651758083858,,,0.9998836613436081
future_ef_absolute_decline,transmural,v1_tm_curve_abs_area_iqr,92,-0.01123560871106453,0.9153458914780941,,,0.9998836613436081
future_ef_absolute_decline,variability,v1_var__mid_vendor_peak_systolic_abs_robust_sd,92,0.010680763836444061,0.9195120067686973,,,0.9998836613436081
future_ef_absolute_decline,variability,d_var__endo_apical_basal_peak_gradient,92,0.010357104326248786,0.9219432515720505,,,0.9998836613436081
future_ef_absolute_decline,variability,v2_var__mid_spatial_peak_graph_roughness,92,-0.01024921782285036,0.9227538270209047,,,0.9998836613436081
future_ef_absolute_decline,transmural,d_tm_shape_rms_iqr,92,-0.01003344481605351,0.9243752137540232,,,0.9998836613436081
future_ef_absolute_decline,transmural,v1_tm_vendor_peak_gap_mean,92,0.009709785305858235,0.9268078710937997,,,0.9998836613436081
future_ef_absolute_decline,variability,v2_var__mid_shape_dispersion_rms,92,-0.009632723517716504,0.9273871752381568,,,0.9998836613436081
future_ef_absolute_decline,variability,d_var__endo_peak_abs_cv,92,-0.009108703358352727,0.9313274317183184,,,0.9998836613436081
future_ef_absolute_decline,transmural,d_tm_peak_ratio_mean,92,-0.008831280921042493,0.9334141260946328,,,0.9998836613436081
future_ef_absolute_decline,transmural,v1_tm_segment_curve_correlation_iqr,92,0.008785043848157453,0.933761952617332,,,0.9998836613436081
future_ef_absolute_decline,transmural,v1_tm_shape_rms_p90_p10,92,0.00870798206001572,0.9343416910881427,,,0.9998836613436081
future_ef_absolute_decline,transmural,d_tm_peak_gap_iqr,92,-0.00832267311930706,0.937240891000826,,,0.9998836613436081
future_ef_absolute_decline,variability,v2_var__mid_vendor_peak_systolic_abs_robust_sd,92,0.008014425966740131,0.9395608419300367,,,0.9998836613436081
future_ef_absolute_decline,variability,v2_var__endo_time_to_peak_norm_circular_std,92,-0.006396128415763759,0.951748411441048,,,0.9998836613436081
future_ef_absolute_decline,transmural,v2_tm_segment_curve_correlation_iqr,92,-0.005979994759798405,0.9548842651803062,,,0.9998836613436081
future_ef_absolute_decline,transmural,v2_tm_fraction_ttp_discordant_gt_5pct_cycle,92,-0.005841283541143289,0.9559297047368596,,,0.9998836613436081
future_ef_absolute_decline,transmural,v1_tm_mean_shape_gap_dct08,92,0.005455974600434629,0.9588340891592775,,,0.9998836613436081
future_ef_absolute_decline,transmural,v2_tm_mean_shape_gap_dct08,92,-0.005455974600434629,0.9588340891592775,,,0.9998836613436081
future_ef_absolute_decline,transmural,d_tm_sd_gap_dct03,92,-0.005301851024151164,0.9599959955108142,,,0.9998836613436081
future_ef_absolute_decline,transmural,v1_tm_ttp_gap_robust_sd,92,0.0051323150902393535,0.9612741889115031,,,0.9998836613436081
future_ef_absolute_decline,transmural,d_tm_ttp_gap_robust_sd,92,-0.0051323150902393535,0.9612741889115031,,,0.9998836613436081
future_ef_absolute_decline,transmural,v2_tm_peak_ratio_median,92,0.004747006149530693,0.9641795328295423,,,0.9998836613436081
future_ef_absolute_decline,transmural,v2_tm_mean_shape_gap_dct05,92,-0.003930151195228334,0.9703403618723981,,,0.9998836613436081
future_ef_absolute_decline,variability,d_var__endo_post_systolic_fraction,92,0.00377602761894487,0.9715029886144838,,,0.9998836613436081
future_ef_absolute_decline,variability,v2_var__endo_spatial_timing_graph_roughness,92,-0.003683553473174791,0.9722005933966388,,,0.9998836613436081
future_ef_absolute_decline,transmural,v2_tm_vendor_peak_gap_robust_sd,92,-0.0031903580290677065,0.9759214926186743,,,0.9998836613436081
future_ef_absolute_decline,variability,v2_var__endo_impaired_segment_fraction_lt15,92,0.003067059168040935,0.9768518010416991,,,0.9998836613436081
future_ef_absolute_decline,transmural,v1_tm_peak_ratio_median,92,-0.0030362344527842425,0.9770843830335474,,,0.9998836613436081
future_ef_absolute_decline,variability,v1_var__mid_peak_abs_robust_sd,92,-0.003020822095155896,0.9772006747490263,,,0.9998836613436081
future_ef_absolute_decline,variability,v2_var__mid_peak_abs_cv,92,-0.003020822095155896,0.9772006747490263,,,0.9998836613436081
future_ef_absolute_decline,variability,v2_var__endo_peak_abs_cv,92,-0.0028050490883590458,0.9788288076892449,,,0.9998836613436081
future_ef_absolute_decline,transmural,v1_tm_mean_shape_gap_dct05,92,-0.0023272660018803077,0.9824342582088265,,,0.9998836613436081
future_ef_absolute_decline,transmural,d_tm_fraction_endo_peak_gt_mid,92,-0.0020036064916850328,0.9848768650492239,,,0.9998836613436081
future_ef_absolute_decline,transmural,v1_tm_segment_curve_correlation_mean,92,0.0016799469814897587,0.9873196112857998,,,0.9998836613436081
future_ef_absolute_decline,transmural,d_tm_curve_abs_area_iqr,92,0.0015874728357196802,0.9880175612350817,,,0.9998836613436081
future_ef_absolute_decline,variability,v2_var__endo_shape_incoherence,92,0.00098639088821417,0.9925544322147615,,,0.9998836613436081
future_ef_absolute_decline,variability,d_var__mid_vendor_peak_systolic_abs_robust_sd,92,0.0007860302390456668,0.9940667822684627,,,0.9998836613436081
future_ef_absolute_decline,transmural,d_tm_mean_shape_gap_dct05,92,-0.000339071867823621,0.997440553866255,,,0.9998836613436081
future_ef_absolute_decline,transmural,d_tm_peak_gap_mean,92,0.0002928347949385817,0.9977895683009085,,,0.9998836613436081
future_ef_absolute_decline,variability,v2_var__mid_time_to_peak_norm_circular_std,92,1.5412357628346405e-05,0.999883661343608,,,0.9998836613436081
future_mid_relative_decline,variability,v2_var__mid_vendor_peak_systolic_abs_robust_sd,101,-0.2784158415841584,0.00481457528959945,-0.4627219096502496,-0.06826055014599242,0.992347353406329
future_mid_relative_decline,transmural,v2_tm_shape_rms_std,101,-0.24336633663366333,0.014192730542826618,-0.41833754990424493,-0.045861751786793185,0.992347353406329
future_mid_relative_decline,variability,d_var__mid_vendor_peak_systolic_abs_robust_sd,101,-0.22696563774024459,0.022462320869850522,-0.43295461407877206,-0.030913417212861602,0.992347353406329
future_mid_relative_decline,transmural,v2_tm_mean_gap_dct04,101,-0.2182178217821782,0.028360980812259618,-0.42828081669417783,-0.017435986434633725,0.992347353406329
future_mid_relative_decline,transmural,v2_tm_mean_shape_gap_dct07,101,-0.2180547466511357,0.0284823631288359,-0.4090595933040721,-0.0036293415910547016,0.992347353406329
future_mid_relative_decline,transmural,v2_tm_mean_shape_gap_dct01,101,0.21284799068142105,0.03259618654329029,0.03642673203020999,0.4127462177604528,0.992347353406329
future_mid_relative_decline,transmural,v2_tm_mean_shape_gap_dct04,101,-0.20924868957483983,0.035723969332461206,-0.39250746414012383,-0.0028285116622914093,0.992347353406329
future_mid_relative_decline,transmural,v2_tm_mean_gap_dct02,101,0.20667443214909725,0.038112454938401694,-0.0078033529566508605,0.4031300779723191,0.992347353406329
future_mid_relative_decline,transmural,v2_tm_shape_rms_mean,101,-0.19414094350611533,0.051731896736145117,-0.3668685669370007,-0.00469210602099607,0.992347353406329
future_mid_relative_decline,variability,v2_var__mid_peak_abs_robust_sd,101,-0.19213744903902155,0.05424216841494063,-0.3743770985467928,0.018512576269575542,0.992347353406329
future_mid_relative_decline,transmural,v1_tm_vendor_peak_gap_robust_sd,101,-0.19115899825276644,0.055504011007371803,-0.37335613957328967,-0.002888369243723938,0.992347353406329
future_mid_relative_decline,variability,d_var__mid_peak_abs_robust_sd,101,-0.18729178800232962,0.060729136428568614,-0.3923250084356283,0.021003767734134957,0.992347353406329
future_mid_relative_decline,transmural,v2_tm_mean_shape_gap_dct03,101,-0.18273733255678506,0.06739034717666126,-0.37526513721221205,0.016399531238106762,0.992347353406329
future_mid_relative_decline,variability,d_var__mid_curve_integrated_robust_mad,101,-0.18267909143855562,0.06747921528750052,-0.36609145860203307,0.005040115440790043,0.992347353406329
future_mid_relative_decline,transmural,v1_tm_mean_shape_gap_dct04,101,-0.1808852649970879,0.0702631786443094,-0.3664557442101679,0.02387220914127497,0.992347353406329
future_mid_relative_decline,transmural,v1_tm_vendor_ttp_gap_robust_sd,101,0.1793942923704135,0.07264710480513277,-0.002291519731396377,0.3459681762357874,0.992347353406329
future_mid_relative_decline,transmural,v2_tm_sd_gap_dct02,101,-0.1765288293535236,0.07741157388198083,-0.38527061033067855,0.04269201024384488,0.992347353406329
future_mid_relative_decline,transmural,v1_tm_peak_gap_robust_sd,101,-0.17463016889924288,0.08070433051047225,-0.3755042911747811,0.03645156809817641,0.992347353406329
future_mid_relative_decline,variability,v2_var__endo_peak_abs_robust_sd,101,-0.17305765870704715,0.0835154382238763,-0.3677021212341341,0.04121711477931956,0.992347353406329
future_mid_relative_decline,transmural,d_tm_vendor_ttp_gap_robust_sd,101,-0.17185789167152007,0.08571228870436312,-0.3664017991838649,0.020407217336583544,0.992347353406329
future_mid_relative_decline,transmural,v1_tm_mean_gap_dct04,101,-0.16870122306348284,0.0917124288121446,,,0.992347353406329
future_mid_relative_decline,transmural,v2_tm_sd_gap_dct04,101,0.16740827023878857,0.09426401000483207,,,0.992347353406329
future_mid_relative_decline,transmural,v1_tm_peak_gap_iqr,101,-0.16486895748398367,0.09943808633117891,,,0.992347353406329
future_mid_relative_decline,transmural,v1_tm_mean_shape_gap_dct02,101,0.16276062900407687,0.10390132762426386,,,0.992347353406329
future_mid_relative_decline,variability,v2_var__endo_vendor_peak_systolic_abs_robust_sd,101,-0.16257425742574255,0.10430328960897096,,,0.992347353406329
future_mid_relative_decline,transmural,v1_tm_ttp_gap_p90_p10,101,0.1576820034944671,0.1152960252629605,,,0.992347353406329
future_mid_relative_decline,transmural,d_tm_ttp_gap_p90_p10,101,-0.15384973791496798,0.12451732094345795,,,0.992347353406329
future_mid_relative_decline,transmural,v2_tm_segment_curve_correlation_std,101,-0.15359347699475828,0.12515358301220528,,,0.992347353406329
future_mid_relative_decline,variability,v2_var__mid_shape_incoherence,101,-0.14841001747233545,0.1385659118159797,,,0.992347353406329
future_mid_relative_decline,transmural,d_tm_vendor_peak_gap_iqr,101,0.1477926616191031,0.14023336261948974,,,0.992347353406329
future_mid_relative_decline,variability,v2_var__mid_curve_integrated_robust_mad,101,-0.14543972044263248,0.14672811472403652,,,0.992347353406329
future_mid_relative_decline,transmural,v1_tm_ttp_layer_correlation,101,0.14484566103669191,0.14840314784354136,,,0.992347353406329
future_mid_relative_decline,transmural,v2_tm_shape_rms_p90_p10,101,-0.14412347117064647,0.1504587832994367,,,0.992347353406329
future_mid_relative_decline,transmural,v1_tm_vendor_peak_gap_iqr,101,-0.1392079207920792,0.16502182170303872,,,0.992347353406329
future_mid_relative_decline,transmural,d_tm_sd_gap_dct08,101,0.13778683750728013,0.16942060490340283,,,0.992347353406329
future_mid_relative_decline,transmural,v1_tm_vendor_ttp_gap_std,101,-0.13735585323238206,0.17077162256713985,,,0.992347353406329
future_mid_relative_decline,transmural,d_tm_sd_gap_dct07,101,-0.13584158415841585,0.17558145675364917,,,0.992347353406329
future_mid_relative_decline,transmural,v2_tm_fraction_endo_peak_gt_mid,101,0.13351193942923703,0.18317437238560144,,,0.992347353406329
future_mid_relative_decline,transmural,v2_tm_vendor_peak_gap_std,101,-0.13172976121141525,0.18914269528190703,,,0.992347353406329
future_mid_relative_decline,transmural,v2_tm_vendor_ttp_gap_mean,101,0.13114735002912054,0.19112340053219262,,,0.992347353406329
future_mid_relative_decline,transmural,v2_tm_peak_gap_std,101,-0.13014560279557366,0.19456529878676712,,,0.992347353406329
future_mid_relative_decline,transmural,v1_tm_mean_gap_dct02,101,0.1277460687245195,0.20299146630928203,,,0.992347353406329
future_mid_relative_decline,transmural,d_tm_ttp_gap_std,101,0.12731508444962142,0.20453221551337347,,,0.992347353406329
future_mid_relative_decline,transmural,d_tm_curve_rms_iqr,101,0.1265579499126383,0.20725918616624744,,,0.992347353406329
future_mid_relative_decline,transmural,v1_tm_peak_ratio_iqr,101,-0.1258124635993011,0.20996948962533585,,,0.992347353406329
future_mid_relative_decline,transmural,v1_tm_ttp_gap_mean,101,0.12477577169481655,0.2137803612103056,,,0.992347353406329
future_mid_relative_decline,transmural,v2_tm_segment_curve_correlation_mean,101,0.12434478741991846,0.21537902982262477,,,0.992347353406329
future_mid_relative_decline,transmural,d_tm_shape_rms_std,101,-0.12422830518345952,0.21581255459029375,,,0.992347353406329
future_mid_relative_decline,transmural,v1_tm_ttp_gap_std,101,-0.12304018637157832,0.2202698842778803,,,0.992347353406329
future_mid_relative_decline,variability,v2_var__endo_shape_incoherence,101,-0.12259755387303435,0.2219469694449153,,,0.992347353406329
future_mid_relative_decline,transmural,v1_tm_vendor_ttp_gap_mean,101,0.12196854979615608,0.22434565796066003,,,0.992347353406329
future_mid_relative_decline,transmural,v2_tm_sd_gap_dct08,101,0.12186371578334303,0.2247472066037884,,,0.992347353406329
future_mid_relative_decline,transmural,v2_tm_curve_abs_area_mean,101,0.1201747233546884,0.23128639712075363,,,0.992347353406329
future_mid_relative_decline,transmural,d_tm_vendor_ttp_gap_std,101,0.11963890506697729,0.2333884331983662,,,0.992347353406329
future_mid_relative_decline,transmural,d_tm_ttp_layer_correlation,101,-0.11892836342457776,0.2361964359526384,,,0.992347353406329
future_mid_relative_decline,transmural,v1_tm_vendor_peak_gap_p90_p10,101,-0.11832265579499125,0.23860865217265437,,,0.992347353406329
future_mid_relative_decline,variability,v1_var__endo_shape_incoherence,101,-0.11782178217821782,0.24061626034520173,,,0.992347353406329
future_mid_relative_decline,transmural,v1_tm_ttp_gap_robust_sd,101,-0.11619103086779264,0.24723371878342615,,,0.992347353406329
future_mid_relative_decline,transmural,d_tm_ttp_gap_robust_sd,101,0.11619103086779264,0.24723371878342615,,,0.992347353406329
future_mid_relative_decline,variability,v1_var__endo_impaired_segment_fraction_lt15,101,-0.11479324403028537,0.2530048527577153,,,0.992347353406329
future_mid_relative_decline,transmural,v1_tm_mean_shape_gap_dct03,101,-0.11440885264997086,0.2546079857029183,,,0.992347353406329
future_mid_relative_decline,transmural,d_tm_peak_gap_iqr,101,0.11410599883517762,0.25587595090028953,,,0.992347353406329
future_mid_relative_decline,transmural,d_tm_mean_shape_gap_dct07,101,-0.11404775771694815,0.25612028481567967,,,0.992347353406329
future_mid_relative_decline,transmural,v2_tm_segment_curve_correlation_p90_p10,101,-0.11398951659871868,0.2563647782820854,,,0.992347353406329
future_mid_relative_decline,transmural,v2_tm_curve_rms_median,101,0.11216074548631333,0.26412314552855415,,,0.992347353406329
future_mid_relative_decline,transmural,v2_tm_sd_gap_dct06,101,-0.1102853814793244,0.2722431795398509,,,0.992347353406329
future_mid_relative_decline,transmural,v1_tm_vendor_peak_gap_std,101,-0.10895748398369248,0.2780934832710141,,,0.992347353406329
future_mid_relative_decline,variability,v1_var__mid_within_view_peak_robust_sd_mean,101,-0.10615026208503202,0.29073684142843914,,,0.992347353406329
future_mid_relative_decline,transmural,d_tm_mean_shape_gap_dct03,101,-0.1052417006406523,0.29490918139002065,,,0.992347353406329
future_mid_relative_decline,transmural,v2_tm_mean_gap_dct01,101,-0.10523005241700639,0.294962928136392,,,0.992347353406329
future_mid_relative_decline,transmural,v1_tm_peak_ratio_robust_sd,101,-0.10467093768200349,0.297550372401215,,,0.992347353406329
future_mid_relative_decline,transmural,d_tm_vendor_peak_gap_robust_sd,101,0.10403028538147932,0.30053346248597235,,,0.992347353406329
future_mid_relative_decline,transmural,v1_tm_peak_gap_std,101,-0.10356435643564355,0.30271526778967794,,,0.992347353406329
future_mid_relative_decline,transmural,v2_tm_peak_ratio_iqr,101,-0.10295864880605707,0.3055670841203189,,,0.992347353406329
future_mid_relative_decline,transmural,v1_tm_sd_gap_dct02,101,-0.10287711124053582,0.3059523180683637,,,0.992347353406329
future_mid_relative_decline,transmural,v1_tm_peak_gap_p90_p10,101,-0.10236458940011647,0.3083810459370475,,,0.992347353406329
future_mid_relative_decline,transmural,v2_tm_curve_rms_mean,101,0.10185206755969713,0.310822296674701,,,0.992347353406329
future_mid_relative_decline,variability,v1_var__endo_apical_basal_peak_gradient,101,-0.10156086196854978,0.3122149500213157,,,0.992347353406329
future_mid_relative_decline,variability,v1_var__mid_apical_basal_peak_gradient,101,-0.10065230052417005,0.3165860110342915,,,0.992347353406329
future_mid_relative_decline,variability,d_var__endo_vendor_peak_systolic_abs_robust_sd,101,-0.09994175888177051,0.32003182302718247,,,0.992347353406329
future_mid_relative_decline,variability,v2_var__mid_within_ring_peak_robust_sd_mean,101,-0.09988351776354105,0.32031533355678654,,,0.992347353406329
future_mid_relative_decline,transmural,v2_tm_curve_abs_area_median,101,0.09928945835760046,0.3232163729545767,,,0.992347353406329
future_mid_relative_decline,transmural,d_tm_curve_abs_area_iqr,101,0.09887012230634827,0.325274287811567,,,0.992347353406329
future_mid_relative_decline,transmural,d_tm_vendor_ttp_gap_p90_p10,101,-0.09839254513686661,0.32762822436824257,,,0.992347353406329
future_mid_relative_decline,transmural,v2_tm_peak_ratio_std,101,-0.09818287711124053,0.32866509038322844,,,0.992347353406329
future_mid_relative_decline,variability,v1_var__mid_post_systolic_fraction,101,0.09781013395457192,0.33051357468260334,,,0.992347353406329
future_mid_relative_decline,transmural,d_tm_mean_gap_dct02,101,0.09742574257425743,0.33242674922905646,,,0.992347353406329
future_mid_relative_decline,variability,v2_var__mid_spatial_peak_graph_roughness,101,-0.09692486895748399,0.33493022041958587,,,0.992347353406329
future_mid_relative_decline,transmural,v1_tm_curve_rms_median,101,0.0955154338963308,0.34203886412967066,,,0.992347353406329
future_mid_relative_decline,variability,d_var__endo_curve_integrated_robust_mad,101,-0.09523587652882935,0.3434600557668218,,,0.992347353406329
future_mid_relative_decline,transmural,v2_tm_sd_gap_dct07,101,-0.09471170646476412,0.3461347849829274,,,0.992347353406329
future_mid_relative_decline,transmural,v1_tm_sd_gap_dct08,101,-0.09468841001747233,0.34625396430229294,,,0.992347353406329
future_mid_relative_decline,variability,v2_var__endo_within_ring_peak_robust_sd_mean,101,-0.09421083284799067,0.3487028103161538,,,0.992347353406329
future_mid_relative_decline,transmural,v2_tm_vendor_peak_gap_p90_p10,101,-0.09284799068142108,0.35575037406429977,,,0.992347353406329
future_mid_relative_decline,transmural,v1_tm_mean_gap_dct07,101,-0.09233546884100174,0.35842346914098033,,,0.992347353406329
future_mid_relative_decline,transmural,v2_tm_peak_ratio_robust_sd,101,-0.09189283634245776,0.3607420345254817,,,0.992347353406329
future_mid_relative_decline,variability,v1_var__endo_peak_abs_robust_sd,101,-0.09171811298776934,0.3616598028540713,,,0.992347353406329
future_mid_relative_decline,transmural,v1_tm_sd_gap_dct07,101,0.09062317996505533,0.3674439131819561,,,0.992347353406329
future_mid_relative_decline,transmural,v2_tm_peak_gap_robust_sd,101,-0.08983110075713453,0.37166333259449325,,,0.992347353406329
future_mid_relative_decline,variability,d_var__mid_post_systolic_fraction,101,-0.08950495049504952,0.37340930704795694,,,0.992347353406329
future_mid_relative_decline,variability,d_var__endo_peak_abs_robust_sd,101,-0.08824694234129296,0.3801904935773577,,,0.992347353406329
future_mid_relative_decline,transmural,v2_tm_peak_gap_mean,101,-0.08787419918462434,0.38221395671945146,,,0.992347353406329
future_mid_relative_decline,transmural,d_tm_peak_ratio_p90_p10,101,-0.08782760629004077,0.3824673460403366,,,0.992347353406329
future_mid_relative_decline,transmural,v1_tm_sd_gap_dct04,101,0.087361677344205,0.38500681291597383,,,0.992347353406329
future_mid_relative_decline,transmural,v2_tm_peak_gap_p90_p10,101,-0.08606872451951077,0.39210681421803684,,,0.992347353406329
future_mid_relative_decline,transmural,v1_tm_curve_abs_area_median,101,0.08604542807221897,0.3922354551850864,,,0.992347353406329
future_mid_relative_decline,variability,v2_var__mid_impaired_segment_fraction_lt15,101,-0.08562609202096681,0.39455530022844876,,,0.992347353406329
future_mid_relative_decline,transmural,v1_tm_peak_ratio_mean,101,-0.08442632498543971,0.40123763047637273,,,0.992347353406329
future_mid_relative_decline,variability,d_var__endo_curve_pairwise_rmse,101,-0.08434478741991845,0.4016941844591857,,,0.992347353406329
future_mid_relative_decline,transmural,d_tm_sd_gap_dct06,101,0.08418171228887593,0.4026082128803782,,,0.992347353406329
future_mid_relative_decline,transmural,d_tm_peak_ratio_std,101,-0.08228305183459522,0.41334018989193666,,,0.992347353406329
future_mid_relative_decline,variability,d_var__endo_curve_dispersion_rms,101,-0.08218986604542806,0.4138711712721048,,,0.992347353406329
future_mid_relative_decline,transmural,d_tm_vendor_ttp_gap_median,101,0.080768782760629,0.4220177704322212,,,0.992347353406329
future_mid_relative_decline,transmural,v1_tm_sd_gap_dct06,101,-0.08030285381479323,0.42470880152944246,,,0.992347353406329
future_mid_relative_decline,transmural,v1_tm_vendor_ttp_gap_p90_p10,101,0.07997670355270821,0.4265983841045594,,,0.992347353406329
future_mid_relative_decline,transmural,v2_tm_mean_gap_dct07,101,-0.0798019801980198,0.4276126428265462,,,0.992347353406329
future_mid_relative_decline,transmural,v1_tm_curve_rms_iqr,101,-0.07968549796156085,0.4282895828886236,,,0.992347353406329
future_mid_relative_decline,variability,v2_var__endo_spatial_timing_graph_roughness,101,0.07949912638322655,0.4293739632429917,,,0.992347353406329
future_mid_relative_decline,transmural,v2_tm_mean_gap_dct06,101,0.07934769947582994,0.4302561780192502,,,0.992347353406329
future_mid_relative_decline,transmural,d_tm_mean_gap_dct01,101,-0.07867210250436808,0.4342048159706706,,,0.992347353406329
future_mid_relative_decline,transmural,v1_tm_mean_gap_dct05,101,-0.0780430984274898,0.43789959740633544,,,0.992347353406329
future_mid_relative_decline,transmural,d_tm_shape_rms_mean,101,-0.077251019219569,0.44257751790512034,,,0.992347353406329
future_mid_relative_decline,variability,v2_var__endo_shape_pairwise_rmse,101,-0.07680838672102504,0.4452038599649938,,,0.992347353406329
future_mid_relative_decline,transmural,v1_tm_vendor_ttp_gap_iqr,101,0.07675014560279557,0.4455500814512281,,,0.992347353406329
future_mid_relative_decline,variability,v2_var__mid_shape_pairwise_rmse,101,-0.07665695981362843,0.4461043499738597,,,0.992347353406329
future_mid_relative_decline,transmural,v2_tm_ttp_gap_mean,101,0.07589982527664531,0.4506220896238764,,,0.992347353406329
future_mid_relative_decline,transmural,v1_tm_mean_gap_dct03,101,0.07550378567268491,0.4529953400972814,,,0.992347353406329
future_mid_relative_decline,variability,v1_var__endo_vendor_peak_systolic_abs_robust_sd,101,-0.07537565521258008,0.45376464164469,,,0.992347353406329
future_mid_relative_decline,transmural,d_tm_mean_gap_dct04,101,-0.07465346534653465,0.45811425070534606,,,0.992347353406329
future_mid_relative_decline,transmural,d_tm_fraction_ttp_discordant_gt_5pct_cycle,101,0.07457192778101339,0.4586067783985346,,,0.992347353406329
future_mid_relative_decline,variability,d_var__endo_post_systolic_fraction,101,-0.0745602795573675,0.4586771633544402,,,0.992347353406329
future_mid_relative_decline,transmural,v2_tm_peak_ratio_p90_p10,101,-0.07405940594059406,0.4617093515589765,,,0.992347353406329
future_mid_relative_decline,variability,v2_var__endo_impaired_segment_fraction_lt15,101,-0.07283634245777518,0.4691596440413712,,,0.992347353406329
future_mid_relative_decline,transmural,v1_tm_curve_abs_area_mean,101,0.07276645311589981,0.4695873435186202,,,0.992347353406329
future_mid_relative_decline,transmural,v1_tm_peak_ratio_std,101,-0.07259172976121141,0.4706575201963302,,,0.992347353406329
future_mid_relative_decline,variability,v2_var__mid_curve_pairwise_rmse,101,-0.07246359930110657,0.47144315826389016,,,0.992347353406329
future_mid_relative_decline,variability,v2_var__endo_curve_integrated_robust_mad,101,-0.07138031450203844,0.47811374950134744,,,0.992347353406329
future_mid_relative_decline,variability,v2_var__mid_apical_basal_peak_gradient,101,-0.07115899825276645,0.47948278123589905,,,0.992347353406329
future_mid_relative_decline,transmural,d_tm_segment_curve_correlation_robust_sd,101,0.0700873616773442,0.4861414688740219,,,0.992347353406329
future_mid_relative_decline,variability,d_var__mid_shape_pairwise_rmse,101,-0.07001747233546883,0.486577435006438,,,0.992347353406329
future_mid_relative_decline,variability,v1_var__endo_within_view_peak_robust_sd_mean,101,-0.06994758299359347,0.487013609146729,,,0.992347353406329
future_mid_relative_decline,transmural,v1_tm_segment_curve_correlation_median,101,0.069120559114735,0.49219075834485604,,,0.992347353406329
future_mid_relative_decline,variability,v2_var__endo_curve_dispersion_rms,101,-0.06859638905066977,0.49548703816318196,,,0.992347353406329
future_mid_relative_decline,transmural,v1_tm_mean_shape_gap_dct07,101,-0.0685264997087944,0.4959274174700996,,,0.992347353406329
future_mid_relative_decline,variability,d_var__endo_apical_basal_peak_gradient,101,0.06825859056493884,0.49761744174645384,,,0.992347353406329
future_mid_relative_decline,transmural,v1_tm_ttp_gap_iqr,101,-0.06803727431566686,0.49901582279018364,,,0.992347353406329
future_mid_relative_decline,variability,v1_var__mid_shape_incoherence,101,-0.06783925451368666,0.500268746565536,,,0.992347353406329
future_mid_relative_decline,transmural,v1_tm_mean_gap_dct08,101,0.06744321490972627,0.5027795151582851,,,0.992347353406329
future_mid_relative_decline,transmural,v1_tm_curve_rms_robust_sd,101,-0.06740827023878858,0.503001368029512,,,0.992347353406329
future_mid_relative_decline,variability,v1_var__endo_post_systolic_fraction,101,0.06721025043680838,0.5042594958376204,,,0.992347353406329
future_mid_relative_decline,transmural,v1_tm_mean_gap_dct06,101,0.06597553873034362,0.5121410115079165,,,0.992347353406329
future_mid_relative_decline,variability,d_var__endo_shape_pairwise_rmse,101,-0.06573092603377985,0.5137099185909941,,,0.992347353406329
future_mid_relative_decline,transmural,d_tm_curve_rms_robust_sd,101,0.06562609202096681,0.5143830605479057,,,0.992347353406329
future_mid_relative_decline,variability,v1_var__endo_shape_pairwise_rmse,101,-0.06534653465346534,0.5161803110259939,,,0.992347353406329
future_mid_relative_decline,variability,d_var__mid_curve_pairwise_rmse,101,-0.06529994175888176,0.5164801642234855,,,0.992347353406329
future_mid_relative_decline,transmural,d_tm_peak_gap_robust_sd,101,0.06474082702387884,0.5200853248964161,,,0.992347353406329
future_mid_relative_decline,variability,v2_var__endo_shape_dispersion_rms,101,-0.06401863715783343,0.5247608279692333,,,0.992347353406329
future_mid_relative_decline,transmural,d_tm_mean_shape_gap_dct02,101,-0.06341292952824694,0.5286984946211626,,,0.992347353406329
future_mid_relative_decline,transmural,v1_tm_segment_curve_correlation_iqr,101,0.06297029702970297,0.531585357787337,,,0.992347353406329
future_mid_relative_decline,transmural,d_tm_vendor_peak_gap_mean,101,0.06290040768782759,0.5320418964632321,,,0.992347353406329
future_mid_relative_decline,variability,d_var__mid_apical_basal_peak_gradient,101,0.06270238788584741,0.5333364838907991,,,0.992347353406329
future_mid_relative_decline,variability,v2_var__endo_curve_pairwise_rmse,101,-0.06227140361094932,0.5361595253791085,,,0.992347353406329
future_mid_relative_decline,variability,v2_var__mid_curve_dispersion_rms,101,-0.06203843913803144,0.5376885716564881,,,0.992347353406329
future_mid_relative_decline,variability,d_var__mid_curve_dispersion_rms,101,-0.06132789749563191,0.5423654409939291,,,0.992347353406329
future_mid_relative_decline,variability,v2_var__endo_spatial_peak_graph_roughness,101,-0.061106581246359926,0.5438262392093679,,,0.992347353406329
future_mid_relative_decline,variability,v1_var__mid_vendor_peak_systolic_abs_robust_sd,101,-0.06065230052417006,0.5468307449730778,,,0.992347353406329
future_mid_relative_decline,transmural,v1_tm_curve_rms_mean,101,0.05962725684333139,0.5536397319390807,,,0.992347353406329
future_mid_relative_decline,transmural,v2_tm_sd_gap_dct01,101,-0.05928945835760046,0.5558925268504322,,,0.992347353406329
future_mid_relative_decline,transmural,d_tm_mean_gap_dct06,101,0.05917297612114153,0.5566703728669237,,,0.992347353406329
future_mid_relative_decline,transmural,v1_tm_vendor_ttp_gap_median,101,-0.058963308095515435,0.5580718108182245,,,0.992347353406329
future_mid_relative_decline,variability,v2_var__endo_post_systolic_fraction,101,-0.0578567268491555,0.5654961485993059,,,0.992347353406329
future_mid_relative_decline,transmural,v1_tm_mean_gap_dct01,101,-0.05702970297029703,0.5710751989191343,,,0.992347353406329
future_mid_relative_decline,transmural,d_tm_segment_curve_correlation_median,101,-0.05690157251019219,0.5719418615623132,,,0.992347353406329
future_mid_relative_decline,transmural,v1_tm_segment_curve_correlation_robust_sd,101,-0.056505532906231795,0.5746245217674455,,,0.992347353406329
future_mid_relative_decline,transmural,v2_tm_vendor_ttp_gap_std,101,-0.056272568433313915,0.5762052909092137,,,0.992347353406329
future_mid_relative_decline,transmural,v2_tm_vendor_peak_gap_median,101,0.05626092020966803,0.5762843823823772,,,0.992347353406329
future_mid_relative_decline,transmural,v1_tm_mean_shape_gap_dct08,101,-0.05622597553873034,0.5765216870618042,,,0.992347353406329
future_mid_relative_decline,transmural,d_tm_vendor_ttp_gap_iqr,101,-0.05609784507862551,0.5773921922745133,,,0.992347353406329
future_mid_relative_decline,transmural,v1_tm_mean_shape_gap_dct01,101,0.056039603960396034,0.5777880778638764,,,0.992347353406329
future_mid_relative_decline,variability,d_var__endo_shape_dispersion_rms,101,-0.05567850902737332,0.5802453716643203,,,0.992347353406329
future_mid_relative_decline,transmural,v2_tm_fraction_ttp_discordant_gt_5pct_cycle,101,0.055270821199767034,0.5830255177079253,,,0.992347353406329
future_mid_relative_decline,transmural,d_tm_curve_abs_area_robust_sd,101,0.05521258008153756,0.5834231802897366,,,0.992347353406329
future_mid_relative_decline,variability,v2_var__mid_within_view_peak_robust_sd_mean,101,-0.054898078043098424,0.585572706131588,,,0.992347353406329
future_mid_relative_decline,transmural,d_tm_segment_curve_correlation_std,101,-0.05439720442632499,0.5890034797273969,,,0.992347353406329
future_mid_relative_decline,variability,d_var__mid_shape_dispersion_rms,101,-0.05404775771694816,0.5914024390175532,,,0.992347353406329
future_mid_relative_decline,transmural,d_tm_fraction_endo_peak_gt_mid,101,0.054036109493302266,0.59148248042362,,,0.992347353406329
future_mid_relative_decline,variability,v2_var__mid_shape_dispersion_rms,101,-0.0537798485730926,0.593244630039943,,,0.992347353406329
future_mid_relative_decline,transmural,v1_tm_peak_ratio_p90_p10,101,-0.05359347699475829,0.594527678751173,,,0.992347353406329
future_mid_relative_decline,transmural,v1_tm_sd_gap_dct05,101,-0.05245195107746068,0.6024134502303127,,,0.992347353406329
future_mid_relative_decline,transmural,v2_tm_ttp_layer_correlation,101,0.05225393127548049,0.6037860989181056,,,0.992347353406329
future_mid_relative_decline,transmural,v2_tm_mean_shape_gap_dct02,101,0.0512521840419336,0.6107511879394161,,,0.992347353406329
future_mid_relative_decline,variability,v1_var__endo_peak_abs_cv,101,-0.05089108910891088,0.6132704352750489,,,0.992347353406329
future_mid_relative_decline,variability,v1_var__mid_spatial_peak_graph_roughness,101,-0.05030867792661618,0.6173432226080036,,,0.992347353406329
future_mid_relative_decline,transmural,d_tm_vendor_peak_gap_median,101,0.04992428654630168,0.6200376347411451,,,0.992347353406329
future_mid_relative_decline,transmural,v1_tm_shape_rms_p90_p10,101,-0.04983110075713453,0.620691584609899,,,0.992347353406329
future_mid_relative_decline,transmural,d_tm_shape_rms_robust_sd,101,0.04945835760046593,0.62331033340982,,,0.992347353406329
future_mid_relative_decline,transmural,v2_tm_curve_rms_std,101,-0.04889924286546302,0.6272472579555024,,,0.992347353406329
future_mid_relative_decline,variability,d_var__mid_spatial_timing_graph_roughness,101,-0.04888759464181712,0.6273293889756187,,,0.992347353406329
future_mid_relative_decline,transmural,v2_tm_vendor_ttp_gap_median,101,0.048724519510774604,0.6284797003810968,,,0.992347353406329
future_mid_relative_decline,transmural,d_tm_sd_gap_dct04,101,0.048573092603377985,0.6295486427910351,,,0.992347353406329
future_mid_relative_decline,transmural,v1_tm_shape_rms_mean,101,-0.04760629004076878,0.636391378050134,,,0.992347353406329
future_mid_relative_decline,variability,d_var__endo_vendor_time_to_peak_norm_circular_std,101,-0.04736167734420501,0.638127556166816,,,0.992347353406329
future_mid_relative_decline,transmural,v1_tm_curve_rms_p90_p10,101,-0.04590564938846826,0.6485021609389992,,,0.992347353406329
future_mid_relative_decline,transmural,v1_tm_segment_curve_correlation_std,101,-0.045637740244612694,0.6504185052009082,,,0.992347353406329
future_mid_relative_decline,transmural,v2_tm_mean_gap_dct03,101,0.04545136866627839,0.6517529589565716,,,0.992347353406329
future_mid_relative_decline,transmural,v2_tm_vendor_peak_gap_mean,101,0.04429819452533488,0.6600341940255919,,,0.992347353406329
future_mid_relative_decline,transmural,v1_tm_curve_abs_area_iqr,101,-0.04403028538147932,0.6619640494570939,,,0.992347353406329
future_mid_relative_decline,variability,v1_var__mid_curve_integrated_robust_mad,101,0.04399534071054164,0.6622159331714724,,,0.992347353406329
future_mid_relative_decline,transmural,v2_tm_mean_shape_gap_dct06,101,0.043843913803145014,0.6633078638886238,,,0.992347353406329
future_mid_relative_decline,variability,v2_var__endo_apical_basal_peak_gradient,101,-0.043168316831683165,0.6681881134196082,,,0.992347353406329
future_mid_relative_decline,transmural,v1_tm_fraction_endo_peak_gt_mid,101,0.042737332556785086,0.6713086238377052,,,0.992347353406329
future_mid_relative_decline,transmural,d_tm_peak_gap_p90_p10,101,0.042504368083867206,0.6729977168591408,,,0.992347353406329
future_mid_relative_decline,transmural,d_tm_mean_shape_gap_dct05,101,-0.04215492137449038,0.675534402987516,,,0.992347353406329
future_mid_relative_decline,variability,d_var__mid_vendor_time_to_peak_norm_circular_std,101,-0.041887012230634825,0.6774816578365908,,,0.992347353406329
future_mid_relative_decline,variability,d_var__mid_time_to_peak_norm_circular_std,101,-0.04185206755969714,0.6777358044695041,,,0.992347353406329
future_mid_relative_decline,transmural,d_tm_curve_abs_area_mean,101,0.04030285381479324,0.6890389016319511,,,0.992347353406329
future_mid_relative_decline,transmural,v2_tm_vendor_peak_gap_robust_sd,101,-0.04020966802562609,0.6897210023545006,,,0.992347353406329
future_mid_relative_decline,variability,v1_var__mid_peak_abs_robust_sd,101,-0.039976703552708215,0.6914273396710502,,,0.992347353406329
future_mid_relative_decline,variability,v2_var__mid_peak_abs_cv,101,-0.03925451368666278,0.6967267674391338,,,0.992347353406329
future_mid_relative_decline,variability,v1_var__mid_peak_abs_cv,101,-0.03813628421665696,0.7049610851627353,,,0.992347353406329
future_mid_relative_decline,transmural,d_tm_sd_gap_dct05,101,0.037845078625509614,0.7071110835342449,,,0.992347353406329
future_mid_relative_decline,transmural,v2_tm_sd_gap_dct03,101,0.03702970297029703,0.7131432813884893,,,0.992347353406329
future_mid_relative_decline,transmural,v1_tm_mean_shape_gap_dct06,101,-0.03697146185206756,0.7135748346222,,,0.992347353406329
future_mid_relative_decline,variability,d_var__endo_within_ring_peak_robust_sd_mean,101,-0.03679673849737915,0.7148700354462917,,,0.992347353406329
future_mid_relative_decline,variability,d_var__mid_impaired_segment_fraction_lt15,101,-0.03675014560279557,0.7152155591160394,,,0.992347353406329
future_mid_relative_decline,transmural,d_tm_segment_curve_correlation_mean,101,0.036610366919044846,0.716252474699228,,,0.992347353406329
future_mid_relative_decline,transmural,v2_tm_peak_gap_iqr,101,-0.03651718112987769,0.7169440382640211,,,0.992347353406329
future_mid_relative_decline,variability,v2_var__endo_peak_abs_cv,101,-0.03642399534071054,0.7176358304424008,,,0.992347353406329
future_mid_relative_decline,transmural,v1_tm_sd_gap_dct03,101,0.03630751310425161,0.7185008913767567,,,0.992347353406329
future_mid_relative_decline,transmural,d_tm_ttp_gap_mean,101,-0.03620267909143856,0.7192797501265767,,,0.992347353406329
future_mid_relative_decline,variability,d_var__mid_peak_abs_cv,101,-0.03511939429237042,0.727344638979639,,,0.992347353406329
future_mid_relative_decline,transmural,v2_tm_mean_gap_dct08,101,0.03497961560861968,0.7283874615437087,,,0.992347353406329
future_mid_relative_decline,transmural,v1_tm_shape_rms_std,101,-0.03464181712288875,0.7309096575146818,,,0.992347353406329
future_mid_relative_decline,transmural,v2_tm_shape_rms_iqr,101,-0.03464181712288875,0.7309096575146818,,,0.992347353406329
future_mid_relative_decline,transmural,v2_tm_segment_curve_correlation_robust_sd,101,0.033162492719860215,0.7419885879377133,,,0.992347353406329
future_mid_relative_decline,transmural,d_tm_vendor_peak_gap_p90_p10,101,0.03244030285381479,0.7474165485539552,,,0.992347353406329
future_mid_relative_decline,transmural,d_tm_mean_shape_gap_dct01,101,0.032102504368083866,0.7499596919166818,,,0.992347353406329
future_mid_relative_decline,transmural,v1_tm_curve_rms_std,101,-0.03160163075131042,0.7537354837472188,,,0.992347353406329
future_mid_relative_decline,transmural,d_tm_sd_gap_dct02,101,-0.03155503785672684,0.7540870167171135,,,0.992347353406329
future_mid_relative_decline,transmural,d_tm_segment_curve_correlation_iqr,101,-0.03146185206755969,0.754790233150316,,,0.992347353406329
future_mid_relative_decline,transmural,d_tm_mean_gap_dct08,101,-0.03118229470005824,0.7569010815620872,,,0.992347353406329
future_mid_relative_decline,transmural,v2_tm_vendor_ttp_gap_iqr,101,-0.03089108910891089,0.7591017824054588,,,0.992347353406329
future_mid_relative_decline,transmural,v1_tm_shape_rms_iqr,101,-0.03085614443797321,0.7593659960543401,,,0.992347353406329
future_mid_relative_decline,transmural,v1_tm_consensus_curve_correlation,101,0.030681421083284796,0.7606874786610195,,,0.992347353406329
future_mid_relative_decline,transmural,v2_tm_vendor_peak_gap_iqr,101,0.030040768782760626,0.7655387738455025,,,0.992347353406329
future_mid_relative_decline,transmural,d_tm_curve_abs_area_median,101,0.030005824111822947,0.7658036524975234,,,0.992347353406329
future_mid_relative_decline,variability,v1_var__endo_shape_dispersion_rms,101,-0.02991263832265579,0.766510127325944,,,0.992347353406329
future_mid_relative_decline,transmural,v1_tm_vendor_peak_gap_mean,101,-0.029866045428072217,0.7668634364795782,,,0.992347353406329
future_mid_relative_decline,transmural,v2_tm_curve_rms_robust_sd,101,-0.02935352358765288,0.7707529726972824,,,0.992347353406329
future_mid_relative_decline,variability,v2_var__endo_within_view_peak_robust_sd_mean,101,-0.029167152009318575,0.772168763810339,,,0.992347353406329
future_mid_relative_decline,transmural,v1_tm_curve_abs_area_std,101,-0.02841001747233547,0.7779280542904033,,,0.992347353406329
future_mid_relative_decline,variability,v1_var__mid_within_ring_peak_robust_sd_mean,101,-0.02824694234129295,0.7791701027443557,,,0.992347353406329
future_mid_relative_decline,transmural,d_tm_peak_ratio_robust_sd,101,0.028013977868375072,0.7809454206306511,,,0.992347353406329
future_mid_relative_decline,transmural,v2_tm_segment_curve_correlation_iqr,101,0.027874199184624342,0.7820111519641921,,,0.992347353406329
future_mid_relative_decline,transmural,d_tm_curve_rms_mean,101,0.027524752475247518,0.7846772400445874,,,0.992347353406329
future_mid_relative_decline,transmural,v1_tm_sd_gap_dct01,101,-0.027419918462434478,0.7854775534465596,,,0.992347353406329
future_mid_relative_decline,variability,v1_var__mid_impaired_segment_fraction_lt15,101,-0.027012230634828188,0.7885919992895807,,,0.992347353406329
future_mid_relative_decline,transmural,d_tm_sd_gap_dct01,101,-0.026977285963890506,0.7888591074526583,,,0.992347353406329
future_mid_relative_decline,variability,d_var__endo_peak_abs_cv,101,-0.02676761793826441,0.7904622687253697,,,0.992347353406329
future_mid_relative_decline,transmural,v2_tm_mean_gap_dct05,101,-0.02648806057076296,0.7926011749436204,,,0.992347353406329
future_mid_relative_decline,transmural,v2_tm_vendor_ttp_gap_p90_p10,101,-0.02644146767617938,0.79295780924644,,,0.992347353406329
future_mid_relative_decline,variability,d_var__mid_shape_incoherence,101,-0.026418171228887594,0.7931361423963816,,,0.992347353406329
future_mid_relative_decline,transmural,v2_tm_sd_gap_dct05,101,0.026185206755969713,0.7949200584174625,,,0.992347353406329
future_mid_relative_decline,transmural,v2_tm_consensus_curve_correlation,101,-0.025859056493884678,0.7974193139960244,,,0.992347353406329
future_mid_relative_decline,transmural,d_tm_mean_gap_dct05,101,0.025369831100757134,0.8011720275992931,,,0.992347353406329
future_mid_relative_decline,transmural,d_tm_curve_abs_area_p90_p10,101,-0.024903902154921373,0.8047502473786505,,,0.992347353406329
future_mid_relative_decline,variability,d_var__endo_impaired_segment_fraction_lt15,101,-0.024484566103669187,0.8079740947126471,,,0.992347353406329
future_mid_relative_decline,transmural,d_tm_mean_shape_gap_dct08,101,0.023610949330227136,0.8147007065068292,,,0.992347353406329
future_mid_relative_decline,variability,v2_var__mid_post_systolic_fraction,101,-0.022772277227722768,0.8211709413689138,,,0.992347353406329
future_mid_relative_decline,transmural,d_tm_ttp_gap_iqr,101,0.022597553873034363,0.8225204318145722,,,0.992347353406329
future_mid_relative_decline,variability,v1_var__endo_spatial_peak_graph_roughness,101,-0.02257425742574257,0.8227004030344122,,,0.992347353406329
future_mid_relative_decline,variability,v1_var__endo_spatial_timing_graph_roughness,101,-0.022224810716365756,0.8254010685569982,,,0.992347353406329
future_mid_relative_decline,transmural,v1_tm_vendor_peak_gap_median,101,0.02211997670355271,0.8262116666787448,,,0.992347353406329
future_mid_relative_decline,transmural,d_tm_vendor_peak_gap_std,101,-0.022026790914385554,0.8269323515296111,,,0.992347353406329
future_mid_relative_decline,variability,d_var__endo_spatial_timing_graph_roughness,101,0.021793826441467674,0.8287346905196976,,,0.992347353406329
future_mid_relative_decline,variability,v2_var__endo_vendor_time_to_peak_norm_circular_std,101,-0.021782178217821777,0.8288248308616316,,,0.992347353406329
future_mid_relative_decline,transmural,d_tm_segment_curve_correlation_p90_p10,101,-0.020896913220733837,0.8356819082042845,,,0.992347353406329
future_mid_relative_decline,variability,d_var__endo_within_view_peak_robust_sd_mean,101,-0.02083867210250437,0.8361334691336595,,,0.992347353406329
future_mid_relative_decline,variability,d_var__endo_time_to_peak_norm_circular_std,101,-0.02059405940594059,0.8380306041738276,,,0.992347353406329
future_mid_relative_decline,transmural,v2_tm_shape_rms_robust_sd,101,0.020104834012813044,0.8418276466027513,,,0.992347353406329
future_mid_relative_decline,variability,d_var__endo_spatial_peak_graph_roughness,101,-0.01988351776354106,0.8435465525044362,,,0.992347353406329
future_mid_relative_decline,transmural,d_tm_mean_shape_gap_dct06,101,0.01938264414676762,0.8474394066553306,,,0.992347353406329
future_mid_relative_decline,transmural,v1_tm_peak_gap_median,101,0.018811881188118808,0.8518799172202502,,,0.992347353406329
future_mid_relative_decline,variability,d_var__mid_within_ring_peak_robust_sd_mean,101,-0.018532323820617355,0.8540565584153612,,,0.992347353406329
future_mid_relative_decline,variability,v1_var__mid_vendor_time_to_peak_norm_circular_std,101,-0.018427489807804308,0.8548730818984012,,,0.992347353406329
future_mid_relative_decline,transmural,d_tm_curve_rms_median,101,-0.018311007571345368,0.8557805097056684,,,0.992347353406329
future_mid_relative_decline,transmural,v2_tm_ttp_gap_std,101,-0.01819452533488643,0.8566881253348655,,,0.992347353406329
future_mid_relative_decline,variability,v2_var__endo_time_to_peak_norm_circular_std,101,-0.018066394874781594,0.8576867180803095,,,0.992347353406329
future_mid_relative_decline,variability,v1_var__mid_curve_dispersion_rms,101,0.017949912638322654,0.8585947243683965,,,0.992347353406329
future_mid_relative_decline,variability,v1_var__mid_shape_dispersion_rms,101,0.01791496796738497,0.8588671622329226,,,0.992347353406329
future_mid_relative_decline,transmural,v1_tm_peak_ratio_median,101,-0.017891671520093185,0.8590487966721214,,,0.992347353406329
future_mid_relative_decline,transmural,d_tm_curve_rms_p90_p10,101,-0.01715783343040186,0.8647739934953611,,,0.992347353406329
future_mid_relative_decline,transmural,v2_tm_ttp_gap_p90_p10,101,0.01712288875946418,0.8650467987898873,,,0.992347353406329
future_mid_relative_decline,transmural,d_tm_peak_layer_correlation,101,-0.016994758299359345,0.8660472201406004,,,0.992347353406329
future_mid_relative_decline,transmural,v2_tm_curve_rms_p90_p10,101,-0.01694816540477577,0.8664110622160209,,,0.992347353406329
future_mid_relative_decline,transmural,v1_tm_curve_abs_area_robust_sd,101,-0.016936517181129877,0.8665020270937941,,,0.992347353406329
future_mid_relative_decline,transmural,v2_tm_curve_abs_area_iqr,101,0.016179382644146766,0.8724184257483064,,,0.992347353406329
future_mid_relative_decline,transmural,d_tm_mean_shape_gap_dct04,101,0.015888177052999417,0.8746958547622516,,,0.992347353406329
future_mid_relative_decline,transmural,d_tm_curve_rms_std,101,-0.015562026790914382,0.8772477883956022,,,0.992347353406329
future_mid_relative_decline,variability,d_var__mid_spatial_peak_graph_roughness,101,-0.015538730343622596,0.8774301177739204,,,0.992347353406329
future_mid_relative_decline,transmural,d_tm_consensus_curve_correlation,101,-0.015061153174140942,0.8811692678494163,,,0.992347353406329
future_mid_relative_decline,transmural,v1_tm_peak_layer_correlation,101,-0.014595224228305184,0.8848197353858489,,,0.992347353406329
future_mid_relative_decline,transmural,d_tm_peak_ratio_mean,101,-0.0139778683750728,0.8896603033204005,,,0.992347353406329
future_mid_relative_decline,variability,v1_var__mid_spatial_timing_graph_roughness,101,0.013640069889341876,0.8923106432860499,,,0.992347353406329
future_mid_relative_decline,transmural,v2_tm_curve_rms_iqr,101,0.01327897495631916,0.895145075009886,,,0.992347353406329
future_mid_relative_decline,variability,v1_var__endo_curve_integrated_robust_mad,101,-0.012871287128712872,0.8983468231459739,,,0.992347353406329
future_mid_relative_decline,transmural,v2_tm_peak_layer_correlation,101,0.0128130460104834,0.8988043500151884,,,0.992347353406329
future_mid_relative_decline,transmural,v1_tm_peak_gap_mean,101,-0.01271986022131625,0.899536461844514,,,0.992347353406329
future_mid_relative_decline,transmural,d_tm_shape_rms_iqr,101,0.012428654630168897,0.9018248511884697,,,0.992347353406329
future_mid_relative_decline,variability,v2_var__mid_spatial_timing_graph_roughness,101,-0.01188118811881188,0.906129184063741,,,0.992347353406329
future_mid_relative_decline,variability,v1_var__endo_within_ring_peak_robust_sd_mean,101,-0.01170646476412347,0.9075034851624056,,,0.992347353406329
future_mid_relative_decline,transmural,d_tm_peak_ratio_iqr,101,0.011205591147350029,0.911444645981546,,,0.992347353406329
future_mid_relative_decline,transmural,d_tm_peak_gap_median,101,-0.011158998252766452,0.9118113761741078,,,0.992347353406329
future_mid_relative_decline,variability,d_var__mid_within_view_peak_robust_sd_mean,101,-0.010762958648806057,0.9149293219674923,,,0.992347353406329
future_mid_relative_decline,variability,v1_var__endo_time_to_peak_norm_circular_std,101,-0.010215492137449038,0.9192415371179085,,,0.992347353406329
future_mid_relative_decline,variability,v1_var__mid_time_to_peak_norm_circular_std,101,-0.009446709376820035,0.925300910380136,,,0.992347353406329
future_mid_relative_decline,transmural,v2_tm_peak_ratio_mean,101,0.009423412929528245,0.9254845961549721,,,0.992347353406329
future_mid_relative_decline,transmural,v2_tm_curve_abs_area_std,101,-0.009306930693069307,0.9264030835159349,,,0.992347353406329
future_mid_relative_decline,transmural,v2_tm_segment_curve_correlation_median,101,0.009178800232964471,0.9274135311383842,,,0.992347353406329
future_mid_relative_decline,transmural,v1_tm_shape_rms_median,101,-0.00905066977285964,0.9284240940491122,,,0.992347353406329
future_mid_relative_decline,transmural,v2_tm_peak_ratio_median,101,-0.009039021549213743,0.9285159690662272,,,0.992347353406329
future_mid_relative_decline,variability,v1_var__endo_vendor_time_to_peak_norm_circular_std,101,-0.009015725101921956,0.9286997219144573,,,0.992347353406329
future_mid_relative_decline,variability,d_var__endo_shape_incoherence,101,-0.008899242865463017,0.929618542123606,,,0.992347353406329
future_mid_relative_decline,transmural,v1_tm_fraction_ttp_discordant_gt_5pct_cycle,101,0.008817705299941758,0.9302617713193378,,,0.992347353406329
future_mid_relative_decline,variability,v1_var__mid_shape_pairwise_rmse,101,-0.008806057076295866,0.9303536648764288,,,0.992347353406329
future_mid_relative_decline,transmural,v1_tm_curve_abs_area_p90_p10,101,-0.008538147932440303,0.9324674666320993,,,0.992347353406329
future_mid_relative_decline,transmural,v2_tm_vendor_ttp_gap_robust_sd,101,-0.008526499708794408,0.932559381803227,,,0.992347353406329
future_mid_relative_decline,transmural,d_tm_shape_rms_p90_p10,101,-0.00850320326150262,0.9327432148009915,,,0.992347353406329
future_mid_relative_decline,transmural,d_tm_sd_gap_dct03,101,-0.008013977868375072,0.9366045089938186,,,0.992347353406329
future_mid_relative_decline,transmural,d_tm_peak_gap_std,101,-0.007874199184624344,0.9377080095887927,,,0.992347353406329
future_mid_relative_decline,transmural,v2_tm_curve_abs_area_p90_p10,101,-0.007711124053581828,0.9389955757227498,,,0.992347353406329
future_mid_relative_decline,transmural,v1_tm_segment_curve_correlation_p90_p10,101,-0.007699475829935935,0.9390875507818497,,,0.992347353406329
future_mid_relative_decline,transmural,d_tm_shape_rms_median,101,0.0075364006988934175,0.9403752850808975,,,0.992347353406329
future_mid_relative_decline,transmural,v2_tm_mean_shape_gap_dct08,101,0.007326732673267326,0.9420311686016354,,,0.992347353406329
future_mid_relative_decline,variability,v1_var__endo_curve_pairwise_rmse,101,0.007012230634828189,0.9445154543882548,,,0.992347353406329
future_mid_relative_decline,transmural,v2_tm_mean_shape_gap_dct05,101,-0.006802562609202097,0.9461719416669359,,,0.992347353406329
future_mid_relative_decline,variability,v1_var__mid_curve_pairwise_rmse,101,0.006651135701805474,0.9473684365380535,,,0.992347353406329
future_mid_relative_decline,variability,v1_var__endo_curve_dispersion_rms,101,0.006266744321490971,0.9504062116653902,,,0.9925840021239134
future_mid_relative_decline,transmural,v1_tm_mean_shape_gap_dct05,101,0.005160163075131042,0.959155133684885,,,0.9979383153065071
future_mid_relative_decline,transmural,d_tm_curve_abs_area_std,101,-0.004053581828771112,0.9679089030147185,,,0.9979383153065071
future_mid_relative_decline,transmural,v1_tm_segment_curve_correlation_mean,101,0.0032265579499126383,0.9744537384604941,,,0.9979383153065071
future_mid_relative_decline,transmural,v1_tm_shape_rms_robust_sd,101,0.0031217239370995922,0.9752834955039319,,,0.9979383153065071
future_mid_relative_decline,transmural,d_tm_peak_gap_mean,101,-0.0024810716365754218,0.9803547726166273,,,0.9979383153065071
future_mid_relative_decline,transmural,d_tm_mean_gap_dct03,101,0.0017821782178217822,0.98588795977062,,,0.9979383153065071
future_mid_relative_decline,transmural,v2_tm_shape_rms_median,101,0.001549213744903902,0.9877325169992766,,,0.9979383153065071
future_mid_relative_decline,transmural,d_tm_vendor_ttp_gap_mean,101,-0.001432731508444962,0.9886548204365193,,,0.9979383153065071
future_mid_relative_decline,variability,v2_var__mid_vendor_time_to_peak_norm_circular_std,101,0.0013977868375072801,0.9889315144343603,,,0.9979383153065071
future_mid_relative_decline,transmural,v2_tm_curve_abs_area_robust_sd,101,0.001269656377402446,0.9899460700600474,,,0.9979383153065071
future_mid_relative_decline,transmural,d_tm_mean_gap_dct07,101,-0.0007804309842748981,0.993819961209399,,,0.9979383153065071
future_mid_relative_decline,transmural,v2_tm_ttp_gap_iqr,101,0.00075713453698311,0.994004436507341,,,0.9979383153065071
future_mid_relative_decline,variability,v2_var__mid_time_to_peak_norm_circular_std,101,0.000733838089691322,0.9941889121209097,,,0.9979383153065071
future_mid_relative_decline,transmural,v2_tm_peak_gap_median,101,0.0006173558532323821,0.9951112945832592,,,0.9979383153065071
future_mid_relative_decline,transmural,d_tm_peak_ratio_median,101,-2.3296447291788e-05,0.9998155194152458,,,0.9998155194152458
